Pharokka_phi6A_CDS_0001	Pharokka_phiMA004_CDS_0001	99.791	479	1011
Pharokka_phi6A_CDS_0001	Pharokka_phiMA002_CDS_0001	99.791	479	1011
Pharokka_phi6A_CDS_0001	Pharokka_phiMA001_CDS_0001	99.791	479	1011
Pharokka_phi6A_CDS_0001	Pharokka_PV_12_CDS_0001	99.791	479	1011
Pharokka_phi6A_CDS_0001	Pharokka_phi7A_CDS_0001	99.791	479	1011
Pharokka_phi6A_CDS_0001	Pharokka_PV_7BP_CDS_0001	100.000	479	1010
Pharokka_phi6A_CDS_0001	Pharokka_phi6A_CDS_0001	100.000	479	1010
Pharokka_phi6A_CDS_0001	Pharokka_phi11_CDS_0001	99.582	479	1009
Pharokka_phi6A_CDS_0002	Pharokka_phi6A_CDS_0002	100.000	220	454
Pharokka_phi6A_CDS_0002	Pharokka_PV_7BP_CDS_0002	99.545	220	452
Pharokka_phi6A_CDS_0002	Pharokka_phiMA004_CDS_0002	97.273	220	445
Pharokka_phi6A_CDS_0002	Pharokka_phiMA002_CDS_0002	97.273	220	445
Pharokka_phi6A_CDS_0002	Pharokka_phiMA001_CDS_0002	97.273	220	445
Pharokka_phi6A_CDS_0002	Pharokka_phi11_CDS_0002	97.706	218	442
Pharokka_phi6A_CDS_0002	Pharokka_phi7A_CDS_0002	96.774	217	437
Pharokka_phi6A_CDS_0002	Pharokka_PV_12_CDS_0002	95.909	220	437
Pharokka_phi6A_CDS_0003	Pharokka_PV_7BP_CDS_0003	100.000	608	1256
Pharokka_phi6A_CDS_0003	Pharokka_phi6A_CDS_0003	100.000	608	1256
Pharokka_phi6A_CDS_0003	Pharokka_phi7A_CDS_0003	98.684	608	1244
Pharokka_phi6A_CDS_0003	Pharokka_PV_12_CDS_0003	99.497	596	1229
Pharokka_phi6A_CDS_0003	Pharokka_phi11_CDS_0003	99.329	596	1229
Pharokka_phi6A_CDS_0003	Pharokka_phiMA004_CDS_0003	98.490	596	1218
Pharokka_phi6A_CDS_0003	Pharokka_phiMA002_CDS_0003	98.490	596	1218
Pharokka_phi6A_CDS_0003	Pharokka_phiMA001_CDS_0003	98.490	596	1218
Pharokka_phi6A_CDS_0004	Pharokka_PV_7BP_CDS_0004	100.000	139	287
Pharokka_phi6A_CDS_0004	Pharokka_phi6A_CDS_0004	100.000	139	287
Pharokka_phi6A_CDS_0004	Pharokka_phi11_CDS_0004	97.842	139	282
Pharokka_phi6A_CDS_0004	Pharokka_phiMA004_CDS_0004	97.842	139	281
Pharokka_phi6A_CDS_0004	Pharokka_phiMA002_CDS_0004	97.842	139	281
Pharokka_phi6A_CDS_0004	Pharokka_phiMA001_CDS_0004	97.842	139	281
Pharokka_phi6A_CDS_0004	Pharokka_phi7A_CDS_0004	97.122	139	280
Pharokka_phi6A_CDS_0004	Pharokka_PV_12_CDS_0004	95.683	139	276
Pharokka_phi6A_CDS_0005	Pharokka_PV_7BP_CDS_0005	100.000	317	632
Pharokka_phi6A_CDS_0005	Pharokka_phi6A_CDS_0005	100.000	317	632
Pharokka_phi6A_CDS_0005	Pharokka_phi7A_CDS_0005	98.738	317	625
Pharokka_phi6A_CDS_0005	Pharokka_phi11_CDS_0005	98.738	317	625
Pharokka_phi6A_CDS_0005	Pharokka_phiMA004_CDS_0005	98.423	317	624
Pharokka_phi6A_CDS_0005	Pharokka_phiMA002_CDS_0005	98.423	317	624
Pharokka_phi6A_CDS_0005	Pharokka_phiMA001_CDS_0005	98.423	317	624
Pharokka_phi6A_CDS_0005	Pharokka_PV_12_CDS_0005	98.107	317	622
Pharokka_phi6A_CDS_0006	Pharokka_PV_7BP_CDS_0006	100.000	371	766
Pharokka_phi6A_CDS_0006	Pharokka_phi6A_CDS_0006	100.000	371	766
Pharokka_phi6A_CDS_0006	Pharokka_phi11_CDS_0006	99.730	371	764
Pharokka_phi6A_CDS_0006	Pharokka_phi7A_CDS_0006	99.191	371	761
Pharokka_phi6A_CDS_0006	Pharokka_PV_12_CDS_0006	98.652	371	758
Pharokka_phi6A_CDS_0006	Pharokka_phiMA002_CDS_0006	98.383	371	753
Pharokka_phi6A_CDS_0006	Pharokka_phiMA001_CDS_0006	98.383	371	753
Pharokka_phi6A_CDS_0006	Pharokka_phiMA004_CDS_0006	98.113	371	751
Pharokka_phi6A_CDS_0007	Pharokka_phi6A_CDS_0007	100.000	473	952
Pharokka_phi6A_CDS_0007	Pharokka_PV_7BP_CDS_0007	99.789	473	952
Pharokka_phi6A_CDS_0007	Pharokka_phi11_CDS_0007	84.599	474	794
Pharokka_phi6A_CDS_0007	Pharokka_PV_12_CDS_0007	62.424	495	579
Pharokka_phi6A_CDS_0007	Pharokka_phi7A_CDS_0007	40.313	511	278
Pharokka_phi6A_CDS_0008	Pharokka_PV_7BP_CDS_0008	100.000	69	142
Pharokka_phi6A_CDS_0008	Pharokka_phi6A_CDS_0008	100.000	69	142
Pharokka_phi6A_CDS_0008	Pharokka_phi11_CDS_0008	98.551	69	140
Pharokka_phi6A_CDS_0008	Pharokka_PV_12_CDS_0008	94.203	69	137
Pharokka_phi6A_CDS_0008	Pharokka_phi7A_CDS_0008	86.957	69	130
Pharokka_phi6A_CDS_0008	Pharokka_phiMA004_CDS_0007	88.462	26	48.5
Pharokka_phi6A_CDS_0008	Pharokka_phiMA002_CDS_0007	88.462	26	48.5
Pharokka_phi6A_CDS_0008	Pharokka_phiMA001_CDS_0007	88.462	26	48.5
Pharokka_phi6A_CDS_0009	Pharokka_PV_7BP_CDS_0009	100.000	432	898
Pharokka_phi6A_CDS_0009	Pharokka_phi6A_CDS_0009	100.000	432	898
Pharokka_phi6A_CDS_0009	Pharokka_phi11_CDS_0009	99.769	432	896
Pharokka_phi6A_CDS_0009	Pharokka_PV_12_CDS_0009	99.769	432	895
Pharokka_phi6A_CDS_0009	Pharokka_phiMA004_CDS_0008	99.537	432	895
Pharokka_phi6A_CDS_0009	Pharokka_phiMA002_CDS_0008	99.537	432	895
Pharokka_phi6A_CDS_0009	Pharokka_phiMA001_CDS_0008	99.537	432	895
Pharokka_phi6A_CDS_0009	Pharokka_phi7A_CDS_0009	99.306	432	893
Pharokka_phi6A_CDS_0010	Pharokka_PV_7BP_CDS_0010	100.000	146	297
Pharokka_phi6A_CDS_0010	Pharokka_phi7A_CDS_0010	100.000	146	297
Pharokka_phi6A_CDS_0010	Pharokka_phi6A_CDS_0010	100.000	146	297
Pharokka_phi6A_CDS_0010	Pharokka_PV_12_CDS_0010	99.315	146	296
Pharokka_phi6A_CDS_0010	Pharokka_phiMA004_CDS_0009	99.315	146	296
Pharokka_phi6A_CDS_0010	Pharokka_phiMA002_CDS_0009	99.315	146	296
Pharokka_phi6A_CDS_0010	Pharokka_phiMA001_CDS_0009	99.315	146	296
Pharokka_phi6A_CDS_0010	Pharokka_phi11_CDS_0010	99.315	146	296
Pharokka_phi6A_CDS_0011	Pharokka_PV_7BP_CDS_0011	100.000	211	434
Pharokka_phi6A_CDS_0011	Pharokka_phi6A_CDS_0011	100.000	211	434
Pharokka_phi6A_CDS_0011	Pharokka_phiMA004_CDS_0010	99.526	211	434
Pharokka_phi6A_CDS_0011	Pharokka_phiMA002_CDS_0010	99.526	211	434
Pharokka_phi6A_CDS_0011	Pharokka_phiMA001_CDS_0010	99.526	211	434
Pharokka_phi6A_CDS_0011	Pharokka_PV_12_CDS_0011	99.526	211	434
Pharokka_phi6A_CDS_0011	Pharokka_phi11_CDS_0011	98.578	211	432
Pharokka_phi6A_CDS_0011	Pharokka_phi7A_CDS_0011	98.578	211	432
Pharokka_phi6A_CDS_0012	Pharokka_PV_7BP_CDS_0012	100.000	87	170
Pharokka_phi6A_CDS_0012	Pharokka_phi6A_CDS_0012	100.000	87	170
Pharokka_phi6A_CDS_0012	Pharokka_phiMA004_CDS_0011	97.701	87	169
Pharokka_phi6A_CDS_0012	Pharokka_phiMA002_CDS_0011	97.701	87	169
Pharokka_phi6A_CDS_0012	Pharokka_phiMA001_CDS_0011	97.701	87	169
Pharokka_phi6A_CDS_0012	Pharokka_PV_12_CDS_0012	97.701	87	169
Pharokka_phi6A_CDS_0012	Pharokka_phi11_CDS_0012	97.701	87	169
Pharokka_phi6A_CDS_0012	Pharokka_phi7A_CDS_0012	97.701	87	169
Pharokka_phi6A_CDS_0013	Pharokka_PV_7BP_CDS_0013	100.000	253	513
Pharokka_phi6A_CDS_0013	Pharokka_phi6A_CDS_0013	100.000	253	513
Pharokka_phi6A_CDS_0013	Pharokka_PV_12_CDS_0013	98.814	253	509
Pharokka_phi6A_CDS_0013	Pharokka_phi11_CDS_0013	98.814	253	509
Pharokka_phi6A_CDS_0013	Pharokka_phi7A_CDS_0013	98.814	253	509
Pharokka_phi6A_CDS_0013	Pharokka_phiMA004_CDS_0012	98.814	253	509
Pharokka_phi6A_CDS_0013	Pharokka_phiMA002_CDS_0012	98.814	253	509
Pharokka_phi6A_CDS_0013	Pharokka_phiMA001_CDS_0012	98.814	253	509
Pharokka_phi6A_CDS_0014	Pharokka_PV_7BP_CDS_0014	100.000	1181	2363
Pharokka_phi6A_CDS_0014	Pharokka_phi6A_CDS_0014	100.000	1181	2363
Pharokka_phi6A_CDS_0014	Pharokka_phi11_CDS_0014	99.492	1181	2353
Pharokka_phi6A_CDS_0014	Pharokka_PV_12_CDS_0014	99.323	1181	2352
Pharokka_phi6A_CDS_0014	Pharokka_phi7A_CDS_0014	99.407	1181	2351
Pharokka_phi6A_CDS_0014	Pharokka_phiMA004_CDS_0013	99.238	1181	2350
Pharokka_phi6A_CDS_0014	Pharokka_phiMA002_CDS_0013	99.238	1181	2350
Pharokka_phi6A_CDS_0014	Pharokka_phiMA001_CDS_0013	99.238	1181	2350
Pharokka_phi6A_CDS_0015	Pharokka_PV_7BP_CDS_0015	100.000	726	1504
Pharokka_phi6A_CDS_0015	Pharokka_phi6A_CDS_0015	100.000	726	1504
Pharokka_phi6A_CDS_0015	Pharokka_PV_12_CDS_0015	97.796	726	1473
Pharokka_phi6A_CDS_0015	Pharokka_phiMA004_CDS_0014	97.658	726	1472
Pharokka_phi6A_CDS_0015	Pharokka_phiMA002_CDS_0014	97.658	726	1472
Pharokka_phi6A_CDS_0015	Pharokka_phiMA001_CDS_0014	97.658	726	1472
Pharokka_phi6A_CDS_0015	Pharokka_phi11_CDS_0015	97.658	726	1472
Pharokka_phi6A_CDS_0015	Pharokka_phi7A_CDS_0015	97.658	726	1472
Pharokka_phi6A_CDS_0016	Pharokka_PV_7BP_CDS_0016	100.000	1566	3200
Pharokka_phi6A_CDS_0016	Pharokka_phi6A_CDS_0016	100.000	1566	3200
Pharokka_phi6A_CDS_0016	Pharokka_phi7A_CDS_0016	87.298	1606	2696
Pharokka_phi6A_CDS_0016	Pharokka_phi11_CDS_0016	87.111	1606	2689
Pharokka_phi6A_CDS_0016	Pharokka_phiMA004_CDS_0015	95.459	969	1823
Pharokka_phi6A_CDS_0016	Pharokka_phiMA004_CDS_0015	97.819	596	1179
Pharokka_phi6A_CDS_0016	Pharokka_phiMA002_CDS_0015	95.459	969	1823
Pharokka_phi6A_CDS_0016	Pharokka_phiMA002_CDS_0015	97.819	596	1179
Pharokka_phi6A_CDS_0016	Pharokka_phiMA001_CDS_0015	95.459	969	1823
Pharokka_phi6A_CDS_0016	Pharokka_phiMA001_CDS_0015	97.819	596	1179
Pharokka_phi6A_CDS_0016	Pharokka_PV_12_CDS_0016	95.769	969	1823
Pharokka_phi6A_CDS_0016	Pharokka_PV_12_CDS_0016	95.477	597	1155
Pharokka_phi6A_CDS_0017	Pharokka_PV_7BP_CDS_0017	100.000	105	207
Pharokka_phi6A_CDS_0017	Pharokka_phi6A_CDS_0017	100.000	105	207
Pharokka_phi6A_CDS_0017	Pharokka_phiMA004_CDS_0016	94.286	105	196
Pharokka_phi6A_CDS_0017	Pharokka_phiMA002_CDS_0016	94.286	105	196
Pharokka_phi6A_CDS_0017	Pharokka_phiMA001_CDS_0016	94.286	105	196
Pharokka_phi6A_CDS_0017	Pharokka_phi11_CDS_0017	95.146	103	194
Pharokka_phi6A_CDS_0017	Pharokka_PV_12_CDS_0017	95.146	103	193
Pharokka_phi6A_CDS_0017	Pharokka_phi7A_CDS_0017	95.146	103	193
Pharokka_phi6A_CDS_0018	Pharokka_phiMA004_CDS_0017	100.000	100	201
Pharokka_phi6A_CDS_0018	Pharokka_phiMA002_CDS_0017	100.000	100	201
Pharokka_phi6A_CDS_0018	Pharokka_phiMA001_CDS_0017	100.000	100	201
Pharokka_phi6A_CDS_0018	Pharokka_PV_7BP_CDS_0018	100.000	100	201
Pharokka_phi6A_CDS_0018	Pharokka_phi6A_CDS_0018	100.000	100	201
Pharokka_phi6A_CDS_0018	Pharokka_PV_12_CDS_0018	98.000	100	197
Pharokka_phi6A_CDS_0018	Pharokka_phi11_CDS_0018	98.000	100	197
Pharokka_phi6A_CDS_0018	Pharokka_phi7A_CDS_0018	97.000	100	195
Pharokka_phi6A_CDS_0019	Pharokka_PV_7BP_CDS_0019	100.000	65	136
Pharokka_phi6A_CDS_0019	Pharokka_phi6A_CDS_0019	100.000	65	136
Pharokka_phi6A_CDS_0019	Pharokka_phiMA004_CDS_0025	98.462	65	139
Pharokka_phi6A_CDS_0019	Pharokka_phiMA002_CDS_0025	98.462	65	139
Pharokka_phi6A_CDS_0019	Pharokka_phiMA001_CDS_0025	98.462	65	139
Pharokka_phi6A_CDS_0019	Pharokka_PV_12_CDS_0027	98.462	65	139
Pharokka_phi6A_CDS_0019	Pharokka_phi7A_CDS_0026	98.462	65	139
Pharokka_phi6A_CDS_0019	Pharokka_phi11_CDS_0021	98.462	65	139
Pharokka_phi6A_CDS_0020	Pharokka_phiMA004_CDS_0026	100.000	154	315
Pharokka_phi6A_CDS_0020	Pharokka_phiMA002_CDS_0026	100.000	154	315
Pharokka_phi6A_CDS_0020	Pharokka_phiMA001_CDS_0026	100.000	154	315
Pharokka_phi6A_CDS_0020	Pharokka_PV_12_CDS_0028	100.000	154	315
Pharokka_phi6A_CDS_0020	Pharokka_PV_7BP_CDS_0020	100.000	154	315
Pharokka_phi6A_CDS_0020	Pharokka_phi11_CDS_0022	100.000	154	315
Pharokka_phi6A_CDS_0020	Pharokka_phi7A_CDS_0027	100.000	154	315
Pharokka_phi6A_CDS_0020	Pharokka_phi6A_CDS_0020	100.000	154	315
Pharokka_phi6A_CDS_0021	Pharokka_PV_7BP_CDS_0021	100.000	172	347
Pharokka_phi6A_CDS_0021	Pharokka_phi6A_CDS_0021	100.000	172	347
Pharokka_phi6A_CDS_0021	Pharokka_phiMA004_CDS_0027	98.256	172	342
Pharokka_phi6A_CDS_0021	Pharokka_phiMA002_CDS_0027	98.256	172	342
Pharokka_phi6A_CDS_0021	Pharokka_phiMA001_CDS_0027	98.256	172	342
Pharokka_phi6A_CDS_0021	Pharokka_phi7A_CDS_0028	98.256	172	342
Pharokka_phi6A_CDS_0021	Pharokka_PV_12_CDS_0029	95.349	172	331
Pharokka_phi6A_CDS_0021	Pharokka_phi11_CDS_0023	97.931	145	288
Pharokka_phi6A_CDS_0022	Pharokka_phiMA004_CDS_0028	100.000	142	293
Pharokka_phi6A_CDS_0022	Pharokka_phiMA002_CDS_0028	100.000	142	293
Pharokka_phi6A_CDS_0022	Pharokka_phiMA001_CDS_0028	100.000	142	293
Pharokka_phi6A_CDS_0022	Pharokka_PV_12_CDS_0030	100.000	142	293
Pharokka_phi6A_CDS_0022	Pharokka_PV_7BP_CDS_0022	100.000	142	293
Pharokka_phi6A_CDS_0022	Pharokka_phi11_CDS_0024	100.000	142	293
Pharokka_phi6A_CDS_0022	Pharokka_phi6A_CDS_0022	100.000	142	293
Pharokka_phi6A_CDS_0022	Pharokka_phi7A_CDS_0029	99.296	142	291
Pharokka_phi6A_CDS_0023	Pharokka_phiMA004_CDS_0029	100.000	202	399
Pharokka_phi6A_CDS_0023	Pharokka_phiMA002_CDS_0029	100.000	202	399
Pharokka_phi6A_CDS_0023	Pharokka_phiMA001_CDS_0029	100.000	202	399
Pharokka_phi6A_CDS_0023	Pharokka_PV_12_CDS_0031	100.000	202	399
Pharokka_phi6A_CDS_0023	Pharokka_PV_7BP_CDS_0023	100.000	202	399
Pharokka_phi6A_CDS_0023	Pharokka_phi6A_CDS_0023	100.000	202	399
Pharokka_phi6A_CDS_0023	Pharokka_phi11_CDS_0025	99.010	202	394
Pharokka_phi6A_CDS_0023	Pharokka_phi7A_CDS_0030	99.010	202	394
Pharokka_phi6A_CDS_0024	Pharokka_phiMA004_CDS_0030	100.000	35	65.5
Pharokka_phi6A_CDS_0024	Pharokka_phiMA002_CDS_0030	100.000	35	65.5
Pharokka_phi6A_CDS_0024	Pharokka_phiMA001_CDS_0030	100.000	35	65.5
Pharokka_phi6A_CDS_0024	Pharokka_PV_12_CDS_0032	100.000	35	65.5
Pharokka_phi6A_CDS_0024	Pharokka_PV_7BP_CDS_0024	100.000	35	65.5
Pharokka_phi6A_CDS_0024	Pharokka_phi6A_CDS_0024	100.000	35	65.5
Pharokka_phi6A_CDS_0024	Pharokka_phi7A_CDS_0031	97.143	35	64.7
Pharokka_phi6A_CDS_0025	Pharokka_phiMA004_CDS_0031	100.000	33	65.1
Pharokka_phi6A_CDS_0025	Pharokka_phiMA002_CDS_0031	100.000	33	65.1
Pharokka_phi6A_CDS_0025	Pharokka_phiMA001_CDS_0031	100.000	33	65.1
Pharokka_phi6A_CDS_0025	Pharokka_PV_12_CDS_0033	100.000	33	65.1
Pharokka_phi6A_CDS_0025	Pharokka_PV_7BP_CDS_0025	100.000	33	65.1
Pharokka_phi6A_CDS_0025	Pharokka_phi11_CDS_0027	100.000	33	65.1
Pharokka_phi6A_CDS_0025	Pharokka_phi7A_CDS_0032	100.000	33	65.1
Pharokka_phi6A_CDS_0025	Pharokka_phi6A_CDS_0025	100.000	33	65.1
Pharokka_phi6A_CDS_0026	Pharokka_phiMA004_CDS_0032	100.000	135	272
Pharokka_phi6A_CDS_0026	Pharokka_phiMA002_CDS_0032	100.000	135	272
Pharokka_phi6A_CDS_0026	Pharokka_phiMA001_CDS_0032	100.000	135	272
Pharokka_phi6A_CDS_0026	Pharokka_PV_7BP_CDS_0026	100.000	135	272
Pharokka_phi6A_CDS_0026	Pharokka_phi11_CDS_0028	100.000	135	272
Pharokka_phi6A_CDS_0026	Pharokka_phi6A_CDS_0026	100.000	135	272
Pharokka_phi6A_CDS_0026	Pharokka_PV_12_CDS_0034	100.000	135	273
Pharokka_phi6A_CDS_0026	Pharokka_phi7A_CDS_0033	99.259	135	271
Pharokka_phi6A_CDS_0027	Pharokka_PV_7BP_CDS_0027	100.000	170	329
Pharokka_phi6A_CDS_0027	Pharokka_phi6A_CDS_0027	100.000	170	329
Pharokka_phi6A_CDS_0027	Pharokka_PV_12_CDS_0035	94.706	170	306
Pharokka_phi6A_CDS_0027	Pharokka_phi11_CDS_0029	89.412	170	289
Pharokka_phi6A_CDS_0027	Pharokka_phi7A_CDS_0034	80.588	170	257
Pharokka_phi6A_CDS_0027	Pharokka_phiMA004_CDS_0033	100.000	59	127
Pharokka_phi6A_CDS_0027	Pharokka_phiMA004_CDS_0033	96.923	65	126
Pharokka_phi6A_CDS_0027	Pharokka_phiMA002_CDS_0033	100.000	59	127
Pharokka_phi6A_CDS_0027	Pharokka_phiMA002_CDS_0033	96.923	65	126
Pharokka_phi6A_CDS_0027	Pharokka_phiMA001_CDS_0033	100.000	59	127
Pharokka_phi6A_CDS_0027	Pharokka_phiMA001_CDS_0033	96.923	65	126
Pharokka_phi6A_CDS_0028	Pharokka_PV_7BP_CDS_0028	100.000	46	95.5
Pharokka_phi6A_CDS_0028	Pharokka_phi6A_CDS_0028	100.000	46	95.5
Pharokka_phi6A_CDS_0028	Pharokka_PV_12_CDS_0036	95.652	46	93.2
Pharokka_phi6A_CDS_0028	Pharokka_phi7A_CDS_0035	95.652	46	93.2
Pharokka_phi6A_CDS_0028	Pharokka_phiMA004_CDS_0034	93.478	46	91.7
Pharokka_phi6A_CDS_0028	Pharokka_phiMA002_CDS_0034	93.478	46	91.7
Pharokka_phi6A_CDS_0028	Pharokka_phiMA001_CDS_0034	93.478	46	91.7
Pharokka_phi6A_CDS_0028	Pharokka_phi11_CDS_0030	93.478	46	91.7
Pharokka_phi6A_CDS_0029	Pharokka_PV_7BP_CDS_0029	100.000	401	829
Pharokka_phi6A_CDS_0029	Pharokka_phi11_CDS_0031	100.000	401	829
Pharokka_phi6A_CDS_0029	Pharokka_phi6A_CDS_0029	100.000	401	829
Pharokka_phi6A_CDS_0029	Pharokka_phi7A_CDS_0036	99.501	401	825
Pharokka_phi6A_CDS_0029	Pharokka_PV_12_CDS_0037	99.252	401	822
Pharokka_phi6A_CDS_0029	Pharokka_phiMA004_CDS_0035	98.753	401	819
Pharokka_phi6A_CDS_0029	Pharokka_phiMA002_CDS_0035	98.753	401	819
Pharokka_phi6A_CDS_0029	Pharokka_phiMA001_CDS_0035	98.753	401	819
Pharokka_phi6A_CDS_0030	Pharokka_PV_7BP_CDS_0030	100.000	50	104
Pharokka_phi6A_CDS_0030	Pharokka_phi7A_CDS_0037	100.000	50	104
Pharokka_phi6A_CDS_0030	Pharokka_phi6A_CDS_0030	100.000	50	104
Pharokka_phi6A_CDS_0030	Pharokka_phi11_CDS_0032	98.000	50	102
Pharokka_phi6A_CDS_0030	Pharokka_phiMA004_CDS_0036	97.959	49	100
Pharokka_phi6A_CDS_0030	Pharokka_phiMA002_CDS_0036	97.959	49	100
Pharokka_phi6A_CDS_0030	Pharokka_phiMA001_CDS_0036	97.959	49	100
Pharokka_phi6A_CDS_0030	Pharokka_PV_12_CDS_0038	78.125	64	94.4
Pharokka_phi6A_CDS_0031	Pharokka_PV_12_CDS_0039	100.000	181	369
Pharokka_phi6A_CDS_0031	Pharokka_PV_7BP_CDS_0031	100.000	181	369
Pharokka_phi6A_CDS_0031	Pharokka_phi7A_CDS_0038	100.000	181	369
Pharokka_phi6A_CDS_0031	Pharokka_phi6A_CDS_0031	100.000	181	369
Pharokka_phi6A_CDS_0031	Pharokka_phiMA004_CDS_0037	99.448	181	367
Pharokka_phi6A_CDS_0031	Pharokka_phiMA002_CDS_0037	99.448	181	367
Pharokka_phi6A_CDS_0031	Pharokka_phiMA001_CDS_0037	99.448	181	367
Pharokka_phi6A_CDS_0031	Pharokka_phi11_CDS_0033	99.448	181	367
Pharokka_phi6A_CDS_0032	Pharokka_PV_7BP_CDS_0032	100.000	657	1365
Pharokka_phi6A_CDS_0032	Pharokka_phi6A_CDS_0032	100.000	657	1365
Pharokka_phi6A_CDS_0032	Pharokka_phiMA004_CDS_0038	99.391	657	1359
Pharokka_phi6A_CDS_0032	Pharokka_phiMA002_CDS_0038	99.391	657	1359
Pharokka_phi6A_CDS_0032	Pharokka_phiMA001_CDS_0038	99.391	657	1359
Pharokka_phi6A_CDS_0032	Pharokka_PV_12_CDS_0040	99.239	657	1357
Pharokka_phi6A_CDS_0032	Pharokka_phi11_CDS_0034	99.087	657	1355
Pharokka_phi6A_CDS_0032	Pharokka_phi7A_CDS_0039	99.087	657	1353
Pharokka_phi6A_CDS_0033	Pharokka_PV_7BP_CDS_0033	100.000	799	1662
Pharokka_phi6A_CDS_0033	Pharokka_phi6A_CDS_0033	100.000	799	1662
Pharokka_phi6A_CDS_0033	Pharokka_phi11_CDS_0035	99.499	799	1655
Pharokka_phi6A_CDS_0033	Pharokka_PV_12_CDS_0041	99.374	799	1654
Pharokka_phi6A_CDS_0033	Pharokka_phiMA004_CDS_0039	99.374	799	1652
Pharokka_phi6A_CDS_0033	Pharokka_phiMA002_CDS_0039	99.374	799	1652
Pharokka_phi6A_CDS_0033	Pharokka_phiMA001_CDS_0039	99.374	799	1652
Pharokka_phi6A_CDS_0033	Pharokka_phi7A_CDS_0040	99.249	799	1650
Pharokka_phi6A_CDS_0034	Pharokka_PV_12_CDS_0042	100.000	71	144
Pharokka_phi6A_CDS_0034	Pharokka_PV_7BP_CDS_0034	100.000	71	144
Pharokka_phi6A_CDS_0034	Pharokka_phi11_CDS_0036	100.000	71	144
Pharokka_phi6A_CDS_0034	Pharokka_phi7A_CDS_0041	100.000	71	144
Pharokka_phi6A_CDS_0034	Pharokka_phi6A_CDS_0034	100.000	71	144
Pharokka_phi6A_CDS_0034	Pharokka_phiMA004_CDS_0040	98.592	71	143
Pharokka_phi6A_CDS_0034	Pharokka_phiMA002_CDS_0040	98.592	71	143
Pharokka_phi6A_CDS_0034	Pharokka_phiMA001_CDS_0040	98.592	71	143
Pharokka_phi6A_CDS_0035	Pharokka_phiMA004_CDS_0041	100.000	101	204
Pharokka_phi6A_CDS_0035	Pharokka_phiMA002_CDS_0041	100.000	101	204
Pharokka_phi6A_CDS_0035	Pharokka_phiMA001_CDS_0041	100.000	101	204
Pharokka_phi6A_CDS_0035	Pharokka_PV_12_CDS_0043	100.000	101	204
Pharokka_phi6A_CDS_0035	Pharokka_PV_7BP_CDS_0035	100.000	101	204
Pharokka_phi6A_CDS_0035	Pharokka_phi11_CDS_0037	100.000	101	204
Pharokka_phi6A_CDS_0035	Pharokka_phi7A_CDS_0042	100.000	101	204
Pharokka_phi6A_CDS_0035	Pharokka_phi6A_CDS_0035	100.000	101	204
Pharokka_phi6A_CDS_0036	Pharokka_PV_7BP_CDS_0036	100.000	479	994
Pharokka_phi6A_CDS_0036	Pharokka_phi6A_CDS_0036	100.000	479	994
Pharokka_phi6A_CDS_0036	Pharokka_phi11_CDS_0038	99.582	479	989
Pharokka_phi6A_CDS_0036	Pharokka_phiMA004_CDS_0042	99.374	479	988
Pharokka_phi6A_CDS_0036	Pharokka_phiMA002_CDS_0042	99.374	479	988
Pharokka_phi6A_CDS_0036	Pharokka_phiMA001_CDS_0042	99.374	479	988
Pharokka_phi6A_CDS_0036	Pharokka_PV_12_CDS_0044	99.165	479	985
Pharokka_phi6A_CDS_0036	Pharokka_phi7A_CDS_0043	98.956	479	984
Pharokka_phi6A_CDS_0037	Pharokka_PV_7BP_CDS_0037	100.000	168	341
Pharokka_phi6A_CDS_0037	Pharokka_phi6A_CDS_0037	100.000	168	341
Pharokka_phi6A_CDS_0037	Pharokka_PV_12_CDS_0045	98.810	168	337
Pharokka_phi6A_CDS_0037	Pharokka_phiMA004_CDS_0043	97.619	168	334
Pharokka_phi6A_CDS_0037	Pharokka_phiMA002_CDS_0043	97.619	168	334
Pharokka_phi6A_CDS_0037	Pharokka_phiMA001_CDS_0043	97.619	168	334
Pharokka_phi6A_CDS_0037	Pharokka_phi11_CDS_0039	97.024	168	332
Pharokka_phi6A_CDS_0037	Pharokka_phi7A_CDS_0044	97.024	168	332
Pharokka_phi6A_CDS_0037	Pharokka_PV_12_CDS_0046	39.062	64	41.6
Pharokka_phi6A_CDS_0037	Pharokka_phi7A_CDS_0045	39.683	63	41.2
Pharokka_phi6A_CDS_0037	Pharokka_PV_7BP_CDS_0038	39.683	63	40.8
Pharokka_phi6A_CDS_0037	Pharokka_phi11_CDS_0040	39.683	63	40.8
Pharokka_phi6A_CDS_0037	Pharokka_phi6A_CDS_0038	39.683	63	40.8
Pharokka_phi6A_CDS_0037	Pharokka_phiMA004_CDS_0044	39.683	63	40.8
Pharokka_phi6A_CDS_0037	Pharokka_phiMA002_CDS_0044	39.683	63	40.8
Pharokka_phi6A_CDS_0037	Pharokka_phiMA001_CDS_0044	39.683	63	40.8
Pharokka_phi6A_CDS_0038	Pharokka_PV_7BP_CDS_0038	100.000	73	149
Pharokka_phi6A_CDS_0038	Pharokka_phi11_CDS_0040	100.000	73	149
Pharokka_phi6A_CDS_0038	Pharokka_phi6A_CDS_0038	100.000	73	149
Pharokka_phi6A_CDS_0038	Pharokka_phi7A_CDS_0045	98.630	73	148
Pharokka_phi6A_CDS_0038	Pharokka_phiMA004_CDS_0044	98.630	73	147
Pharokka_phi6A_CDS_0038	Pharokka_phiMA002_CDS_0044	98.630	73	147
Pharokka_phi6A_CDS_0038	Pharokka_phiMA001_CDS_0044	98.630	73	147
Pharokka_phi6A_CDS_0038	Pharokka_PV_12_CDS_0046	98.630	73	146
Pharokka_phi6A_CDS_0038	Pharokka_PV_12_CDS_0045	39.683	63	41.6
Pharokka_phi6A_CDS_0038	Pharokka_phiMA004_CDS_0043	39.683	63	41.2
Pharokka_phi6A_CDS_0038	Pharokka_phiMA002_CDS_0043	39.683	63	41.2
Pharokka_phi6A_CDS_0038	Pharokka_phiMA001_CDS_0043	39.683	63	41.2
Pharokka_phi6A_CDS_0038	Pharokka_phi11_CDS_0039	38.710	62	41.2
Pharokka_phi6A_CDS_0038	Pharokka_phi7A_CDS_0044	38.710	62	41.2
Pharokka_phi6A_CDS_0038	Pharokka_PV_7BP_CDS_0037	39.683	63	40.8
Pharokka_phi6A_CDS_0038	Pharokka_phi6A_CDS_0037	39.683	63	40.8
Pharokka_phi6A_CDS_0039	Pharokka_phi6A_CDS_0039	100.000	595	1236
Pharokka_phi6A_CDS_0039	Pharokka_PV_7BP_CDS_0039	99.832	595	1234
Pharokka_phi6A_CDS_0039	Pharokka_PV_12_CDS_0047	97.479	595	1212
Pharokka_phi6A_CDS_0039	Pharokka_phi11_CDS_0041	97.479	595	1211
Pharokka_phi6A_CDS_0039	Pharokka_phiMA004_CDS_0045	97.647	595	1206
Pharokka_phi6A_CDS_0039	Pharokka_phiMA002_CDS_0045	97.647	595	1206
Pharokka_phi6A_CDS_0039	Pharokka_phiMA001_CDS_0045	97.647	595	1206
Pharokka_phi6A_CDS_0039	Pharokka_phi7A_CDS_0046	97.143	595	1203
Pharokka_phi6A_CDS_0040	Pharokka_PV_7BP_CDS_0040	100.000	223	458
Pharokka_phi6A_CDS_0040	Pharokka_phi6A_CDS_0040	100.000	223	458
Pharokka_phi6A_CDS_0040	Pharokka_phiMA004_CDS_0046	99.552	223	454
Pharokka_phi6A_CDS_0040	Pharokka_phiMA002_CDS_0046	99.552	223	454
Pharokka_phi6A_CDS_0040	Pharokka_phiMA001_CDS_0046	99.552	223	454
Pharokka_phi6A_CDS_0040	Pharokka_phi11_CDS_0042	99.552	223	454
Pharokka_phi6A_CDS_0040	Pharokka_phi7A_CDS_0047	99.552	223	454
Pharokka_phi6A_CDS_0040	Pharokka_PV_12_CDS_0048	99.103	223	452
Pharokka_phi6A_CDS_0041	Pharokka_phiMA004_CDS_0047	100.000	253	529
Pharokka_phi6A_CDS_0041	Pharokka_phiMA002_CDS_0047	100.000	253	529
Pharokka_phi6A_CDS_0041	Pharokka_phiMA001_CDS_0047	100.000	253	529
Pharokka_phi6A_CDS_0041	Pharokka_PV_12_CDS_0049	100.000	253	529
Pharokka_phi6A_CDS_0041	Pharokka_PV_7BP_CDS_0041	100.000	253	529
Pharokka_phi6A_CDS_0041	Pharokka_phi6A_CDS_0041	100.000	253	529
Pharokka_phi6A_CDS_0041	Pharokka_phi7A_CDS_0048	99.605	253	528
Pharokka_phi6A_CDS_0041	Pharokka_phi11_CDS_0043	99.605	253	527
Pharokka_phi6A_CDS_0041	Pharokka_phi11_CDS_0047	32.215	149	60.8
Pharokka_phi6A_CDS_0041	Pharokka_phi7A_CDS_0052	32.215	149	60.8
Pharokka_phi6A_CDS_0041	Pharokka_PV_12_CDS_0053	32.215	149	60.8
Pharokka_phi6A_CDS_0041	Pharokka_phiMA004_CDS_0051	32.215	149	59.3
Pharokka_phi6A_CDS_0041	Pharokka_phiMA002_CDS_0051	32.215	149	59.3
Pharokka_phi6A_CDS_0041	Pharokka_phiMA001_CDS_0051	32.215	149	59.3
Pharokka_phi6A_CDS_0041	Pharokka_PV_7BP_CDS_0047	31.852	135	57.8
Pharokka_phi6A_CDS_0041	Pharokka_phi6A_CDS_0047	31.852	135	57.8
Pharokka_phi6A_CDS_0042	Pharokka_PV_7BP_CDS_0042	100.000	87	171
Pharokka_phi6A_CDS_0042	Pharokka_phi11_CDS_0044	100.000	87	171
Pharokka_phi6A_CDS_0042	Pharokka_phi7A_CDS_0049	100.000	87	171
Pharokka_phi6A_CDS_0042	Pharokka_phi6A_CDS_0042	100.000	87	171
Pharokka_phi6A_CDS_0042	Pharokka_PV_12_CDS_0050	98.851	87	169
Pharokka_phi6A_CDS_0042	Pharokka_phiMA004_CDS_0048	98.851	87	169
Pharokka_phi6A_CDS_0042	Pharokka_phiMA002_CDS_0048	98.851	87	169
Pharokka_phi6A_CDS_0042	Pharokka_phiMA001_CDS_0048	98.851	87	169
Pharokka_phi6A_CDS_0043	Pharokka_phiMA004_CDS_0049	100.000	181	367
Pharokka_phi6A_CDS_0043	Pharokka_phiMA002_CDS_0049	100.000	181	367
Pharokka_phi6A_CDS_0043	Pharokka_phiMA001_CDS_0049	100.000	181	367
Pharokka_phi6A_CDS_0043	Pharokka_PV_12_CDS_0051	100.000	181	367
Pharokka_phi6A_CDS_0043	Pharokka_PV_7BP_CDS_0043	100.000	181	367
Pharokka_phi6A_CDS_0043	Pharokka_phi11_CDS_0045	100.000	181	367
Pharokka_phi6A_CDS_0043	Pharokka_phi6A_CDS_0043	100.000	181	367
Pharokka_phi6A_CDS_0043	Pharokka_phi7A_CDS_0050	98.895	181	365
Pharokka_phi6A_CDS_0044	Pharokka_PV_12_CDS_0052	100.000	167	348
Pharokka_phi6A_CDS_0044	Pharokka_PV_7BP_CDS_0044	100.000	167	348
Pharokka_phi6A_CDS_0044	Pharokka_phi6A_CDS_0044	100.000	167	348
Pharokka_phi6A_CDS_0044	Pharokka_phi11_CDS_0046	99.401	167	346
Pharokka_phi6A_CDS_0044	Pharokka_phi7A_CDS_0051	95.808	167	335
Pharokka_phi6A_CDS_0044	Pharokka_phiMA004_CDS_0050	91.617	167	320
Pharokka_phi6A_CDS_0044	Pharokka_phiMA002_CDS_0050	91.617	167	320
Pharokka_phi6A_CDS_0044	Pharokka_phiMA001_CDS_0050	91.617	167	320
Pharokka_phi6A_CDS_0045	Pharokka_PV_7BP_CDS_0045	100.000	240	502
Pharokka_phi6A_CDS_0045	Pharokka_phi6A_CDS_0045	100.000	240	502
Pharokka_phi6A_CDS_0046	Pharokka_PV_7BP_CDS_0046	100.000	45	93.6
Pharokka_phi6A_CDS_0046	Pharokka_phi6A_CDS_0046	100.000	45	93.6
Pharokka_phi6A_CDS_0047	Pharokka_PV_7BP_CDS_0047	100.000	226	476
Pharokka_phi6A_CDS_0047	Pharokka_phi6A_CDS_0047	100.000	226	476
Pharokka_phi6A_CDS_0047	Pharokka_PV_12_CDS_0053	97.788	226	467
Pharokka_phi6A_CDS_0047	Pharokka_phi11_CDS_0047	97.345	226	465
Pharokka_phi6A_CDS_0047	Pharokka_phi7A_CDS_0052	97.345	226	465
Pharokka_phi6A_CDS_0047	Pharokka_phiMA004_CDS_0051	96.018	226	456
Pharokka_phi6A_CDS_0047	Pharokka_phiMA002_CDS_0051	96.018	226	456
Pharokka_phi6A_CDS_0047	Pharokka_phiMA001_CDS_0051	96.018	226	456
Pharokka_phi6A_CDS_0047	Pharokka_phi11_CDS_0043	31.852	135	57.8
Pharokka_phi6A_CDS_0047	Pharokka_phiMA004_CDS_0047	31.852	135	57.8
Pharokka_phi6A_CDS_0047	Pharokka_phiMA002_CDS_0047	31.852	135	57.8
Pharokka_phi6A_CDS_0047	Pharokka_phiMA001_CDS_0047	31.852	135	57.8
Pharokka_phi6A_CDS_0047	Pharokka_PV_12_CDS_0049	31.852	135	57.8
Pharokka_phi6A_CDS_0047	Pharokka_PV_7BP_CDS_0041	31.852	135	57.8
Pharokka_phi6A_CDS_0047	Pharokka_phi6A_CDS_0041	31.852	135	57.8
Pharokka_phi6A_CDS_0047	Pharokka_phi7A_CDS_0048	31.852	135	57.8
Pharokka_phi6A_CDS_0048	Pharokka_PV_12_CDS_0054	100.000	63	127
Pharokka_phi6A_CDS_0048	Pharokka_PV_7BP_CDS_0048	100.000	63	127
Pharokka_phi6A_CDS_0048	Pharokka_phi7A_CDS_0053	100.000	63	127
Pharokka_phi6A_CDS_0048	Pharokka_phi6A_CDS_0048	100.000	63	127
Pharokka_phi6A_CDS_0048	Pharokka_phi11_CDS_0048	98.413	63	124
Pharokka_phi6A_CDS_0048	Pharokka_phiMA004_CDS_0052	95.238	63	121
Pharokka_phi6A_CDS_0048	Pharokka_phiMA002_CDS_0052	95.238	63	121
Pharokka_phi6A_CDS_0048	Pharokka_phiMA001_CDS_0052	95.238	63	121
Pharokka_phi6A_CDS_0049	Pharokka_PV_7BP_CDS_0049	100.000	302	617
Pharokka_phi6A_CDS_0049	Pharokka_phi6A_CDS_0049	100.000	302	617
Pharokka_phi6A_CDS_0049	Pharokka_phi7A_CDS_0054	99.669	302	615
Pharokka_phi6A_CDS_0049	Pharokka_phiMA004_CDS_0053	100.000	300	613
Pharokka_phi6A_CDS_0049	Pharokka_phiMA002_CDS_0053	100.000	300	613
Pharokka_phi6A_CDS_0049	Pharokka_phiMA001_CDS_0053	100.000	300	613
Pharokka_phi6A_CDS_0049	Pharokka_PV_12_CDS_0055	100.000	300	613
Pharokka_phi6A_CDS_0049	Pharokka_phi11_CDS_0049	99.333	300	609
Pharokka_phi6A_CDS_0050	Pharokka_PV_7BP_CDS_0050	100.000	150	310
Pharokka_phi6A_CDS_0050	Pharokka_phi6A_CDS_0050	100.000	150	310
Pharokka_phi6A_CDS_0050	Pharokka_phiMA004_CDS_0054	95.270	148	298
Pharokka_phi6A_CDS_0050	Pharokka_phiMA002_CDS_0054	95.270	148	298
Pharokka_phi6A_CDS_0050	Pharokka_phiMA001_CDS_0054	95.270	148	298
Pharokka_phi6A_CDS_0050	Pharokka_phi11_CDS_0050	95.270	148	297
Pharokka_phi6A_CDS_0050	Pharokka_PV_12_CDS_0056	93.919	148	296
Pharokka_phi6A_CDS_0050	Pharokka_phi7A_CDS_0055	93.919	148	296
Pharokka_phi6A_CDS_0051	Pharokka_PV_7BP_CDS_0051	100.000	104	204
Pharokka_phi6A_CDS_0051	Pharokka_phi6A_CDS_0051	100.000	104	204
Pharokka_phi6A_CDS_0051	Pharokka_phi7A_CDS_0056	94.231	104	196
Pharokka_phi6A_CDS_0051	Pharokka_phiMA004_CDS_0055	94.231	104	195
Pharokka_phi6A_CDS_0051	Pharokka_phiMA002_CDS_0055	94.231	104	195
Pharokka_phi6A_CDS_0051	Pharokka_phiMA001_CDS_0055	94.231	104	195
Pharokka_phi6A_CDS_0051	Pharokka_PV_12_CDS_0057	94.231	104	195
Pharokka_phi6A_CDS_0051	Pharokka_phi11_CDS_0051	94.231	104	195
Pharokka_phi6A_CDS_0052	Pharokka_PV_7BP_CDS_0052	100.000	42	87.8
Pharokka_phi6A_CDS_0052	Pharokka_phi6A_CDS_0052	100.000	42	87.8
Pharokka_phi6A_CDS_0053	Pharokka_PV_7BP_CDS_0053	100.000	52	103
Pharokka_phi6A_CDS_0053	Pharokka_phi6A_CDS_0053	100.000	52	103
Pharokka_phi6A_CDS_0053	Pharokka_phiMA004_CDS_0057	94.118	34	61.2
Pharokka_phi6A_CDS_0053	Pharokka_phiMA002_CDS_0057	94.118	34	61.2
Pharokka_phi6A_CDS_0053	Pharokka_phiMA001_CDS_0057	94.118	34	61.2
Pharokka_phi6A_CDS_0053	Pharokka_phi11_CDS_0053	94.118	34	61.2
Pharokka_phi6A_CDS_0053	Pharokka_phi7A_CDS_0058	94.118	34	61.2
Pharokka_phi6A_CDS_0054	Pharokka_PV_7BP_CDS_0054	100.000	380	753
Pharokka_phi6A_CDS_0054	Pharokka_phi6A_CDS_0054	100.000	380	753
Pharokka_phi6A_CDS_0054	Pharokka_phi7A_CDS_0059	99.211	380	748
Pharokka_phi6A_CDS_0054	Pharokka_phiMA004_CDS_0059	98.688	381	741
Pharokka_phi6A_CDS_0054	Pharokka_phiMA002_CDS_0059	98.688	381	741
Pharokka_phi6A_CDS_0054	Pharokka_phiMA001_CDS_0059	98.688	381	741
Pharokka_phi6A_CDS_0054	Pharokka_phi11_CDS_0054	98.684	380	739
Pharokka_phi6A_CDS_0054	Pharokka_PV_12_CDS_0062	97.368	380	729
Pharokka_phi6A_CDS_0055	Pharokka_PV_7BP_CDS_0055	100.000	88	180
Pharokka_phi6A_CDS_0055	Pharokka_phi6A_CDS_0055	100.000	88	180
Pharokka_phi6A_CDS_0056	Pharokka_phi6A_CDS_0056	100.000	60	111
Pharokka_phi6A_CDS_0056	Pharokka_PV_7BP_CDS_0056	98.333	60	109
Pharokka_phi6A_CDS_0057	Pharokka_phi6A_CDS_0057	100.000	266	541
Pharokka_phi6A_CDS_0057	Pharokka_PV_7BP_CDS_0057	99.624	266	540
Pharokka_phi6A_CDS_0057	Pharokka_PV_12_CDS_0066	97.368	266	526
Pharokka_phi6A_CDS_0057	Pharokka_phi7A_CDS_0063	96.241	266	518
Pharokka_phi6A_CDS_0057	Pharokka_phi11_CDS_0059	94.737	266	511
Pharokka_phi6A_CDS_0057	Pharokka_phiMA004_CDS_0065	90.602	266	485
Pharokka_phi6A_CDS_0057	Pharokka_phiMA002_CDS_0065	90.602	266	485
Pharokka_phi6A_CDS_0057	Pharokka_phiMA001_CDS_0065	90.602	266	485
Pharokka_phi6A_CDS_0058	Pharokka_phiMA004_CDS_0066	100.000	43	90.1
Pharokka_phi6A_CDS_0058	Pharokka_phiMA002_CDS_0066	100.000	43	90.1
Pharokka_phi6A_CDS_0058	Pharokka_phiMA001_CDS_0066	100.000	43	90.1
Pharokka_phi6A_CDS_0058	Pharokka_PV_7BP_CDS_0058	100.000	43	90.1
Pharokka_phi6A_CDS_0058	Pharokka_phi11_CDS_0060	100.000	43	90.1
Pharokka_phi6A_CDS_0058	Pharokka_phi7A_CDS_0064	100.000	43	90.1
Pharokka_phi6A_CDS_0058	Pharokka_phi6A_CDS_0058	100.000	43	90.1
Pharokka_phi6A_CDS_0058	Pharokka_PV_12_CDS_0067	97.674	43	88.6
Pharokka_phi6A_CDS_0059	Pharokka_PV_12_CDS_0068	100.000	45	87.4
Pharokka_phi6A_CDS_0059	Pharokka_PV_7BP_CDS_0059	100.000	45	87.4
Pharokka_phi6A_CDS_0059	Pharokka_phi11_CDS_0061	100.000	45	87.4
Pharokka_phi6A_CDS_0059	Pharokka_phi7A_CDS_0065	100.000	45	87.4
Pharokka_phi6A_CDS_0059	Pharokka_phi6A_CDS_0059	100.000	45	87.4
Pharokka_phi6A_CDS_0059	Pharokka_phiMA004_CDS_0067	97.778	45	85.1
Pharokka_phi6A_CDS_0059	Pharokka_phiMA002_CDS_0067	97.778	45	85.1
Pharokka_phi6A_CDS_0059	Pharokka_phiMA001_CDS_0067	97.778	45	85.1
Pharokka_phi6A_CDS_0060	Pharokka_phiMA004_CDS_0068	100.000	36	76.3
Pharokka_phi6A_CDS_0060	Pharokka_phiMA002_CDS_0068	100.000	36	76.3
Pharokka_phi6A_CDS_0060	Pharokka_phiMA001_CDS_0068	100.000	36	76.3
Pharokka_phi6A_CDS_0060	Pharokka_PV_7BP_CDS_0060	100.000	36	76.3
Pharokka_phi6A_CDS_0060	Pharokka_phi11_CDS_0062	100.000	36	76.3
Pharokka_phi6A_CDS_0060	Pharokka_phi6A_CDS_0060	100.000	36	76.3
Pharokka_phi6A_CDS_0060	Pharokka_PV_12_CDS_0069	97.222	36	73.6
Pharokka_phi6A_CDS_0060	Pharokka_phi7A_CDS_0066	97.222	36	73.6
Pharokka_phi6A_CDS_0061	Pharokka_PV_7BP_CDS_0061	100.000	37	80.1
Pharokka_phi6A_CDS_0061	Pharokka_phi6A_CDS_0061	100.000	37	80.1
Pharokka_phi6A_CDS_0061	Pharokka_phiMA004_CDS_0069	97.297	37	79.0
Pharokka_phi6A_CDS_0061	Pharokka_phiMA002_CDS_0069	97.297	37	79.0
Pharokka_phi6A_CDS_0061	Pharokka_phiMA001_CDS_0069	97.297	37	79.0
Pharokka_phi6A_CDS_0061	Pharokka_PV_12_CDS_0070	97.297	37	79.0
Pharokka_phi6A_CDS_0061	Pharokka_phi11_CDS_0063	97.297	37	79.0
Pharokka_phi6A_CDS_0062	Pharokka_phi6A_CDS_0062	100.000	39	76.6
Pharokka_phi6A_CDS_0062	Pharokka_PV_7BP_CDS_0063	97.297	37	74.7
Pharokka_phi6A_CDS_0062	Pharokka_PV_7BP_CDS_0062	97.436	39	72.8
Pharokka_phi6A_CDS_0062	Pharokka_phi6A_CDS_0063	100.000	34	68.6
Pharokka_phi6A_CDS_0062	Pharokka_phi6A_CDS_0064	97.059	34	66.6
Pharokka_phi6A_CDS_0062	Pharokka_PV_12_CDS_0071	91.176	34	66.2
Pharokka_phi6A_CDS_0062	Pharokka_phiMA004_CDS_0071	79.412	34	56.6
Pharokka_phi6A_CDS_0062	Pharokka_phiMA002_CDS_0070	79.412	34	56.6
Pharokka_phi6A_CDS_0062	Pharokka_phiMA001_CDS_0070	79.412	34	56.6
Pharokka_phi6A_CDS_0062	Pharokka_phi11_CDS_0064	76.471	34	54.7
Pharokka_phi6A_CDS_0062	Pharokka_phiMA004_CDS_0070	74.194	31	49.7
Pharokka_phi6A_CDS_0063	Pharokka_PV_7BP_CDS_0063	100.000	34	69.3
Pharokka_phi6A_CDS_0063	Pharokka_phi6A_CDS_0062	100.000	34	68.6
Pharokka_phi6A_CDS_0063	Pharokka_phi6A_CDS_0063	100.000	34	68.2
Pharokka_phi6A_CDS_0063	Pharokka_phi6A_CDS_0064	97.059	34	66.2
Pharokka_phi6A_CDS_0063	Pharokka_PV_12_CDS_0071	91.176	34	65.9
Pharokka_phi6A_CDS_0063	Pharokka_PV_7BP_CDS_0062	97.059	34	65.1
Pharokka_phi6A_CDS_0063	Pharokka_phiMA004_CDS_0071	79.412	34	56.2
Pharokka_phi6A_CDS_0063	Pharokka_phiMA002_CDS_0070	79.412	34	56.2
Pharokka_phi6A_CDS_0063	Pharokka_phiMA001_CDS_0070	79.412	34	56.2
Pharokka_phi6A_CDS_0063	Pharokka_phi11_CDS_0064	76.471	34	54.3
Pharokka_phi6A_CDS_0063	Pharokka_phiMA004_CDS_0070	74.194	31	49.7
Pharokka_phi6A_CDS_0064	Pharokka_phi6A_CDS_0064	100.000	34	68.2
Pharokka_phi6A_CDS_0064	Pharokka_PV_7BP_CDS_0063	97.059	34	67.4
Pharokka_phi6A_CDS_0064	Pharokka_phi6A_CDS_0062	97.059	34	66.6
Pharokka_phi6A_CDS_0064	Pharokka_phi6A_CDS_0063	97.059	34	66.2
Pharokka_phi6A_CDS_0064	Pharokka_PV_12_CDS_0071	88.235	34	63.9
Pharokka_phi6A_CDS_0064	Pharokka_PV_7BP_CDS_0062	94.118	34	62.8
Pharokka_phi6A_CDS_0064	Pharokka_phi11_CDS_0064	79.412	34	55.8
Pharokka_phi6A_CDS_0064	Pharokka_phiMA004_CDS_0071	76.471	34	53.5
Pharokka_phi6A_CDS_0064	Pharokka_phiMA002_CDS_0070	76.471	34	53.5
Pharokka_phi6A_CDS_0064	Pharokka_phiMA001_CDS_0070	76.471	34	53.5
Pharokka_phi6A_CDS_0064	Pharokka_phiMA004_CDS_0070	70.968	31	47.0
Pharokka_phi6A_CDS_0065	Pharokka_PV_12_CDS_0072	100.000	39	80.1
Pharokka_phi6A_CDS_0065	Pharokka_phi11_CDS_0065	100.000	39	80.1
Pharokka_phi6A_CDS_0065	Pharokka_phi6A_CDS_0065	100.000	39	80.1
Pharokka_phi6A_CDS_0065	Pharokka_phiMA004_CDS_0072	94.872	39	75.1
Pharokka_phi6A_CDS_0065	Pharokka_phiMA002_CDS_0071	94.872	39	75.1
Pharokka_phi6A_CDS_0065	Pharokka_phiMA001_CDS_0071	94.872	39	75.1
Pharokka_phi6A_CDS_0066	Pharokka_phi6A_CDS_0066	100.000	31	67.4
Pharokka_phi6A_CDS_0067	Pharokka_PV_7BP_CDS_0066	100.000	71	135
Pharokka_phi6A_CDS_0067	Pharokka_phi6A_CDS_0067	100.000	71	135
Pharokka_phi6A_CDS_0068	Pharokka_PV_7BP_CDS_0067	100.000	35	74.3
Pharokka_phi6A_CDS_0068	Pharokka_phi6A_CDS_0068	100.000	35	74.3
Pharokka_phi6A_CDS_0069	Pharokka_phiMA004_CDS_0076	100.000	236	476
Pharokka_phi6A_CDS_0069	Pharokka_phiMA002_CDS_0075	100.000	236	476
Pharokka_phi6A_CDS_0069	Pharokka_phiMA001_CDS_0075	100.000	236	476
Pharokka_phi6A_CDS_0069	Pharokka_PV_12_CDS_0076	100.000	236	476
Pharokka_phi6A_CDS_0069	Pharokka_PV_7BP_CDS_0068	100.000	236	476
Pharokka_phi6A_CDS_0069	Pharokka_phi11_CDS_0069	100.000	236	476
Pharokka_phi6A_CDS_0069	Pharokka_phi7A_CDS_0072	100.000	236	476
Pharokka_phi6A_CDS_0069	Pharokka_phi6A_CDS_0069	100.000	236	476
Pharokka_phi6A_CDS_0070	Pharokka_phi6A_CDS_0070	100.000	210	433
Pharokka_phi6A_CDS_0070	Pharokka_PV_7BP_CDS_0069	99.524	210	430
Pharokka_phi6A_CDS_0070	Pharokka_phiMA004_CDS_0077	33.990	203	106
Pharokka_phi6A_CDS_0070	Pharokka_phiMA002_CDS_0076	33.990	203	106
Pharokka_phi6A_CDS_0070	Pharokka_phiMA001_CDS_0076	33.990	203	106
Pharokka_phi6A_CDS_0070	Pharokka_phi11_CDS_0070	33.990	203	106
Pharokka_phi6A_CDS_0070	Pharokka_PV_12_CDS_0077	33.990	203	106
Pharokka_phi6A_CDS_0070	Pharokka_phi7A_CDS_0073	33.498	203	103
Pharokka_phi7A_CDS_0001	Pharokka_phiMA004_CDS_0001	100.000	501	1054
Pharokka_phi7A_CDS_0001	Pharokka_phiMA002_CDS_0001	100.000	501	1054
Pharokka_phi7A_CDS_0001	Pharokka_phiMA001_CDS_0001	100.000	501	1054
Pharokka_phi7A_CDS_0001	Pharokka_PV_12_CDS_0001	100.000	501	1054
Pharokka_phi7A_CDS_0001	Pharokka_phi7A_CDS_0001	100.000	501	1054
Pharokka_phi7A_CDS_0001	Pharokka_phi11_CDS_0001	99.800	501	1052
Pharokka_phi7A_CDS_0001	Pharokka_PV_7BP_CDS_0001	99.791	479	1011
Pharokka_phi7A_CDS_0001	Pharokka_phi6A_CDS_0001	99.791	479	1011
Pharokka_phi7A_CDS_0002	Pharokka_phi7A_CDS_0002	100.000	217	451
Pharokka_phi7A_CDS_0002	Pharokka_phi11_CDS_0002	98.157	217	444
Pharokka_phi7A_CDS_0002	Pharokka_PV_12_CDS_0002	98.611	216	444
Pharokka_phi7A_CDS_0002	Pharokka_phiMA004_CDS_0002	97.696	217	441
Pharokka_phi7A_CDS_0002	Pharokka_phiMA002_CDS_0002	97.696	217	441
Pharokka_phi7A_CDS_0002	Pharokka_phiMA001_CDS_0002	97.696	217	441
Pharokka_phi7A_CDS_0002	Pharokka_phi6A_CDS_0002	96.774	217	437
Pharokka_phi7A_CDS_0002	Pharokka_PV_7BP_CDS_0002	96.313	217	436
Pharokka_phi7A_CDS_0003	Pharokka_phi7A_CDS_0003	100.000	608	1255
Pharokka_phi7A_CDS_0003	Pharokka_PV_7BP_CDS_0003	98.684	608	1244
Pharokka_phi7A_CDS_0003	Pharokka_phi6A_CDS_0003	98.684	608	1244
Pharokka_phi7A_CDS_0003	Pharokka_PV_12_CDS_0003	99.329	596	1225
Pharokka_phi7A_CDS_0003	Pharokka_phiMA004_CDS_0003	99.329	596	1224
Pharokka_phi7A_CDS_0003	Pharokka_phiMA002_CDS_0003	99.329	596	1224
Pharokka_phi7A_CDS_0003	Pharokka_phiMA001_CDS_0003	99.329	596	1224
Pharokka_phi7A_CDS_0003	Pharokka_phi11_CDS_0003	99.161	596	1224
Pharokka_phi7A_CDS_0004	Pharokka_phi7A_CDS_0004	100.000	144	296
Pharokka_phi7A_CDS_0004	Pharokka_phi11_CDS_0004	97.917	144	290
Pharokka_phi7A_CDS_0004	Pharokka_phiMA004_CDS_0004	96.528	144	285
Pharokka_phi7A_CDS_0004	Pharokka_phiMA002_CDS_0004	96.528	144	285
Pharokka_phi7A_CDS_0004	Pharokka_phiMA001_CDS_0004	96.528	144	285
Pharokka_phi7A_CDS_0004	Pharokka_PV_12_CDS_0004	98.561	139	283
Pharokka_phi7A_CDS_0004	Pharokka_PV_7BP_CDS_0004	97.122	139	280
Pharokka_phi7A_CDS_0004	Pharokka_phi6A_CDS_0004	97.122	139	280
Pharokka_phi7A_CDS_0005	Pharokka_phi7A_CDS_0005	100.000	317	631
Pharokka_phi7A_CDS_0005	Pharokka_phiMA004_CDS_0005	99.685	317	629
Pharokka_phi7A_CDS_0005	Pharokka_phiMA002_CDS_0005	99.685	317	629
Pharokka_phi7A_CDS_0005	Pharokka_phiMA001_CDS_0005	99.685	317	629
Pharokka_phi7A_CDS_0005	Pharokka_PV_12_CDS_0005	99.369	317	627
Pharokka_phi7A_CDS_0005	Pharokka_phi11_CDS_0005	99.369	317	627
Pharokka_phi7A_CDS_0005	Pharokka_PV_7BP_CDS_0005	98.738	317	625
Pharokka_phi7A_CDS_0005	Pharokka_phi6A_CDS_0005	98.738	317	625
Pharokka_phi7A_CDS_0006	Pharokka_phi7A_CDS_0006	100.000	371	766
Pharokka_phi7A_CDS_0006	Pharokka_PV_12_CDS_0006	99.461	371	762
Pharokka_phi7A_CDS_0006	Pharokka_phi11_CDS_0006	99.461	371	762
Pharokka_phi7A_CDS_0006	Pharokka_PV_7BP_CDS_0006	99.191	371	761
Pharokka_phi7A_CDS_0006	Pharokka_phi6A_CDS_0006	99.191	371	761
Pharokka_phi7A_CDS_0006	Pharokka_phiMA002_CDS_0006	99.191	371	758
Pharokka_phi7A_CDS_0006	Pharokka_phiMA001_CDS_0006	99.191	371	758
Pharokka_phi7A_CDS_0006	Pharokka_phiMA004_CDS_0006	98.922	371	756
Pharokka_phi7A_CDS_0007	Pharokka_phi7A_CDS_0007	100.000	492	1011
Pharokka_phi7A_CDS_0007	Pharokka_phi11_CDS_0007	39.652	517	281
Pharokka_phi7A_CDS_0007	Pharokka_phi6A_CDS_0007	40.313	511	278
Pharokka_phi7A_CDS_0007	Pharokka_PV_7BP_CDS_0007	40.313	511	278
Pharokka_phi7A_CDS_0007	Pharokka_PV_12_CDS_0007	39.924	526	279
Pharokka_phi7A_CDS_0008	Pharokka_phi7A_CDS_0008	100.000	71	145
Pharokka_phi7A_CDS_0008	Pharokka_PV_12_CDS_0008	92.754	69	134
Pharokka_phi7A_CDS_0008	Pharokka_phi11_CDS_0008	88.406	69	130
Pharokka_phi7A_CDS_0008	Pharokka_PV_7BP_CDS_0008	86.957	69	130
Pharokka_phi7A_CDS_0008	Pharokka_phi6A_CDS_0008	86.957	69	130
Pharokka_phi7A_CDS_0008	Pharokka_phiMA004_CDS_0007	100.000	25	50.1
Pharokka_phi7A_CDS_0008	Pharokka_phiMA002_CDS_0007	100.000	25	50.1
Pharokka_phi7A_CDS_0008	Pharokka_phiMA001_CDS_0007	100.000	25	50.1
Pharokka_phi7A_CDS_0009	Pharokka_phi7A_CDS_0009	100.000	432	898
Pharokka_phi7A_CDS_0009	Pharokka_phiMA004_CDS_0008	99.769	432	897
Pharokka_phi7A_CDS_0009	Pharokka_phiMA002_CDS_0008	99.769	432	897
Pharokka_phi7A_CDS_0009	Pharokka_phiMA001_CDS_0008	99.769	432	897
Pharokka_phi7A_CDS_0009	Pharokka_phi11_CDS_0009	99.537	432	895
Pharokka_phi7A_CDS_0009	Pharokka_PV_7BP_CDS_0009	99.306	432	893
Pharokka_phi7A_CDS_0009	Pharokka_phi6A_CDS_0009	99.306	432	893
Pharokka_phi7A_CDS_0009	Pharokka_PV_12_CDS_0009	99.306	432	892
Pharokka_phi7A_CDS_0010	Pharokka_PV_7BP_CDS_0010	100.000	146	297
Pharokka_phi7A_CDS_0010	Pharokka_phi7A_CDS_0010	100.000	146	297
Pharokka_phi7A_CDS_0010	Pharokka_phi6A_CDS_0010	100.000	146	297
Pharokka_phi7A_CDS_0010	Pharokka_PV_12_CDS_0010	99.315	146	296
Pharokka_phi7A_CDS_0010	Pharokka_phiMA004_CDS_0009	99.315	146	296
Pharokka_phi7A_CDS_0010	Pharokka_phiMA002_CDS_0009	99.315	146	296
Pharokka_phi7A_CDS_0010	Pharokka_phiMA001_CDS_0009	99.315	146	296
Pharokka_phi7A_CDS_0010	Pharokka_phi11_CDS_0010	99.315	146	296
Pharokka_phi7A_CDS_0011	Pharokka_phi11_CDS_0011	100.000	211	435
Pharokka_phi7A_CDS_0011	Pharokka_phi7A_CDS_0011	100.000	211	435
Pharokka_phi7A_CDS_0011	Pharokka_phiMA004_CDS_0010	99.052	211	433
Pharokka_phi7A_CDS_0011	Pharokka_phiMA002_CDS_0010	99.052	211	433
Pharokka_phi7A_CDS_0011	Pharokka_phiMA001_CDS_0010	99.052	211	433
Pharokka_phi7A_CDS_0011	Pharokka_PV_12_CDS_0011	99.052	211	433
Pharokka_phi7A_CDS_0011	Pharokka_PV_7BP_CDS_0011	98.578	211	432
Pharokka_phi7A_CDS_0011	Pharokka_phi6A_CDS_0011	98.578	211	432
Pharokka_phi7A_CDS_0012	Pharokka_PV_12_CDS_0012	100.000	87	171
Pharokka_phi7A_CDS_0012	Pharokka_phi11_CDS_0012	100.000	87	171
Pharokka_phi7A_CDS_0012	Pharokka_phi7A_CDS_0012	100.000	87	171
Pharokka_phi7A_CDS_0012	Pharokka_phiMA004_CDS_0011	98.851	87	169
Pharokka_phi7A_CDS_0012	Pharokka_phiMA002_CDS_0011	98.851	87	169
Pharokka_phi7A_CDS_0012	Pharokka_phiMA001_CDS_0011	98.851	87	169
Pharokka_phi7A_CDS_0012	Pharokka_PV_7BP_CDS_0012	97.701	87	169
Pharokka_phi7A_CDS_0012	Pharokka_phi6A_CDS_0012	97.701	87	169
Pharokka_phi7A_CDS_0013	Pharokka_PV_12_CDS_0013	100.000	253	513
Pharokka_phi7A_CDS_0013	Pharokka_phi11_CDS_0013	100.000	253	513
Pharokka_phi7A_CDS_0013	Pharokka_phi7A_CDS_0013	100.000	253	513
Pharokka_phi7A_CDS_0013	Pharokka_phiMA004_CDS_0012	99.209	253	509
Pharokka_phi7A_CDS_0013	Pharokka_phiMA002_CDS_0012	99.209	253	509
Pharokka_phi7A_CDS_0013	Pharokka_phiMA001_CDS_0012	99.209	253	509
Pharokka_phi7A_CDS_0013	Pharokka_PV_7BP_CDS_0013	98.814	253	509
Pharokka_phi7A_CDS_0013	Pharokka_phi6A_CDS_0013	98.814	253	509
Pharokka_phi7A_CDS_0014	Pharokka_phi7A_CDS_0014	100.000	1181	2363
Pharokka_phi7A_CDS_0014	Pharokka_PV_12_CDS_0014	99.915	1181	2363
Pharokka_phi7A_CDS_0014	Pharokka_phiMA004_CDS_0013	99.831	1181	2362
Pharokka_phi7A_CDS_0014	Pharokka_phiMA002_CDS_0013	99.831	1181	2362
Pharokka_phi7A_CDS_0014	Pharokka_phiMA001_CDS_0013	99.831	1181	2362
Pharokka_phi7A_CDS_0014	Pharokka_phi11_CDS_0014	99.492	1181	2356
Pharokka_phi7A_CDS_0014	Pharokka_PV_7BP_CDS_0014	99.407	1181	2351
Pharokka_phi7A_CDS_0014	Pharokka_phi6A_CDS_0014	99.407	1181	2351
Pharokka_phi7A_CDS_0015	Pharokka_phiMA004_CDS_0014	100.000	726	1506
Pharokka_phi7A_CDS_0015	Pharokka_phiMA002_CDS_0014	100.000	726	1506
Pharokka_phi7A_CDS_0015	Pharokka_phiMA001_CDS_0014	100.000	726	1506
Pharokka_phi7A_CDS_0015	Pharokka_phi11_CDS_0015	100.000	726	1506
Pharokka_phi7A_CDS_0015	Pharokka_phi7A_CDS_0015	100.000	726	1506
Pharokka_phi7A_CDS_0015	Pharokka_PV_12_CDS_0015	99.862	726	1504
Pharokka_phi7A_CDS_0015	Pharokka_PV_7BP_CDS_0015	97.658	726	1472
Pharokka_phi7A_CDS_0015	Pharokka_phi6A_CDS_0015	97.658	726	1472
Pharokka_phi7A_CDS_0016	Pharokka_phi7A_CDS_0016	100.000	1570	3203
Pharokka_phi7A_CDS_0016	Pharokka_phi11_CDS_0016	99.427	1570	3186
Pharokka_phi7A_CDS_0016	Pharokka_PV_7BP_CDS_0016	87.609	1606	2660
Pharokka_phi7A_CDS_0016	Pharokka_phi6A_CDS_0016	87.609	1606	2660
Pharokka_phi7A_CDS_0016	Pharokka_phiMA004_CDS_0015	96.491	969	1919
Pharokka_phi7A_CDS_0016	Pharokka_phiMA004_CDS_0015	72.013	636	828
Pharokka_phi7A_CDS_0016	Pharokka_phiMA002_CDS_0015	96.491	969	1919
Pharokka_phi7A_CDS_0016	Pharokka_phiMA002_CDS_0015	72.013	636	828
Pharokka_phi7A_CDS_0016	Pharokka_phiMA001_CDS_0015	96.491	969	1919
Pharokka_phi7A_CDS_0016	Pharokka_phiMA001_CDS_0015	72.013	636	828
Pharokka_phi7A_CDS_0016	Pharokka_PV_12_CDS_0016	96.491	969	1919
Pharokka_phi7A_CDS_0016	Pharokka_PV_12_CDS_0016	72.300	639	832
Pharokka_phi7A_CDS_0017	Pharokka_PV_12_CDS_0017	100.000	104	207
Pharokka_phi7A_CDS_0017	Pharokka_phi7A_CDS_0017	100.000	104	207
Pharokka_phi7A_CDS_0017	Pharokka_phi11_CDS_0017	98.077	104	204
Pharokka_phi7A_CDS_0017	Pharokka_phiMA004_CDS_0016	95.146	103	196
Pharokka_phi7A_CDS_0017	Pharokka_phiMA002_CDS_0016	95.146	103	196
Pharokka_phi7A_CDS_0017	Pharokka_phiMA001_CDS_0016	95.146	103	196
Pharokka_phi7A_CDS_0017	Pharokka_PV_7BP_CDS_0017	95.146	103	193
Pharokka_phi7A_CDS_0017	Pharokka_phi6A_CDS_0017	95.146	103	193
Pharokka_phi7A_CDS_0018	Pharokka_phi7A_CDS_0018	100.000	100	200
Pharokka_phi7A_CDS_0018	Pharokka_phi11_CDS_0018	99.000	100	198
Pharokka_phi7A_CDS_0018	Pharokka_PV_12_CDS_0018	97.000	100	195
Pharokka_phi7A_CDS_0018	Pharokka_phiMA004_CDS_0017	97.000	100	195
Pharokka_phi7A_CDS_0018	Pharokka_phiMA002_CDS_0017	97.000	100	195
Pharokka_phi7A_CDS_0018	Pharokka_phiMA001_CDS_0017	97.000	100	195
Pharokka_phi7A_CDS_0018	Pharokka_PV_7BP_CDS_0018	97.000	100	195
Pharokka_phi7A_CDS_0018	Pharokka_phi6A_CDS_0018	97.000	100	195
Pharokka_phi7A_CDS_0019	Pharokka_phiMA004_CDS_0018	100.000	41	79.7
Pharokka_phi7A_CDS_0019	Pharokka_phiMA002_CDS_0018	100.000	41	79.7
Pharokka_phi7A_CDS_0019	Pharokka_phiMA001_CDS_0018	100.000	41	79.7
Pharokka_phi7A_CDS_0019	Pharokka_phi11_CDS_0019	100.000	41	79.7
Pharokka_phi7A_CDS_0019	Pharokka_phi7A_CDS_0019	100.000	41	79.7
Pharokka_phi7A_CDS_0019	Pharokka_PV_12_CDS_0019	97.561	41	77.0
Pharokka_phi7A_CDS_0020	Pharokka_phi7A_CDS_0020	100.000	159	328
Pharokka_phi7A_CDS_0020	Pharokka_phiMA004_CDS_0019	98.742	159	319
Pharokka_phi7A_CDS_0020	Pharokka_phiMA002_CDS_0019	98.742	159	319
Pharokka_phi7A_CDS_0020	Pharokka_phiMA001_CDS_0019	98.742	159	319
Pharokka_phi7A_CDS_0020	Pharokka_PV_12_CDS_0020	100.000	136	279
Pharokka_phi7A_CDS_0020	Pharokka_phi11_CDS_0020	97.297	37	78.2
Pharokka_phi7A_CDS_0021	Pharokka_phi7A_CDS_0021	100.000	96	193
Pharokka_phi7A_CDS_0021	Pharokka_phiMA004_CDS_0020	97.917	96	191
Pharokka_phi7A_CDS_0021	Pharokka_phiMA002_CDS_0020	97.917	96	191
Pharokka_phi7A_CDS_0021	Pharokka_phiMA001_CDS_0020	97.917	96	191
Pharokka_phi7A_CDS_0021	Pharokka_PV_12_CDS_0021	97.917	96	191
Pharokka_phi7A_CDS_0022	Pharokka_PV_12_CDS_0022	100.000	149	308
Pharokka_phi7A_CDS_0022	Pharokka_phi7A_CDS_0022	100.000	149	308
Pharokka_phi7A_CDS_0022	Pharokka_phiMA004_CDS_0021	99.329	149	306
Pharokka_phi7A_CDS_0022	Pharokka_phiMA002_CDS_0021	99.329	149	306
Pharokka_phi7A_CDS_0022	Pharokka_phiMA001_CDS_0021	99.329	149	306
Pharokka_phi7A_CDS_0023	Pharokka_phi7A_CDS_0023	100.000	129	263
Pharokka_phi7A_CDS_0023	Pharokka_phiMA004_CDS_0022	99.225	129	261
Pharokka_phi7A_CDS_0023	Pharokka_phiMA002_CDS_0022	99.225	129	261
Pharokka_phi7A_CDS_0023	Pharokka_phiMA001_CDS_0022	99.225	129	261
Pharokka_phi7A_CDS_0023	Pharokka_PV_12_CDS_0024	94.444	54	108
Pharokka_phi7A_CDS_0023	Pharokka_PV_12_CDS_0023	97.826	46	95.1
Pharokka_phi7A_CDS_0024	Pharokka_phiMA004_CDS_0023	100.000	84	167
Pharokka_phi7A_CDS_0024	Pharokka_phiMA002_CDS_0023	100.000	84	167
Pharokka_phi7A_CDS_0024	Pharokka_phiMA001_CDS_0023	100.000	84	167
Pharokka_phi7A_CDS_0024	Pharokka_phi7A_CDS_0024	100.000	84	167
Pharokka_phi7A_CDS_0024	Pharokka_PV_12_CDS_0025	98.810	84	165
Pharokka_phi7A_CDS_0025	Pharokka_PV_12_CDS_0026	100.000	89	183
Pharokka_phi7A_CDS_0025	Pharokka_phi7A_CDS_0025	100.000	89	183
Pharokka_phi7A_CDS_0025	Pharokka_phiMA004_CDS_0024	98.876	89	180
Pharokka_phi7A_CDS_0025	Pharokka_phiMA002_CDS_0024	98.876	89	180
Pharokka_phi7A_CDS_0025	Pharokka_phiMA001_CDS_0024	98.876	89	180
Pharokka_phi7A_CDS_0025	Pharokka_phi11_CDS_0020	98.462	65	135
Pharokka_phi7A_CDS_0026	Pharokka_phi7A_CDS_0026	100.000	173	362
Pharokka_phi7A_CDS_0026	Pharokka_phi11_CDS_0021	98.844	173	358
Pharokka_phi7A_CDS_0026	Pharokka_phiMA004_CDS_0025	98.844	173	358
Pharokka_phi7A_CDS_0026	Pharokka_phiMA002_CDS_0025	98.844	173	358
Pharokka_phi7A_CDS_0026	Pharokka_phiMA001_CDS_0025	98.844	173	358
Pharokka_phi7A_CDS_0026	Pharokka_PV_12_CDS_0027	98.844	173	358
Pharokka_phi7A_CDS_0026	Pharokka_PV_7BP_CDS_0019	98.462	65	139
Pharokka_phi7A_CDS_0026	Pharokka_phi6A_CDS_0019	98.462	65	139
Pharokka_phi7A_CDS_0027	Pharokka_phiMA004_CDS_0026	100.000	154	315
Pharokka_phi7A_CDS_0027	Pharokka_phiMA002_CDS_0026	100.000	154	315
Pharokka_phi7A_CDS_0027	Pharokka_phiMA001_CDS_0026	100.000	154	315
Pharokka_phi7A_CDS_0027	Pharokka_PV_12_CDS_0028	100.000	154	315
Pharokka_phi7A_CDS_0027	Pharokka_PV_7BP_CDS_0020	100.000	154	315
Pharokka_phi7A_CDS_0027	Pharokka_phi11_CDS_0022	100.000	154	315
Pharokka_phi7A_CDS_0027	Pharokka_phi7A_CDS_0027	100.000	154	315
Pharokka_phi7A_CDS_0027	Pharokka_phi6A_CDS_0020	100.000	154	315
Pharokka_phi7A_CDS_0028	Pharokka_phiMA004_CDS_0027	100.000	172	347
Pharokka_phi7A_CDS_0028	Pharokka_phiMA002_CDS_0027	100.000	172	347
Pharokka_phi7A_CDS_0028	Pharokka_phiMA001_CDS_0027	100.000	172	347
Pharokka_phi7A_CDS_0028	Pharokka_phi7A_CDS_0028	100.000	172	347
Pharokka_phi7A_CDS_0028	Pharokka_PV_7BP_CDS_0021	98.256	172	342
Pharokka_phi7A_CDS_0028	Pharokka_phi6A_CDS_0021	98.256	172	342
Pharokka_phi7A_CDS_0028	Pharokka_PV_12_CDS_0029	97.093	172	337
Pharokka_phi7A_CDS_0028	Pharokka_phi11_CDS_0023	99.310	145	292
Pharokka_phi7A_CDS_0029	Pharokka_phi7A_CDS_0029	100.000	142	292
Pharokka_phi7A_CDS_0029	Pharokka_phiMA004_CDS_0028	99.296	142	291
Pharokka_phi7A_CDS_0029	Pharokka_phiMA002_CDS_0028	99.296	142	291
Pharokka_phi7A_CDS_0029	Pharokka_phiMA001_CDS_0028	99.296	142	291
Pharokka_phi7A_CDS_0029	Pharokka_PV_12_CDS_0030	99.296	142	291
Pharokka_phi7A_CDS_0029	Pharokka_PV_7BP_CDS_0022	99.296	142	291
Pharokka_phi7A_CDS_0029	Pharokka_phi11_CDS_0024	99.296	142	291
Pharokka_phi7A_CDS_0029	Pharokka_phi6A_CDS_0022	99.296	142	291
Pharokka_phi7A_CDS_0030	Pharokka_phi11_CDS_0025	100.000	202	399
Pharokka_phi7A_CDS_0030	Pharokka_phi7A_CDS_0030	100.000	202	399
Pharokka_phi7A_CDS_0030	Pharokka_phiMA004_CDS_0029	99.010	202	394
Pharokka_phi7A_CDS_0030	Pharokka_phiMA002_CDS_0029	99.010	202	394
Pharokka_phi7A_CDS_0030	Pharokka_phiMA001_CDS_0029	99.010	202	394
Pharokka_phi7A_CDS_0030	Pharokka_PV_12_CDS_0031	99.010	202	394
Pharokka_phi7A_CDS_0030	Pharokka_PV_7BP_CDS_0023	99.010	202	394
Pharokka_phi7A_CDS_0030	Pharokka_phi6A_CDS_0023	99.010	202	394
Pharokka_phi7A_CDS_0031	Pharokka_phi7A_CDS_0031	100.000	35	65.5
Pharokka_phi7A_CDS_0031	Pharokka_phiMA004_CDS_0030	97.143	35	64.7
Pharokka_phi7A_CDS_0031	Pharokka_phiMA002_CDS_0030	97.143	35	64.7
Pharokka_phi7A_CDS_0031	Pharokka_phiMA001_CDS_0030	97.143	35	64.7
Pharokka_phi7A_CDS_0031	Pharokka_PV_12_CDS_0032	97.143	35	64.7
Pharokka_phi7A_CDS_0031	Pharokka_PV_7BP_CDS_0024	97.143	35	64.7
Pharokka_phi7A_CDS_0031	Pharokka_phi6A_CDS_0024	97.143	35	64.7
Pharokka_phi7A_CDS_0032	Pharokka_phiMA004_CDS_0031	100.000	33	65.1
Pharokka_phi7A_CDS_0032	Pharokka_phiMA002_CDS_0031	100.000	33	65.1
Pharokka_phi7A_CDS_0032	Pharokka_phiMA001_CDS_0031	100.000	33	65.1
Pharokka_phi7A_CDS_0032	Pharokka_PV_12_CDS_0033	100.000	33	65.1
Pharokka_phi7A_CDS_0032	Pharokka_PV_7BP_CDS_0025	100.000	33	65.1
Pharokka_phi7A_CDS_0032	Pharokka_phi11_CDS_0027	100.000	33	65.1
Pharokka_phi7A_CDS_0032	Pharokka_phi7A_CDS_0032	100.000	33	65.1
Pharokka_phi7A_CDS_0032	Pharokka_phi6A_CDS_0025	100.000	33	65.1
Pharokka_phi7A_CDS_0033	Pharokka_phi7A_CDS_0033	100.000	148	298
Pharokka_phi7A_CDS_0033	Pharokka_PV_12_CDS_0034	99.324	148	296
Pharokka_phi7A_CDS_0033	Pharokka_phiMA004_CDS_0032	99.259	135	271
Pharokka_phi7A_CDS_0033	Pharokka_phiMA002_CDS_0032	99.259	135	271
Pharokka_phi7A_CDS_0033	Pharokka_phiMA001_CDS_0032	99.259	135	271
Pharokka_phi7A_CDS_0033	Pharokka_PV_7BP_CDS_0026	99.259	135	271
Pharokka_phi7A_CDS_0033	Pharokka_phi11_CDS_0028	99.259	135	271
Pharokka_phi7A_CDS_0033	Pharokka_phi6A_CDS_0026	99.259	135	271
Pharokka_phi7A_CDS_0034	Pharokka_phi7A_CDS_0034	100.000	138	276
Pharokka_phi7A_CDS_0034	Pharokka_phi11_CDS_0029	88.961	154	266
Pharokka_phi7A_CDS_0034	Pharokka_PV_12_CDS_0035	85.185	162	263
Pharokka_phi7A_CDS_0034	Pharokka_PV_7BP_CDS_0027	80.588	170	257
Pharokka_phi7A_CDS_0034	Pharokka_phi6A_CDS_0027	80.588	170	257
Pharokka_phi7A_CDS_0034	Pharokka_phiMA004_CDS_0033	81.884	138	219
Pharokka_phi7A_CDS_0034	Pharokka_phiMA002_CDS_0033	81.884	138	219
Pharokka_phi7A_CDS_0034	Pharokka_phiMA001_CDS_0033	81.884	138	219
Pharokka_phi7A_CDS_0035	Pharokka_PV_12_CDS_0036	100.000	46	97.1
Pharokka_phi7A_CDS_0035	Pharokka_phi7A_CDS_0035	100.000	46	97.1
Pharokka_phi7A_CDS_0035	Pharokka_phiMA004_CDS_0034	97.826	46	95.5
Pharokka_phi7A_CDS_0035	Pharokka_phiMA002_CDS_0034	97.826	46	95.5
Pharokka_phi7A_CDS_0035	Pharokka_phiMA001_CDS_0034	97.826	46	95.5
Pharokka_phi7A_CDS_0035	Pharokka_phi11_CDS_0030	97.826	46	95.5
Pharokka_phi7A_CDS_0035	Pharokka_PV_7BP_CDS_0028	95.652	46	93.2
Pharokka_phi7A_CDS_0035	Pharokka_phi6A_CDS_0028	95.652	46	93.2
Pharokka_phi7A_CDS_0036	Pharokka_phi7A_CDS_0036	100.000	401	829
Pharokka_phi7A_CDS_0036	Pharokka_PV_12_CDS_0037	99.751	401	827
Pharokka_phi7A_CDS_0036	Pharokka_PV_7BP_CDS_0029	99.501	401	825
Pharokka_phi7A_CDS_0036	Pharokka_phi11_CDS_0031	99.501	401	825
Pharokka_phi7A_CDS_0036	Pharokka_phi6A_CDS_0029	99.501	401	825
Pharokka_phi7A_CDS_0036	Pharokka_phiMA004_CDS_0035	98.254	401	815
Pharokka_phi7A_CDS_0036	Pharokka_phiMA002_CDS_0035	98.254	401	815
Pharokka_phi7A_CDS_0036	Pharokka_phiMA001_CDS_0035	98.254	401	815
Pharokka_phi7A_CDS_0037	Pharokka_PV_7BP_CDS_0030	100.000	50	104
Pharokka_phi7A_CDS_0037	Pharokka_phi7A_CDS_0037	100.000	50	104
Pharokka_phi7A_CDS_0037	Pharokka_phi6A_CDS_0030	100.000	50	104
Pharokka_phi7A_CDS_0037	Pharokka_phi11_CDS_0032	98.000	50	102
Pharokka_phi7A_CDS_0037	Pharokka_phiMA004_CDS_0036	97.959	49	100
Pharokka_phi7A_CDS_0037	Pharokka_phiMA002_CDS_0036	97.959	49	100
Pharokka_phi7A_CDS_0037	Pharokka_phiMA001_CDS_0036	97.959	49	100
Pharokka_phi7A_CDS_0037	Pharokka_PV_12_CDS_0038	78.125	64	94.4
Pharokka_phi7A_CDS_0038	Pharokka_PV_12_CDS_0039	100.000	181	369
Pharokka_phi7A_CDS_0038	Pharokka_PV_7BP_CDS_0031	100.000	181	369
Pharokka_phi7A_CDS_0038	Pharokka_phi7A_CDS_0038	100.000	181	369
Pharokka_phi7A_CDS_0038	Pharokka_phi6A_CDS_0031	100.000	181	369
Pharokka_phi7A_CDS_0038	Pharokka_phiMA004_CDS_0037	99.448	181	367
Pharokka_phi7A_CDS_0038	Pharokka_phiMA002_CDS_0037	99.448	181	367
Pharokka_phi7A_CDS_0038	Pharokka_phiMA001_CDS_0037	99.448	181	367
Pharokka_phi7A_CDS_0038	Pharokka_phi11_CDS_0033	99.448	181	367
Pharokka_phi7A_CDS_0039	Pharokka_phi7A_CDS_0039	100.000	657	1366
Pharokka_phi7A_CDS_0039	Pharokka_PV_12_CDS_0040	99.848	657	1362
Pharokka_phi7A_CDS_0039	Pharokka_phiMA004_CDS_0038	99.696	657	1360
Pharokka_phi7A_CDS_0039	Pharokka_phiMA002_CDS_0038	99.696	657	1360
Pharokka_phi7A_CDS_0039	Pharokka_phiMA001_CDS_0038	99.696	657	1360
Pharokka_phi7A_CDS_0039	Pharokka_phi11_CDS_0034	99.696	657	1360
Pharokka_phi7A_CDS_0039	Pharokka_PV_7BP_CDS_0032	99.087	657	1353
Pharokka_phi7A_CDS_0039	Pharokka_phi6A_CDS_0032	99.087	657	1353
Pharokka_phi7A_CDS_0040	Pharokka_phi7A_CDS_0040	100.000	799	1662
Pharokka_phi7A_CDS_0040	Pharokka_PV_12_CDS_0041	99.875	799	1657
Pharokka_phi7A_CDS_0040	Pharokka_phi11_CDS_0035	99.750	799	1656
Pharokka_phi7A_CDS_0040	Pharokka_phiMA004_CDS_0039	99.750	799	1652
Pharokka_phi7A_CDS_0040	Pharokka_phiMA002_CDS_0039	99.750	799	1652
Pharokka_phi7A_CDS_0040	Pharokka_phiMA001_CDS_0039	99.750	799	1652
Pharokka_phi7A_CDS_0040	Pharokka_PV_7BP_CDS_0033	99.249	799	1650
Pharokka_phi7A_CDS_0040	Pharokka_phi6A_CDS_0033	99.249	799	1650
Pharokka_phi7A_CDS_0041	Pharokka_PV_12_CDS_0042	100.000	71	144
Pharokka_phi7A_CDS_0041	Pharokka_PV_7BP_CDS_0034	100.000	71	144
Pharokka_phi7A_CDS_0041	Pharokka_phi11_CDS_0036	100.000	71	144
Pharokka_phi7A_CDS_0041	Pharokka_phi7A_CDS_0041	100.000	71	144
Pharokka_phi7A_CDS_0041	Pharokka_phi6A_CDS_0034	100.000	71	144
Pharokka_phi7A_CDS_0041	Pharokka_phiMA004_CDS_0040	98.592	71	143
Pharokka_phi7A_CDS_0041	Pharokka_phiMA002_CDS_0040	98.592	71	143
Pharokka_phi7A_CDS_0041	Pharokka_phiMA001_CDS_0040	98.592	71	143
Pharokka_phi7A_CDS_0042	Pharokka_phiMA004_CDS_0041	100.000	101	204
Pharokka_phi7A_CDS_0042	Pharokka_phiMA002_CDS_0041	100.000	101	204
Pharokka_phi7A_CDS_0042	Pharokka_phiMA001_CDS_0041	100.000	101	204
Pharokka_phi7A_CDS_0042	Pharokka_PV_12_CDS_0043	100.000	101	204
Pharokka_phi7A_CDS_0042	Pharokka_PV_7BP_CDS_0035	100.000	101	204
Pharokka_phi7A_CDS_0042	Pharokka_phi11_CDS_0037	100.000	101	204
Pharokka_phi7A_CDS_0042	Pharokka_phi7A_CDS_0042	100.000	101	204
Pharokka_phi7A_CDS_0042	Pharokka_phi6A_CDS_0035	100.000	101	204
Pharokka_phi7A_CDS_0043	Pharokka_phi7A_CDS_0043	100.000	479	993
Pharokka_phi7A_CDS_0043	Pharokka_PV_12_CDS_0044	99.374	479	988
Pharokka_phi7A_CDS_0043	Pharokka_phiMA004_CDS_0042	99.165	479	988
Pharokka_phi7A_CDS_0043	Pharokka_phiMA002_CDS_0042	99.165	479	988
Pharokka_phi7A_CDS_0043	Pharokka_phiMA001_CDS_0042	99.165	479	988
Pharokka_phi7A_CDS_0043	Pharokka_phi11_CDS_0038	99.374	479	988
Pharokka_phi7A_CDS_0043	Pharokka_PV_7BP_CDS_0036	98.956	479	984
Pharokka_phi7A_CDS_0043	Pharokka_phi6A_CDS_0036	98.956	479	984
Pharokka_phi7A_CDS_0044	Pharokka_phi11_CDS_0039	100.000	168	341
Pharokka_phi7A_CDS_0044	Pharokka_phi7A_CDS_0044	100.000	168	341
Pharokka_phi7A_CDS_0044	Pharokka_PV_12_CDS_0045	98.214	168	335
Pharokka_phi7A_CDS_0044	Pharokka_phiMA004_CDS_0043	97.024	168	332
Pharokka_phi7A_CDS_0044	Pharokka_phiMA002_CDS_0043	97.024	168	332
Pharokka_phi7A_CDS_0044	Pharokka_phiMA001_CDS_0043	97.024	168	332
Pharokka_phi7A_CDS_0044	Pharokka_PV_7BP_CDS_0037	97.024	168	332
Pharokka_phi7A_CDS_0044	Pharokka_phi6A_CDS_0037	97.024	168	332
Pharokka_phi7A_CDS_0044	Pharokka_PV_12_CDS_0046	38.095	63	41.6
Pharokka_phi7A_CDS_0044	Pharokka_phi7A_CDS_0045	38.710	62	41.6
Pharokka_phi7A_CDS_0044	Pharokka_phiMA004_CDS_0044	38.710	62	41.2
Pharokka_phi7A_CDS_0044	Pharokka_phiMA002_CDS_0044	38.710	62	41.2
Pharokka_phi7A_CDS_0044	Pharokka_phiMA001_CDS_0044	38.710	62	41.2
Pharokka_phi7A_CDS_0044	Pharokka_PV_7BP_CDS_0038	38.710	62	41.2
Pharokka_phi7A_CDS_0044	Pharokka_phi11_CDS_0040	38.710	62	41.2
Pharokka_phi7A_CDS_0044	Pharokka_phi6A_CDS_0038	38.710	62	41.2
Pharokka_phi7A_CDS_0045	Pharokka_phi7A_CDS_0045	100.000	73	149
Pharokka_phi7A_CDS_0045	Pharokka_PV_7BP_CDS_0038	98.630	73	148
Pharokka_phi7A_CDS_0045	Pharokka_phi11_CDS_0040	98.630	73	148
Pharokka_phi7A_CDS_0045	Pharokka_phi6A_CDS_0038	98.630	73	148
Pharokka_phi7A_CDS_0045	Pharokka_phiMA004_CDS_0044	97.260	73	146
Pharokka_phi7A_CDS_0045	Pharokka_phiMA002_CDS_0044	97.260	73	146
Pharokka_phi7A_CDS_0045	Pharokka_phiMA001_CDS_0044	97.260	73	146
Pharokka_phi7A_CDS_0045	Pharokka_PV_12_CDS_0046	97.260	73	145
Pharokka_phi7A_CDS_0045	Pharokka_PV_12_CDS_0045	39.683	63	42.0
Pharokka_phi7A_CDS_0045	Pharokka_phiMA004_CDS_0043	39.683	63	41.6
Pharokka_phi7A_CDS_0045	Pharokka_phiMA002_CDS_0043	39.683	63	41.6
Pharokka_phi7A_CDS_0045	Pharokka_phiMA001_CDS_0043	39.683	63	41.6
Pharokka_phi7A_CDS_0045	Pharokka_phi11_CDS_0039	38.710	62	41.6
Pharokka_phi7A_CDS_0045	Pharokka_phi7A_CDS_0044	38.710	62	41.6
Pharokka_phi7A_CDS_0045	Pharokka_PV_7BP_CDS_0037	39.683	63	41.2
Pharokka_phi7A_CDS_0045	Pharokka_phi6A_CDS_0037	39.683	63	41.2
Pharokka_phi7A_CDS_0046	Pharokka_phi7A_CDS_0046	100.000	595	1237
Pharokka_phi7A_CDS_0046	Pharokka_PV_12_CDS_0047	98.992	595	1226
Pharokka_phi7A_CDS_0046	Pharokka_phi11_CDS_0041	98.655	595	1222
Pharokka_phi7A_CDS_0046	Pharokka_phiMA004_CDS_0045	96.807	595	1204
Pharokka_phi7A_CDS_0046	Pharokka_phiMA002_CDS_0045	96.807	595	1204
Pharokka_phi7A_CDS_0046	Pharokka_phiMA001_CDS_0045	96.807	595	1204
Pharokka_phi7A_CDS_0046	Pharokka_phi6A_CDS_0039	97.143	595	1203
Pharokka_phi7A_CDS_0046	Pharokka_PV_7BP_CDS_0039	96.975	595	1201
Pharokka_phi7A_CDS_0047	Pharokka_phiMA004_CDS_0046	100.000	223	458
Pharokka_phi7A_CDS_0047	Pharokka_phiMA002_CDS_0046	100.000	223	458
Pharokka_phi7A_CDS_0047	Pharokka_phiMA001_CDS_0046	100.000	223	458
Pharokka_phi7A_CDS_0047	Pharokka_phi11_CDS_0042	100.000	223	458
Pharokka_phi7A_CDS_0047	Pharokka_phi7A_CDS_0047	100.000	223	458
Pharokka_phi7A_CDS_0047	Pharokka_PV_12_CDS_0048	99.552	223	455
Pharokka_phi7A_CDS_0047	Pharokka_PV_7BP_CDS_0040	99.552	223	454
Pharokka_phi7A_CDS_0047	Pharokka_phi6A_CDS_0040	99.552	223	454
Pharokka_phi7A_CDS_0048	Pharokka_phi7A_CDS_0048	100.000	253	528
Pharokka_phi7A_CDS_0048	Pharokka_phiMA004_CDS_0047	99.605	253	528
Pharokka_phi7A_CDS_0048	Pharokka_phiMA002_CDS_0047	99.605	253	528
Pharokka_phi7A_CDS_0048	Pharokka_phiMA001_CDS_0047	99.605	253	528
Pharokka_phi7A_CDS_0048	Pharokka_PV_12_CDS_0049	99.605	253	528
Pharokka_phi7A_CDS_0048	Pharokka_PV_7BP_CDS_0041	99.605	253	528
Pharokka_phi7A_CDS_0048	Pharokka_phi6A_CDS_0041	99.605	253	528
Pharokka_phi7A_CDS_0048	Pharokka_phi11_CDS_0043	99.209	253	526
Pharokka_phi7A_CDS_0048	Pharokka_phi11_CDS_0047	32.215	149	60.8
Pharokka_phi7A_CDS_0048	Pharokka_phi7A_CDS_0052	32.215	149	60.8
Pharokka_phi7A_CDS_0048	Pharokka_PV_12_CDS_0053	32.215	149	60.8
Pharokka_phi7A_CDS_0048	Pharokka_phiMA004_CDS_0051	32.215	149	59.3
Pharokka_phi7A_CDS_0048	Pharokka_phiMA002_CDS_0051	32.215	149	59.3
Pharokka_phi7A_CDS_0048	Pharokka_phiMA001_CDS_0051	32.215	149	59.3
Pharokka_phi7A_CDS_0048	Pharokka_PV_7BP_CDS_0047	31.852	135	57.8
Pharokka_phi7A_CDS_0048	Pharokka_phi6A_CDS_0047	31.852	135	57.8
Pharokka_phi7A_CDS_0049	Pharokka_PV_7BP_CDS_0042	100.000	87	171
Pharokka_phi7A_CDS_0049	Pharokka_phi11_CDS_0044	100.000	87	171
Pharokka_phi7A_CDS_0049	Pharokka_phi7A_CDS_0049	100.000	87	171
Pharokka_phi7A_CDS_0049	Pharokka_phi6A_CDS_0042	100.000	87	171
Pharokka_phi7A_CDS_0049	Pharokka_PV_12_CDS_0050	98.851	87	169
Pharokka_phi7A_CDS_0049	Pharokka_phiMA004_CDS_0048	98.851	87	169
Pharokka_phi7A_CDS_0049	Pharokka_phiMA002_CDS_0048	98.851	87	169
Pharokka_phi7A_CDS_0049	Pharokka_phiMA001_CDS_0048	98.851	87	169
Pharokka_phi7A_CDS_0050	Pharokka_phi7A_CDS_0050	100.000	181	368
Pharokka_phi7A_CDS_0050	Pharokka_phiMA004_CDS_0049	98.895	181	365
Pharokka_phi7A_CDS_0050	Pharokka_phiMA002_CDS_0049	98.895	181	365
Pharokka_phi7A_CDS_0050	Pharokka_phiMA001_CDS_0049	98.895	181	365
Pharokka_phi7A_CDS_0050	Pharokka_PV_12_CDS_0051	98.895	181	365
Pharokka_phi7A_CDS_0050	Pharokka_PV_7BP_CDS_0043	98.895	181	365
Pharokka_phi7A_CDS_0050	Pharokka_phi11_CDS_0045	98.895	181	365
Pharokka_phi7A_CDS_0050	Pharokka_phi6A_CDS_0043	98.895	181	365
Pharokka_phi7A_CDS_0051	Pharokka_phi7A_CDS_0051	100.000	167	348
Pharokka_phi7A_CDS_0051	Pharokka_PV_12_CDS_0052	95.808	167	335
Pharokka_phi7A_CDS_0051	Pharokka_PV_7BP_CDS_0044	95.808	167	335
Pharokka_phi7A_CDS_0051	Pharokka_phi6A_CDS_0044	95.808	167	335
Pharokka_phi7A_CDS_0051	Pharokka_phi11_CDS_0046	95.210	167	334
Pharokka_phi7A_CDS_0051	Pharokka_phiMA004_CDS_0050	88.623	167	313
Pharokka_phi7A_CDS_0051	Pharokka_phiMA002_CDS_0050	88.623	167	313
Pharokka_phi7A_CDS_0051	Pharokka_phiMA001_CDS_0050	88.623	167	313
Pharokka_phi7A_CDS_0052	Pharokka_phi11_CDS_0047	100.000	226	476
Pharokka_phi7A_CDS_0052	Pharokka_phi7A_CDS_0052	100.000	226	476
Pharokka_phi7A_CDS_0052	Pharokka_PV_12_CDS_0053	99.558	226	474
Pharokka_phi7A_CDS_0052	Pharokka_PV_7BP_CDS_0047	97.345	226	465
Pharokka_phi7A_CDS_0052	Pharokka_phi6A_CDS_0047	97.345	226	465
Pharokka_phi7A_CDS_0052	Pharokka_phiMA004_CDS_0051	96.903	226	461
Pharokka_phi7A_CDS_0052	Pharokka_phiMA002_CDS_0051	96.903	226	461
Pharokka_phi7A_CDS_0052	Pharokka_phiMA001_CDS_0051	96.903	226	461
Pharokka_phi7A_CDS_0052	Pharokka_phi7A_CDS_0048	32.215	149	60.8
Pharokka_phi7A_CDS_0052	Pharokka_phiMA004_CDS_0047	32.215	149	60.8
Pharokka_phi7A_CDS_0052	Pharokka_phiMA002_CDS_0047	32.215	149	60.8
Pharokka_phi7A_CDS_0052	Pharokka_phiMA001_CDS_0047	32.215	149	60.8
Pharokka_phi7A_CDS_0052	Pharokka_PV_12_CDS_0049	32.215	149	60.8
Pharokka_phi7A_CDS_0052	Pharokka_PV_7BP_CDS_0041	32.215	149	60.8
Pharokka_phi7A_CDS_0052	Pharokka_phi6A_CDS_0041	32.215	149	60.8
Pharokka_phi7A_CDS_0052	Pharokka_phi11_CDS_0043	32.215	149	60.8
Pharokka_phi7A_CDS_0053	Pharokka_PV_12_CDS_0054	100.000	63	127
Pharokka_phi7A_CDS_0053	Pharokka_PV_7BP_CDS_0048	100.000	63	127
Pharokka_phi7A_CDS_0053	Pharokka_phi7A_CDS_0053	100.000	63	127
Pharokka_phi7A_CDS_0053	Pharokka_phi6A_CDS_0048	100.000	63	127
Pharokka_phi7A_CDS_0053	Pharokka_phi11_CDS_0048	98.413	63	124
Pharokka_phi7A_CDS_0053	Pharokka_phiMA004_CDS_0052	95.238	63	121
Pharokka_phi7A_CDS_0053	Pharokka_phiMA002_CDS_0052	95.238	63	121
Pharokka_phi7A_CDS_0053	Pharokka_phiMA001_CDS_0052	95.238	63	121
Pharokka_phi7A_CDS_0054	Pharokka_phi7A_CDS_0054	100.000	302	617
Pharokka_phi7A_CDS_0054	Pharokka_PV_7BP_CDS_0049	99.669	302	615
Pharokka_phi7A_CDS_0054	Pharokka_phi6A_CDS_0049	99.669	302	615
Pharokka_phi7A_CDS_0054	Pharokka_phiMA004_CDS_0053	99.669	302	614
Pharokka_phi7A_CDS_0054	Pharokka_phiMA002_CDS_0053	99.669	302	614
Pharokka_phi7A_CDS_0054	Pharokka_phiMA001_CDS_0053	99.669	302	614
Pharokka_phi7A_CDS_0054	Pharokka_PV_12_CDS_0055	99.669	302	614
Pharokka_phi7A_CDS_0054	Pharokka_phi11_CDS_0049	99.007	302	610
Pharokka_phi7A_CDS_0055	Pharokka_phi7A_CDS_0055	100.000	148	305
Pharokka_phi7A_CDS_0055	Pharokka_phiMA004_CDS_0054	98.649	148	303
Pharokka_phi7A_CDS_0055	Pharokka_phiMA002_CDS_0054	98.649	148	303
Pharokka_phi7A_CDS_0055	Pharokka_phiMA001_CDS_0054	98.649	148	303
Pharokka_phi7A_CDS_0055	Pharokka_PV_12_CDS_0056	98.649	148	303
Pharokka_phi7A_CDS_0055	Pharokka_phi11_CDS_0050	97.297	148	300
Pharokka_phi7A_CDS_0055	Pharokka_PV_7BP_CDS_0050	93.919	148	296
Pharokka_phi7A_CDS_0055	Pharokka_phi6A_CDS_0050	93.919	148	296
Pharokka_phi7A_CDS_0056	Pharokka_phi7A_CDS_0056	100.000	104	204
Pharokka_phi7A_CDS_0056	Pharokka_phiMA004_CDS_0055	98.077	104	200
Pharokka_phi7A_CDS_0056	Pharokka_phiMA002_CDS_0055	98.077	104	200
Pharokka_phi7A_CDS_0056	Pharokka_phiMA001_CDS_0055	98.077	104	200
Pharokka_phi7A_CDS_0056	Pharokka_PV_12_CDS_0057	98.077	104	200
Pharokka_phi7A_CDS_0056	Pharokka_phi11_CDS_0051	98.077	104	200
Pharokka_phi7A_CDS_0056	Pharokka_PV_7BP_CDS_0051	94.231	104	196
Pharokka_phi7A_CDS_0056	Pharokka_phi6A_CDS_0051	94.231	104	196
Pharokka_phi7A_CDS_0057	Pharokka_phi7A_CDS_0057	100.000	52	103
Pharokka_phi7A_CDS_0057	Pharokka_PV_12_CDS_0059	100.000	36	71.2
Pharokka_phi7A_CDS_0058	Pharokka_phiMA004_CDS_0057	100.000	34	65.9
Pharokka_phi7A_CDS_0058	Pharokka_phiMA002_CDS_0057	100.000	34	65.9
Pharokka_phi7A_CDS_0058	Pharokka_phiMA001_CDS_0057	100.000	34	65.9
Pharokka_phi7A_CDS_0058	Pharokka_phi11_CDS_0053	100.000	34	65.9
Pharokka_phi7A_CDS_0058	Pharokka_phi7A_CDS_0058	100.000	34	65.9
Pharokka_phi7A_CDS_0058	Pharokka_PV_7BP_CDS_0053	94.118	34	61.2
Pharokka_phi7A_CDS_0058	Pharokka_phi6A_CDS_0053	94.118	34	61.2
Pharokka_phi7A_CDS_0059	Pharokka_phi7A_CDS_0059	100.000	380	754
Pharokka_phi7A_CDS_0059	Pharokka_PV_7BP_CDS_0054	99.211	380	748
Pharokka_phi7A_CDS_0059	Pharokka_phi6A_CDS_0054	99.211	380	748
Pharokka_phi7A_CDS_0059	Pharokka_phiMA004_CDS_0059	98.688	381	742
Pharokka_phi7A_CDS_0059	Pharokka_phiMA002_CDS_0059	98.688	381	742
Pharokka_phi7A_CDS_0059	Pharokka_phiMA001_CDS_0059	98.688	381	742
Pharokka_phi7A_CDS_0059	Pharokka_phi11_CDS_0054	98.947	380	742
Pharokka_phi7A_CDS_0059	Pharokka_PV_12_CDS_0062	97.895	380	734
Pharokka_phi7A_CDS_0060	Pharokka_phi7A_CDS_0060	100.000	38	78.6
Pharokka_phi7A_CDS_0060	Pharokka_phiMA004_CDS_0060	97.368	38	75.1
Pharokka_phi7A_CDS_0060	Pharokka_phiMA002_CDS_0060	97.368	38	75.1
Pharokka_phi7A_CDS_0060	Pharokka_phiMA001_CDS_0060	97.368	38	75.1
Pharokka_phi7A_CDS_0060	Pharokka_PV_12_CDS_0063	94.737	38	73.6
Pharokka_phi7A_CDS_0060	Pharokka_phi11_CDS_0055	94.737	38	71.2
Pharokka_phi7A_CDS_0061	Pharokka_phi7A_CDS_0061	100.000	51	99.8
Pharokka_phi7A_CDS_0061	Pharokka_phiMA004_CDS_0061	94.000	50	91.7
Pharokka_phi7A_CDS_0061	Pharokka_phiMA002_CDS_0061	94.000	50	91.7
Pharokka_phi7A_CDS_0061	Pharokka_phiMA001_CDS_0061	94.000	50	91.7
Pharokka_phi7A_CDS_0061	Pharokka_phi11_CDS_0056	90.196	51	90.1
Pharokka_phi7A_CDS_0062	Pharokka_phi7A_CDS_0062	100.000	36	77.4
Pharokka_phi7A_CDS_0063	Pharokka_phi7A_CDS_0063	100.000	266	541
Pharokka_phi7A_CDS_0063	Pharokka_PV_12_CDS_0066	97.368	266	529
Pharokka_phi7A_CDS_0063	Pharokka_phi6A_CDS_0057	96.241	266	518
Pharokka_phi7A_CDS_0063	Pharokka_PV_7BP_CDS_0057	95.865	266	516
Pharokka_phi7A_CDS_0063	Pharokka_phi11_CDS_0059	94.361	266	506
Pharokka_phi7A_CDS_0063	Pharokka_phiMA004_CDS_0065	93.609	266	506
Pharokka_phi7A_CDS_0063	Pharokka_phiMA002_CDS_0065	93.609	266	506
Pharokka_phi7A_CDS_0063	Pharokka_phiMA001_CDS_0065	93.609	266	506
Pharokka_phi7A_CDS_0064	Pharokka_phiMA004_CDS_0066	100.000	43	90.1
Pharokka_phi7A_CDS_0064	Pharokka_phiMA002_CDS_0066	100.000	43	90.1
Pharokka_phi7A_CDS_0064	Pharokka_phiMA001_CDS_0066	100.000	43	90.1
Pharokka_phi7A_CDS_0064	Pharokka_PV_7BP_CDS_0058	100.000	43	90.1
Pharokka_phi7A_CDS_0064	Pharokka_phi11_CDS_0060	100.000	43	90.1
Pharokka_phi7A_CDS_0064	Pharokka_phi7A_CDS_0064	100.000	43	90.1
Pharokka_phi7A_CDS_0064	Pharokka_phi6A_CDS_0058	100.000	43	90.1
Pharokka_phi7A_CDS_0064	Pharokka_PV_12_CDS_0067	97.674	43	88.6
Pharokka_phi7A_CDS_0065	Pharokka_PV_12_CDS_0068	100.000	45	87.4
Pharokka_phi7A_CDS_0065	Pharokka_PV_7BP_CDS_0059	100.000	45	87.4
Pharokka_phi7A_CDS_0065	Pharokka_phi11_CDS_0061	100.000	45	87.4
Pharokka_phi7A_CDS_0065	Pharokka_phi7A_CDS_0065	100.000	45	87.4
Pharokka_phi7A_CDS_0065	Pharokka_phi6A_CDS_0059	100.000	45	87.4
Pharokka_phi7A_CDS_0065	Pharokka_phiMA004_CDS_0067	97.778	45	85.1
Pharokka_phi7A_CDS_0065	Pharokka_phiMA002_CDS_0067	97.778	45	85.1
Pharokka_phi7A_CDS_0065	Pharokka_phiMA001_CDS_0067	97.778	45	85.1
Pharokka_phi7A_CDS_0066	Pharokka_PV_12_CDS_0069	100.000	36	75.9
Pharokka_phi7A_CDS_0066	Pharokka_phi7A_CDS_0066	100.000	36	75.9
Pharokka_phi7A_CDS_0066	Pharokka_phiMA004_CDS_0068	97.222	36	73.6
Pharokka_phi7A_CDS_0066	Pharokka_phiMA002_CDS_0068	97.222	36	73.6
Pharokka_phi7A_CDS_0066	Pharokka_phiMA001_CDS_0068	97.222	36	73.6
Pharokka_phi7A_CDS_0066	Pharokka_PV_7BP_CDS_0060	97.222	36	73.6
Pharokka_phi7A_CDS_0066	Pharokka_phi11_CDS_0062	97.222	36	73.6
Pharokka_phi7A_CDS_0066	Pharokka_phi6A_CDS_0060	97.222	36	73.6
Pharokka_phi7A_CDS_0067	Pharokka_phi7A_CDS_0067	100.000	42	87.0
Pharokka_phi7A_CDS_0068	Pharokka_phi7A_CDS_0068	100.000	29	60.5
Pharokka_phi7A_CDS_0069	Pharokka_phi11_CDS_0066	100.000	44	87.8
Pharokka_phi7A_CDS_0069	Pharokka_phi7A_CDS_0069	100.000	44	87.8
Pharokka_phi7A_CDS_0069	Pharokka_phiMA004_CDS_0073	95.455	44	84.3
Pharokka_phi7A_CDS_0069	Pharokka_phiMA002_CDS_0072	95.455	44	84.3
Pharokka_phi7A_CDS_0069	Pharokka_phiMA001_CDS_0072	95.455	44	84.3
Pharokka_phi7A_CDS_0069	Pharokka_PV_7BP_CDS_0065	93.182	44	82.8
Pharokka_phi7A_CDS_0069	Pharokka_PV_12_CDS_0073	90.909	44	78.6
Pharokka_phi7A_CDS_0070	Pharokka_phi11_CDS_0067	100.000	39	83.6
Pharokka_phi7A_CDS_0070	Pharokka_phi7A_CDS_0070	100.000	39	83.6
Pharokka_phi7A_CDS_0070	Pharokka_phiMA004_CDS_0074	97.436	39	81.6
Pharokka_phi7A_CDS_0070	Pharokka_phiMA002_CDS_0073	97.436	39	81.6
Pharokka_phi7A_CDS_0070	Pharokka_phiMA001_CDS_0073	97.436	39	81.6
Pharokka_phi7A_CDS_0070	Pharokka_PV_12_CDS_0074	97.436	39	81.6
Pharokka_phi7A_CDS_0071	Pharokka_phi11_CDS_0068	100.000	44	88.6
Pharokka_phi7A_CDS_0071	Pharokka_phi7A_CDS_0071	100.000	44	88.6
Pharokka_phi7A_CDS_0071	Pharokka_phiMA004_CDS_0075	97.727	44	85.5
Pharokka_phi7A_CDS_0071	Pharokka_phiMA002_CDS_0074	97.727	44	85.5
Pharokka_phi7A_CDS_0071	Pharokka_phiMA001_CDS_0074	97.727	44	85.5
Pharokka_phi7A_CDS_0071	Pharokka_PV_12_CDS_0075	95.455	44	83.6
Pharokka_phi7A_CDS_0072	Pharokka_phiMA004_CDS_0076	100.000	236	476
Pharokka_phi7A_CDS_0072	Pharokka_phiMA002_CDS_0075	100.000	236	476
Pharokka_phi7A_CDS_0072	Pharokka_phiMA001_CDS_0075	100.000	236	476
Pharokka_phi7A_CDS_0072	Pharokka_PV_12_CDS_0076	100.000	236	476
Pharokka_phi7A_CDS_0072	Pharokka_PV_7BP_CDS_0068	100.000	236	476
Pharokka_phi7A_CDS_0072	Pharokka_phi11_CDS_0069	100.000	236	476
Pharokka_phi7A_CDS_0072	Pharokka_phi7A_CDS_0072	100.000	236	476
Pharokka_phi7A_CDS_0072	Pharokka_phi6A_CDS_0069	100.000	236	476
Pharokka_phi7A_CDS_0073	Pharokka_phi7A_CDS_0073	100.000	247	506
Pharokka_phi7A_CDS_0073	Pharokka_PV_12_CDS_0077	93.927	247	480
Pharokka_phi7A_CDS_0073	Pharokka_phi11_CDS_0070	93.522	247	478
Pharokka_phi7A_CDS_0073	Pharokka_phiMA004_CDS_0077	93.117	247	477
Pharokka_phi7A_CDS_0073	Pharokka_phiMA002_CDS_0076	93.117	247	477
Pharokka_phi7A_CDS_0073	Pharokka_phiMA001_CDS_0076	93.117	247	477
Pharokka_phi7A_CDS_0073	Pharokka_PV_7BP_CDS_0069	33.498	203	103
Pharokka_phi7A_CDS_0073	Pharokka_phi6A_CDS_0070	33.498	203	103
Pharokka_phi11_CDS_0001	Pharokka_phi11_CDS_0001	100.000	501	1053
Pharokka_phi11_CDS_0001	Pharokka_phiMA004_CDS_0001	99.800	501	1052
Pharokka_phi11_CDS_0001	Pharokka_phiMA002_CDS_0001	99.800	501	1052
Pharokka_phi11_CDS_0001	Pharokka_phiMA001_CDS_0001	99.800	501	1052
Pharokka_phi11_CDS_0001	Pharokka_PV_12_CDS_0001	99.800	501	1052
Pharokka_phi11_CDS_0001	Pharokka_phi7A_CDS_0001	99.800	501	1052
Pharokka_phi11_CDS_0001	Pharokka_PV_7BP_CDS_0001	99.582	479	1009
Pharokka_phi11_CDS_0001	Pharokka_phi6A_CDS_0001	99.582	479	1009
Pharokka_phi11_CDS_0002	Pharokka_phi11_CDS_0002	100.000	218	452
Pharokka_phi11_CDS_0002	Pharokka_phi7A_CDS_0002	98.157	217	444
Pharokka_phi11_CDS_0002	Pharokka_PV_12_CDS_0002	98.148	216	444
Pharokka_phi11_CDS_0002	Pharokka_phi6A_CDS_0002	97.706	218	442
Pharokka_phi11_CDS_0002	Pharokka_phiMA004_CDS_0002	96.789	218	442
Pharokka_phi11_CDS_0002	Pharokka_phiMA002_CDS_0002	96.789	218	442
Pharokka_phi11_CDS_0002	Pharokka_phiMA001_CDS_0002	96.789	218	442
Pharokka_phi11_CDS_0002	Pharokka_PV_7BP_CDS_0002	97.248	218	441
Pharokka_phi11_CDS_0003	Pharokka_phi11_CDS_0003	100.000	596	1231
Pharokka_phi11_CDS_0003	Pharokka_PV_12_CDS_0003	99.832	596	1230
Pharokka_phi11_CDS_0003	Pharokka_PV_7BP_CDS_0003	99.329	596	1229
Pharokka_phi11_CDS_0003	Pharokka_phi6A_CDS_0003	99.329	596	1229
Pharokka_phi11_CDS_0003	Pharokka_phi7A_CDS_0003	99.161	596	1224
Pharokka_phi11_CDS_0003	Pharokka_phiMA004_CDS_0003	98.826	596	1220
Pharokka_phi11_CDS_0003	Pharokka_phiMA002_CDS_0003	98.826	596	1220
Pharokka_phi11_CDS_0003	Pharokka_phiMA001_CDS_0003	98.826	596	1220
Pharokka_phi11_CDS_0004	Pharokka_phi11_CDS_0004	100.000	144	296
Pharokka_phi11_CDS_0004	Pharokka_phiMA004_CDS_0004	98.611	144	292
Pharokka_phi11_CDS_0004	Pharokka_phiMA002_CDS_0004	98.611	144	292
Pharokka_phi11_CDS_0004	Pharokka_phiMA001_CDS_0004	98.611	144	292
Pharokka_phi11_CDS_0004	Pharokka_phi7A_CDS_0004	97.917	144	290
Pharokka_phi11_CDS_0004	Pharokka_PV_7BP_CDS_0004	97.842	139	282
Pharokka_phi11_CDS_0004	Pharokka_phi6A_CDS_0004	97.842	139	282
Pharokka_phi11_CDS_0004	Pharokka_PV_12_CDS_0004	97.842	139	281
Pharokka_phi11_CDS_0005	Pharokka_phi11_CDS_0005	100.000	317	630
Pharokka_phi11_CDS_0005	Pharokka_PV_12_CDS_0005	99.369	317	627
Pharokka_phi11_CDS_0005	Pharokka_phi7A_CDS_0005	99.369	317	627
Pharokka_phi11_CDS_0005	Pharokka_PV_7BP_CDS_0005	98.738	317	625
Pharokka_phi11_CDS_0005	Pharokka_phi6A_CDS_0005	98.738	317	625
Pharokka_phi11_CDS_0005	Pharokka_phiMA004_CDS_0005	99.054	317	625
Pharokka_phi11_CDS_0005	Pharokka_phiMA002_CDS_0005	99.054	317	625
Pharokka_phi11_CDS_0005	Pharokka_phiMA001_CDS_0005	99.054	317	625
Pharokka_phi11_CDS_0006	Pharokka_phi11_CDS_0006	100.000	371	765
Pharokka_phi11_CDS_0006	Pharokka_PV_7BP_CDS_0006	99.730	371	764
Pharokka_phi11_CDS_0006	Pharokka_phi6A_CDS_0006	99.730	371	764
Pharokka_phi11_CDS_0006	Pharokka_phi7A_CDS_0006	99.461	371	762
Pharokka_phi11_CDS_0006	Pharokka_PV_12_CDS_0006	98.922	371	759
Pharokka_phi11_CDS_0006	Pharokka_phiMA002_CDS_0006	98.652	371	754
Pharokka_phi11_CDS_0006	Pharokka_phiMA001_CDS_0006	98.652	371	754
Pharokka_phi11_CDS_0006	Pharokka_phiMA004_CDS_0006	98.383	371	753
Pharokka_phi11_CDS_0007	Pharokka_phi11_CDS_0007	100.000	474	960
Pharokka_phi11_CDS_0007	Pharokka_PV_7BP_CDS_0007	84.599	474	805
Pharokka_phi11_CDS_0007	Pharokka_phi6A_CDS_0007	84.599	474	805
Pharokka_phi11_CDS_0007	Pharokka_PV_12_CDS_0007	65.795	497	602
Pharokka_phi11_CDS_0007	Pharokka_phi7A_CDS_0007	40.848	519	289
Pharokka_phi11_CDS_0008	Pharokka_phi11_CDS_0008	100.000	69	141
Pharokka_phi11_CDS_0008	Pharokka_PV_7BP_CDS_0008	98.551	69	140
Pharokka_phi11_CDS_0008	Pharokka_phi6A_CDS_0008	98.551	69	140
Pharokka_phi11_CDS_0008	Pharokka_PV_12_CDS_0008	95.652	69	138
Pharokka_phi11_CDS_0008	Pharokka_phi7A_CDS_0008	88.406	69	130
Pharokka_phi11_CDS_0008	Pharokka_phiMA004_CDS_0007	88.462	26	48.5
Pharokka_phi11_CDS_0008	Pharokka_phiMA002_CDS_0007	88.462	26	48.5
Pharokka_phi11_CDS_0008	Pharokka_phiMA001_CDS_0007	88.462	26	48.5
Pharokka_phi11_CDS_0009	Pharokka_phi11_CDS_0009	100.000	432	898
Pharokka_phi11_CDS_0009	Pharokka_PV_7BP_CDS_0009	99.769	432	896
Pharokka_phi11_CDS_0009	Pharokka_phi6A_CDS_0009	99.769	432	896
Pharokka_phi11_CDS_0009	Pharokka_phi7A_CDS_0009	99.537	432	895
Pharokka_phi11_CDS_0009	Pharokka_PV_12_CDS_0009	99.537	432	894
Pharokka_phi11_CDS_0009	Pharokka_phiMA004_CDS_0008	99.306	432	893
Pharokka_phi11_CDS_0009	Pharokka_phiMA002_CDS_0008	99.306	432	893
Pharokka_phi11_CDS_0009	Pharokka_phiMA001_CDS_0008	99.306	432	893
Pharokka_phi11_CDS_0010	Pharokka_phi11_CDS_0010	100.000	146	297
Pharokka_phi11_CDS_0010	Pharokka_PV_7BP_CDS_0010	99.315	146	296
Pharokka_phi11_CDS_0010	Pharokka_phi7A_CDS_0010	99.315	146	296
Pharokka_phi11_CDS_0010	Pharokka_phi6A_CDS_0010	99.315	146	296
Pharokka_phi11_CDS_0010	Pharokka_PV_12_CDS_0010	98.630	146	294
Pharokka_phi11_CDS_0010	Pharokka_phiMA004_CDS_0009	98.630	146	294
Pharokka_phi11_CDS_0010	Pharokka_phiMA002_CDS_0009	98.630	146	294
Pharokka_phi11_CDS_0010	Pharokka_phiMA001_CDS_0009	98.630	146	294
Pharokka_phi11_CDS_0011	Pharokka_phi11_CDS_0011	100.000	211	435
Pharokka_phi11_CDS_0011	Pharokka_phi7A_CDS_0011	100.000	211	435
Pharokka_phi11_CDS_0011	Pharokka_phiMA004_CDS_0010	99.052	211	433
Pharokka_phi11_CDS_0011	Pharokka_phiMA002_CDS_0010	99.052	211	433
Pharokka_phi11_CDS_0011	Pharokka_phiMA001_CDS_0010	99.052	211	433
Pharokka_phi11_CDS_0011	Pharokka_PV_12_CDS_0011	99.052	211	433
Pharokka_phi11_CDS_0011	Pharokka_PV_7BP_CDS_0011	98.578	211	432
Pharokka_phi11_CDS_0011	Pharokka_phi6A_CDS_0011	98.578	211	432
Pharokka_phi11_CDS_0012	Pharokka_PV_12_CDS_0012	100.000	87	171
Pharokka_phi11_CDS_0012	Pharokka_phi11_CDS_0012	100.000	87	171
Pharokka_phi11_CDS_0012	Pharokka_phi7A_CDS_0012	100.000	87	171
Pharokka_phi11_CDS_0012	Pharokka_phiMA004_CDS_0011	98.851	87	169
Pharokka_phi11_CDS_0012	Pharokka_phiMA002_CDS_0011	98.851	87	169
Pharokka_phi11_CDS_0012	Pharokka_phiMA001_CDS_0011	98.851	87	169
Pharokka_phi11_CDS_0012	Pharokka_PV_7BP_CDS_0012	97.701	87	169
Pharokka_phi11_CDS_0012	Pharokka_phi6A_CDS_0012	97.701	87	169
Pharokka_phi11_CDS_0013	Pharokka_PV_12_CDS_0013	100.000	253	513
Pharokka_phi11_CDS_0013	Pharokka_phi11_CDS_0013	100.000	253	513
Pharokka_phi11_CDS_0013	Pharokka_phi7A_CDS_0013	100.000	253	513
Pharokka_phi11_CDS_0013	Pharokka_phiMA004_CDS_0012	99.209	253	509
Pharokka_phi11_CDS_0013	Pharokka_phiMA002_CDS_0012	99.209	253	509
Pharokka_phi11_CDS_0013	Pharokka_phiMA001_CDS_0012	99.209	253	509
Pharokka_phi11_CDS_0013	Pharokka_PV_7BP_CDS_0013	98.814	253	509
Pharokka_phi11_CDS_0013	Pharokka_phi6A_CDS_0013	98.814	253	509
Pharokka_phi11_CDS_0014	Pharokka_phi11_CDS_0014	100.000	1181	2364
Pharokka_phi11_CDS_0014	Pharokka_PV_12_CDS_0014	99.577	1181	2358
Pharokka_phi11_CDS_0014	Pharokka_phi7A_CDS_0014	99.492	1181	2356
Pharokka_phi11_CDS_0014	Pharokka_phiMA004_CDS_0013	99.492	1181	2355
Pharokka_phi11_CDS_0014	Pharokka_phiMA002_CDS_0013	99.492	1181	2355
Pharokka_phi11_CDS_0014	Pharokka_phiMA001_CDS_0013	99.492	1181	2355
Pharokka_phi11_CDS_0014	Pharokka_PV_7BP_CDS_0014	99.492	1181	2353
Pharokka_phi11_CDS_0014	Pharokka_phi6A_CDS_0014	99.492	1181	2353
Pharokka_phi11_CDS_0015	Pharokka_phiMA004_CDS_0014	100.000	726	1506
Pharokka_phi11_CDS_0015	Pharokka_phiMA002_CDS_0014	100.000	726	1506
Pharokka_phi11_CDS_0015	Pharokka_phiMA001_CDS_0014	100.000	726	1506
Pharokka_phi11_CDS_0015	Pharokka_phi11_CDS_0015	100.000	726	1506
Pharokka_phi11_CDS_0015	Pharokka_phi7A_CDS_0015	100.000	726	1506
Pharokka_phi11_CDS_0015	Pharokka_PV_12_CDS_0015	99.862	726	1504
Pharokka_phi11_CDS_0015	Pharokka_PV_7BP_CDS_0015	97.658	726	1472
Pharokka_phi11_CDS_0015	Pharokka_phi6A_CDS_0015	97.658	726	1472
Pharokka_phi11_CDS_0016	Pharokka_phi11_CDS_0016	100.000	1570	3203
Pharokka_phi11_CDS_0016	Pharokka_phi7A_CDS_0016	99.427	1570	3186
Pharokka_phi11_CDS_0016	Pharokka_PV_7BP_CDS_0016	87.422	1606	2652
Pharokka_phi11_CDS_0016	Pharokka_phi6A_CDS_0016	87.422	1606	2652
Pharokka_phi11_CDS_0016	Pharokka_phiMA004_CDS_0015	96.594	969	1922
Pharokka_phi11_CDS_0016	Pharokka_phiMA004_CDS_0015	73.323	626	826
Pharokka_phi11_CDS_0016	Pharokka_phiMA002_CDS_0015	96.594	969	1922
Pharokka_phi11_CDS_0016	Pharokka_phiMA002_CDS_0015	73.323	626	826
Pharokka_phi11_CDS_0016	Pharokka_phiMA001_CDS_0015	96.594	969	1922
Pharokka_phi11_CDS_0016	Pharokka_phiMA001_CDS_0015	73.323	626	826
Pharokka_phi11_CDS_0016	Pharokka_PV_12_CDS_0016	96.594	969	1921
Pharokka_phi11_CDS_0016	Pharokka_PV_12_CDS_0016	71.674	639	825
Pharokka_phi11_CDS_0017	Pharokka_phi11_CDS_0017	100.000	104	207
Pharokka_phi11_CDS_0017	Pharokka_PV_12_CDS_0017	98.077	104	204
Pharokka_phi11_CDS_0017	Pharokka_phi7A_CDS_0017	98.077	104	204
Pharokka_phi11_CDS_0017	Pharokka_phiMA004_CDS_0016	95.146	103	197
Pharokka_phi11_CDS_0017	Pharokka_phiMA002_CDS_0016	95.146	103	197
Pharokka_phi11_CDS_0017	Pharokka_phiMA001_CDS_0016	95.146	103	197
Pharokka_phi11_CDS_0017	Pharokka_PV_7BP_CDS_0017	95.146	103	194
Pharokka_phi11_CDS_0017	Pharokka_phi6A_CDS_0017	95.146	103	194
Pharokka_phi11_CDS_0018	Pharokka_phi11_CDS_0018	100.000	100	200
Pharokka_phi11_CDS_0018	Pharokka_phi7A_CDS_0018	99.000	100	198
Pharokka_phi11_CDS_0018	Pharokka_phiMA004_CDS_0017	98.000	100	197
Pharokka_phi11_CDS_0018	Pharokka_phiMA002_CDS_0017	98.000	100	197
Pharokka_phi11_CDS_0018	Pharokka_phiMA001_CDS_0017	98.000	100	197
Pharokka_phi11_CDS_0018	Pharokka_PV_7BP_CDS_0018	98.000	100	197
Pharokka_phi11_CDS_0018	Pharokka_phi6A_CDS_0018	98.000	100	197
Pharokka_phi11_CDS_0018	Pharokka_PV_12_CDS_0018	98.000	100	197
Pharokka_phi11_CDS_0019	Pharokka_phiMA004_CDS_0018	100.000	41	79.7
Pharokka_phi11_CDS_0019	Pharokka_phiMA002_CDS_0018	100.000	41	79.7
Pharokka_phi11_CDS_0019	Pharokka_phiMA001_CDS_0018	100.000	41	79.7
Pharokka_phi11_CDS_0019	Pharokka_phi11_CDS_0019	100.000	41	79.7
Pharokka_phi11_CDS_0019	Pharokka_phi7A_CDS_0019	100.000	41	79.7
Pharokka_phi11_CDS_0019	Pharokka_PV_12_CDS_0019	97.561	41	77.0
Pharokka_phi11_CDS_0020	Pharokka_phi11_CDS_0020	100.000	100	208
Pharokka_phi11_CDS_0020	Pharokka_phiMA004_CDS_0024	98.462	65	135
Pharokka_phi11_CDS_0020	Pharokka_phiMA002_CDS_0024	98.462	65	135
Pharokka_phi11_CDS_0020	Pharokka_phiMA001_CDS_0024	98.462	65	135
Pharokka_phi11_CDS_0020	Pharokka_PV_12_CDS_0026	98.462	65	135
Pharokka_phi11_CDS_0020	Pharokka_phi7A_CDS_0025	98.462	65	135
Pharokka_phi11_CDS_0020	Pharokka_phiMA004_CDS_0019	97.297	37	77.8
Pharokka_phi11_CDS_0020	Pharokka_phiMA002_CDS_0019	97.297	37	77.8
Pharokka_phi11_CDS_0020	Pharokka_phiMA001_CDS_0019	97.297	37	77.8
Pharokka_phi11_CDS_0020	Pharokka_phi7A_CDS_0020	97.297	37	77.8
Pharokka_phi11_CDS_0021	Pharokka_phi11_CDS_0021	100.000	173	362
Pharokka_phi11_CDS_0021	Pharokka_phiMA004_CDS_0025	98.844	173	359
Pharokka_phi11_CDS_0021	Pharokka_phiMA002_CDS_0025	98.844	173	359
Pharokka_phi11_CDS_0021	Pharokka_phiMA001_CDS_0025	98.844	173	359
Pharokka_phi11_CDS_0021	Pharokka_PV_12_CDS_0027	98.844	173	359
Pharokka_phi11_CDS_0021	Pharokka_phi7A_CDS_0026	98.844	173	358
Pharokka_phi11_CDS_0021	Pharokka_PV_7BP_CDS_0019	98.462	65	139
Pharokka_phi11_CDS_0021	Pharokka_phi6A_CDS_0019	98.462	65	139
Pharokka_phi11_CDS_0022	Pharokka_phiMA004_CDS_0026	100.000	154	315
Pharokka_phi11_CDS_0022	Pharokka_phiMA002_CDS_0026	100.000	154	315
Pharokka_phi11_CDS_0022	Pharokka_phiMA001_CDS_0026	100.000	154	315
Pharokka_phi11_CDS_0022	Pharokka_PV_12_CDS_0028	100.000	154	315
Pharokka_phi11_CDS_0022	Pharokka_PV_7BP_CDS_0020	100.000	154	315
Pharokka_phi11_CDS_0022	Pharokka_phi11_CDS_0022	100.000	154	315
Pharokka_phi11_CDS_0022	Pharokka_phi7A_CDS_0027	100.000	154	315
Pharokka_phi11_CDS_0022	Pharokka_phi6A_CDS_0020	100.000	154	315
Pharokka_phi11_CDS_0023	Pharokka_phi11_CDS_0023	100.000	156	315
Pharokka_phi11_CDS_0023	Pharokka_phiMA004_CDS_0027	99.310	145	292
Pharokka_phi11_CDS_0023	Pharokka_phiMA002_CDS_0027	99.310	145	292
Pharokka_phi11_CDS_0023	Pharokka_phiMA001_CDS_0027	99.310	145	292
Pharokka_phi11_CDS_0023	Pharokka_phi7A_CDS_0028	99.310	145	292
Pharokka_phi11_CDS_0023	Pharokka_PV_7BP_CDS_0021	97.931	145	288
Pharokka_phi11_CDS_0023	Pharokka_phi6A_CDS_0021	97.931	145	288
Pharokka_phi11_CDS_0023	Pharokka_PV_12_CDS_0029	98.611	144	288
Pharokka_phi11_CDS_0024	Pharokka_phiMA004_CDS_0028	100.000	142	293
Pharokka_phi11_CDS_0024	Pharokka_phiMA002_CDS_0028	100.000	142	293
Pharokka_phi11_CDS_0024	Pharokka_phiMA001_CDS_0028	100.000	142	293
Pharokka_phi11_CDS_0024	Pharokka_PV_12_CDS_0030	100.000	142	293
Pharokka_phi11_CDS_0024	Pharokka_PV_7BP_CDS_0022	100.000	142	293
Pharokka_phi11_CDS_0024	Pharokka_phi11_CDS_0024	100.000	142	293
Pharokka_phi11_CDS_0024	Pharokka_phi6A_CDS_0022	100.000	142	293
Pharokka_phi11_CDS_0024	Pharokka_phi7A_CDS_0029	99.296	142	291
Pharokka_phi11_CDS_0025	Pharokka_phi11_CDS_0025	100.000	202	399
Pharokka_phi11_CDS_0025	Pharokka_phi7A_CDS_0030	100.000	202	399
Pharokka_phi11_CDS_0025	Pharokka_phiMA004_CDS_0029	99.010	202	394
Pharokka_phi11_CDS_0025	Pharokka_phiMA002_CDS_0029	99.010	202	394
Pharokka_phi11_CDS_0025	Pharokka_phiMA001_CDS_0029	99.010	202	394
Pharokka_phi11_CDS_0025	Pharokka_PV_12_CDS_0031	99.010	202	394
Pharokka_phi11_CDS_0025	Pharokka_PV_7BP_CDS_0023	99.010	202	394
Pharokka_phi11_CDS_0025	Pharokka_phi6A_CDS_0023	99.010	202	394
Pharokka_phi11_CDS_0026	Pharokka_phi11_CDS_0026	100.000	44	84.7
Pharokka_phi11_CDS_0027	Pharokka_phiMA004_CDS_0031	100.000	33	65.1
Pharokka_phi11_CDS_0027	Pharokka_phiMA002_CDS_0031	100.000	33	65.1
Pharokka_phi11_CDS_0027	Pharokka_phiMA001_CDS_0031	100.000	33	65.1
Pharokka_phi11_CDS_0027	Pharokka_PV_12_CDS_0033	100.000	33	65.1
Pharokka_phi11_CDS_0027	Pharokka_PV_7BP_CDS_0025	100.000	33	65.1
Pharokka_phi11_CDS_0027	Pharokka_phi11_CDS_0027	100.000	33	65.1
Pharokka_phi11_CDS_0027	Pharokka_phi7A_CDS_0032	100.000	33	65.1
Pharokka_phi11_CDS_0027	Pharokka_phi6A_CDS_0025	100.000	33	65.1
Pharokka_phi11_CDS_0028	Pharokka_phiMA004_CDS_0032	100.000	135	272
Pharokka_phi11_CDS_0028	Pharokka_phiMA002_CDS_0032	100.000	135	272
Pharokka_phi11_CDS_0028	Pharokka_phiMA001_CDS_0032	100.000	135	272
Pharokka_phi11_CDS_0028	Pharokka_PV_7BP_CDS_0026	100.000	135	272
Pharokka_phi11_CDS_0028	Pharokka_phi11_CDS_0028	100.000	135	272
Pharokka_phi11_CDS_0028	Pharokka_phi6A_CDS_0026	100.000	135	272
Pharokka_phi11_CDS_0028	Pharokka_PV_12_CDS_0034	100.000	135	273
Pharokka_phi11_CDS_0028	Pharokka_phi7A_CDS_0033	99.259	135	271
Pharokka_phi11_CDS_0029	Pharokka_phi11_CDS_0029	100.000	154	303
Pharokka_phi11_CDS_0029	Pharokka_PV_12_CDS_0035	94.444	162	295
Pharokka_phi11_CDS_0029	Pharokka_PV_7BP_CDS_0027	89.412	170	289
Pharokka_phi11_CDS_0029	Pharokka_phi6A_CDS_0027	89.412	170	289
Pharokka_phi11_CDS_0029	Pharokka_phi7A_CDS_0034	88.961	154	266
Pharokka_phi11_CDS_0029	Pharokka_phiMA004_CDS_0033	72.727	154	214
Pharokka_phi11_CDS_0029	Pharokka_phiMA002_CDS_0033	72.727	154	214
Pharokka_phi11_CDS_0029	Pharokka_phiMA001_CDS_0033	72.727	154	214
Pharokka_phi11_CDS_0030	Pharokka_phiMA004_CDS_0034	100.000	46	97.4
Pharokka_phi11_CDS_0030	Pharokka_phiMA002_CDS_0034	100.000	46	97.4
Pharokka_phi11_CDS_0030	Pharokka_phiMA001_CDS_0034	100.000	46	97.4
Pharokka_phi11_CDS_0030	Pharokka_phi11_CDS_0030	100.000	46	97.4
Pharokka_phi11_CDS_0030	Pharokka_PV_12_CDS_0036	97.826	46	95.5
Pharokka_phi11_CDS_0030	Pharokka_phi7A_CDS_0035	97.826	46	95.5
Pharokka_phi11_CDS_0030	Pharokka_PV_7BP_CDS_0028	93.478	46	91.7
Pharokka_phi11_CDS_0030	Pharokka_phi6A_CDS_0028	93.478	46	91.7
Pharokka_phi11_CDS_0031	Pharokka_PV_7BP_CDS_0029	100.000	401	829
Pharokka_phi11_CDS_0031	Pharokka_phi11_CDS_0031	100.000	401	829
Pharokka_phi11_CDS_0031	Pharokka_phi6A_CDS_0029	100.000	401	829
Pharokka_phi11_CDS_0031	Pharokka_phi7A_CDS_0036	99.501	401	825
Pharokka_phi11_CDS_0031	Pharokka_PV_12_CDS_0037	99.252	401	822
Pharokka_phi11_CDS_0031	Pharokka_phiMA004_CDS_0035	98.753	401	819
Pharokka_phi11_CDS_0031	Pharokka_phiMA002_CDS_0035	98.753	401	819
Pharokka_phi11_CDS_0031	Pharokka_phiMA001_CDS_0035	98.753	401	819
Pharokka_phi11_CDS_0032	Pharokka_phi11_CDS_0032	100.000	50	103
Pharokka_phi11_CDS_0032	Pharokka_PV_7BP_CDS_0030	98.000	50	102
Pharokka_phi11_CDS_0032	Pharokka_phi7A_CDS_0037	98.000	50	102
Pharokka_phi11_CDS_0032	Pharokka_phi6A_CDS_0030	98.000	50	102
Pharokka_phi11_CDS_0032	Pharokka_phiMA004_CDS_0036	95.918	49	98.6
Pharokka_phi11_CDS_0032	Pharokka_phiMA002_CDS_0036	95.918	49	98.6
Pharokka_phi11_CDS_0032	Pharokka_phiMA001_CDS_0036	95.918	49	98.6
Pharokka_phi11_CDS_0032	Pharokka_PV_12_CDS_0038	76.562	64	92.8
Pharokka_phi11_CDS_0033	Pharokka_phiMA004_CDS_0037	100.000	181	369
Pharokka_phi11_CDS_0033	Pharokka_phiMA002_CDS_0037	100.000	181	369
Pharokka_phi11_CDS_0033	Pharokka_phiMA001_CDS_0037	100.000	181	369
Pharokka_phi11_CDS_0033	Pharokka_phi11_CDS_0033	100.000	181	369
Pharokka_phi11_CDS_0033	Pharokka_PV_12_CDS_0039	99.448	181	367
Pharokka_phi11_CDS_0033	Pharokka_PV_7BP_CDS_0031	99.448	181	367
Pharokka_phi11_CDS_0033	Pharokka_phi7A_CDS_0038	99.448	181	367
Pharokka_phi11_CDS_0033	Pharokka_phi6A_CDS_0031	99.448	181	367
Pharokka_phi11_CDS_0034	Pharokka_phi11_CDS_0034	100.000	657	1365
Pharokka_phi11_CDS_0034	Pharokka_PV_12_CDS_0040	99.848	657	1363
Pharokka_phi11_CDS_0034	Pharokka_phiMA004_CDS_0038	99.696	657	1362
Pharokka_phi11_CDS_0034	Pharokka_phiMA002_CDS_0038	99.696	657	1362
Pharokka_phi11_CDS_0034	Pharokka_phiMA001_CDS_0038	99.696	657	1362
Pharokka_phi11_CDS_0034	Pharokka_phi7A_CDS_0039	99.696	657	1360
Pharokka_phi11_CDS_0034	Pharokka_PV_7BP_CDS_0032	99.087	657	1355
Pharokka_phi11_CDS_0034	Pharokka_phi6A_CDS_0032	99.087	657	1355
Pharokka_phi11_CDS_0035	Pharokka_phi11_CDS_0035	100.000	799	1662
Pharokka_phi11_CDS_0035	Pharokka_PV_12_CDS_0041	99.875	799	1660
Pharokka_phi11_CDS_0035	Pharokka_phi7A_CDS_0040	99.750	799	1656
Pharokka_phi11_CDS_0035	Pharokka_phiMA004_CDS_0039	99.750	799	1655
Pharokka_phi11_CDS_0035	Pharokka_phiMA002_CDS_0039	99.750	799	1655
Pharokka_phi11_CDS_0035	Pharokka_phiMA001_CDS_0039	99.750	799	1655
Pharokka_phi11_CDS_0035	Pharokka_PV_7BP_CDS_0033	99.499	799	1655
Pharokka_phi11_CDS_0035	Pharokka_phi6A_CDS_0033	99.499	799	1655
Pharokka_phi11_CDS_0036	Pharokka_PV_12_CDS_0042	100.000	71	144
Pharokka_phi11_CDS_0036	Pharokka_PV_7BP_CDS_0034	100.000	71	144
Pharokka_phi11_CDS_0036	Pharokka_phi11_CDS_0036	100.000	71	144
Pharokka_phi11_CDS_0036	Pharokka_phi7A_CDS_0041	100.000	71	144
Pharokka_phi11_CDS_0036	Pharokka_phi6A_CDS_0034	100.000	71	144
Pharokka_phi11_CDS_0036	Pharokka_phiMA004_CDS_0040	98.592	71	143
Pharokka_phi11_CDS_0036	Pharokka_phiMA002_CDS_0040	98.592	71	143
Pharokka_phi11_CDS_0036	Pharokka_phiMA001_CDS_0040	98.592	71	143
Pharokka_phi11_CDS_0037	Pharokka_phiMA004_CDS_0041	100.000	101	204
Pharokka_phi11_CDS_0037	Pharokka_phiMA002_CDS_0041	100.000	101	204
Pharokka_phi11_CDS_0037	Pharokka_phiMA001_CDS_0041	100.000	101	204
Pharokka_phi11_CDS_0037	Pharokka_PV_12_CDS_0043	100.000	101	204
Pharokka_phi11_CDS_0037	Pharokka_PV_7BP_CDS_0035	100.000	101	204
Pharokka_phi11_CDS_0037	Pharokka_phi11_CDS_0037	100.000	101	204
Pharokka_phi11_CDS_0037	Pharokka_phi7A_CDS_0042	100.000	101	204
Pharokka_phi11_CDS_0037	Pharokka_phi6A_CDS_0035	100.000	101	204
Pharokka_phi11_CDS_0038	Pharokka_phi11_CDS_0038	100.000	479	994
Pharokka_phi11_CDS_0038	Pharokka_PV_7BP_CDS_0036	99.582	479	989
Pharokka_phi11_CDS_0038	Pharokka_phi6A_CDS_0036	99.582	479	989
Pharokka_phi11_CDS_0038	Pharokka_phiMA004_CDS_0042	99.374	479	989
Pharokka_phi11_CDS_0038	Pharokka_phiMA002_CDS_0042	99.374	479	989
Pharokka_phi11_CDS_0038	Pharokka_phiMA001_CDS_0042	99.374	479	989
Pharokka_phi11_CDS_0038	Pharokka_phi7A_CDS_0043	99.374	479	988
Pharokka_phi11_CDS_0038	Pharokka_PV_12_CDS_0044	99.165	479	986
Pharokka_phi11_CDS_0039	Pharokka_phi11_CDS_0039	100.000	168	341
Pharokka_phi11_CDS_0039	Pharokka_phi7A_CDS_0044	100.000	168	341
Pharokka_phi11_CDS_0039	Pharokka_PV_12_CDS_0045	98.214	168	335
Pharokka_phi11_CDS_0039	Pharokka_phiMA004_CDS_0043	97.024	168	332
Pharokka_phi11_CDS_0039	Pharokka_phiMA002_CDS_0043	97.024	168	332
Pharokka_phi11_CDS_0039	Pharokka_phiMA001_CDS_0043	97.024	168	332
Pharokka_phi11_CDS_0039	Pharokka_PV_7BP_CDS_0037	97.024	168	332
Pharokka_phi11_CDS_0039	Pharokka_phi6A_CDS_0037	97.024	168	332
Pharokka_phi11_CDS_0039	Pharokka_PV_12_CDS_0046	38.095	63	41.6
Pharokka_phi11_CDS_0039	Pharokka_phi7A_CDS_0045	38.710	62	41.6
Pharokka_phi11_CDS_0039	Pharokka_phiMA004_CDS_0044	38.710	62	41.2
Pharokka_phi11_CDS_0039	Pharokka_phiMA002_CDS_0044	38.710	62	41.2
Pharokka_phi11_CDS_0039	Pharokka_phiMA001_CDS_0044	38.710	62	41.2
Pharokka_phi11_CDS_0039	Pharokka_PV_7BP_CDS_0038	38.710	62	41.2
Pharokka_phi11_CDS_0039	Pharokka_phi11_CDS_0040	38.710	62	41.2
Pharokka_phi11_CDS_0039	Pharokka_phi6A_CDS_0038	38.710	62	41.2
Pharokka_phi11_CDS_0040	Pharokka_PV_7BP_CDS_0038	100.000	73	149
Pharokka_phi11_CDS_0040	Pharokka_phi11_CDS_0040	100.000	73	149
Pharokka_phi11_CDS_0040	Pharokka_phi6A_CDS_0038	100.000	73	149
Pharokka_phi11_CDS_0040	Pharokka_phi7A_CDS_0045	98.630	73	148
Pharokka_phi11_CDS_0040	Pharokka_phiMA004_CDS_0044	98.630	73	147
Pharokka_phi11_CDS_0040	Pharokka_phiMA002_CDS_0044	98.630	73	147
Pharokka_phi11_CDS_0040	Pharokka_phiMA001_CDS_0044	98.630	73	147
Pharokka_phi11_CDS_0040	Pharokka_PV_12_CDS_0046	98.630	73	146
Pharokka_phi11_CDS_0040	Pharokka_PV_12_CDS_0045	39.683	63	41.6
Pharokka_phi11_CDS_0040	Pharokka_phiMA004_CDS_0043	39.683	63	41.2
Pharokka_phi11_CDS_0040	Pharokka_phiMA002_CDS_0043	39.683	63	41.2
Pharokka_phi11_CDS_0040	Pharokka_phiMA001_CDS_0043	39.683	63	41.2
Pharokka_phi11_CDS_0040	Pharokka_phi11_CDS_0039	38.710	62	41.2
Pharokka_phi11_CDS_0040	Pharokka_phi7A_CDS_0044	38.710	62	41.2
Pharokka_phi11_CDS_0040	Pharokka_PV_7BP_CDS_0037	39.683	63	40.8
Pharokka_phi11_CDS_0040	Pharokka_phi6A_CDS_0037	39.683	63	40.8
Pharokka_phi11_CDS_0041	Pharokka_phi11_CDS_0041	100.000	595	1237
Pharokka_phi11_CDS_0041	Pharokka_PV_12_CDS_0047	99.664	595	1234
Pharokka_phi11_CDS_0041	Pharokka_phi7A_CDS_0046	98.655	595	1222
Pharokka_phi11_CDS_0041	Pharokka_phi6A_CDS_0039	97.479	595	1211
Pharokka_phi11_CDS_0041	Pharokka_PV_7BP_CDS_0039	97.311	595	1208
Pharokka_phi11_CDS_0041	Pharokka_phiMA004_CDS_0045	96.807	595	1206
Pharokka_phi11_CDS_0041	Pharokka_phiMA002_CDS_0045	96.807	595	1206
Pharokka_phi11_CDS_0041	Pharokka_phiMA001_CDS_0045	96.807	595	1206
Pharokka_phi11_CDS_0042	Pharokka_phiMA004_CDS_0046	100.000	223	458
Pharokka_phi11_CDS_0042	Pharokka_phiMA002_CDS_0046	100.000	223	458
Pharokka_phi11_CDS_0042	Pharokka_phiMA001_CDS_0046	100.000	223	458
Pharokka_phi11_CDS_0042	Pharokka_phi11_CDS_0042	100.000	223	458
Pharokka_phi11_CDS_0042	Pharokka_phi7A_CDS_0047	100.000	223	458
Pharokka_phi11_CDS_0042	Pharokka_PV_12_CDS_0048	99.552	223	455
Pharokka_phi11_CDS_0042	Pharokka_PV_7BP_CDS_0040	99.552	223	454
Pharokka_phi11_CDS_0042	Pharokka_phi6A_CDS_0040	99.552	223	454
Pharokka_phi11_CDS_0043	Pharokka_phi11_CDS_0043	100.000	253	529
Pharokka_phi11_CDS_0043	Pharokka_phiMA004_CDS_0047	99.605	253	527
Pharokka_phi11_CDS_0043	Pharokka_phiMA002_CDS_0047	99.605	253	527
Pharokka_phi11_CDS_0043	Pharokka_phiMA001_CDS_0047	99.605	253	527
Pharokka_phi11_CDS_0043	Pharokka_PV_12_CDS_0049	99.605	253	527
Pharokka_phi11_CDS_0043	Pharokka_PV_7BP_CDS_0041	99.605	253	527
Pharokka_phi11_CDS_0043	Pharokka_phi6A_CDS_0041	99.605	253	527
Pharokka_phi11_CDS_0043	Pharokka_phi7A_CDS_0048	99.209	253	526
Pharokka_phi11_CDS_0043	Pharokka_phi11_CDS_0047	32.215	149	60.8
Pharokka_phi11_CDS_0043	Pharokka_phi7A_CDS_0052	32.215	149	60.8
Pharokka_phi11_CDS_0043	Pharokka_PV_12_CDS_0053	32.215	149	60.8
Pharokka_phi11_CDS_0043	Pharokka_phiMA004_CDS_0051	32.215	149	59.3
Pharokka_phi11_CDS_0043	Pharokka_phiMA002_CDS_0051	32.215	149	59.3
Pharokka_phi11_CDS_0043	Pharokka_phiMA001_CDS_0051	32.215	149	59.3
Pharokka_phi11_CDS_0043	Pharokka_PV_7BP_CDS_0047	31.852	135	57.8
Pharokka_phi11_CDS_0043	Pharokka_phi6A_CDS_0047	31.852	135	57.8
Pharokka_phi11_CDS_0044	Pharokka_PV_7BP_CDS_0042	100.000	87	171
Pharokka_phi11_CDS_0044	Pharokka_phi11_CDS_0044	100.000	87	171
Pharokka_phi11_CDS_0044	Pharokka_phi7A_CDS_0049	100.000	87	171
Pharokka_phi11_CDS_0044	Pharokka_phi6A_CDS_0042	100.000	87	171
Pharokka_phi11_CDS_0044	Pharokka_PV_12_CDS_0050	98.851	87	169
Pharokka_phi11_CDS_0044	Pharokka_phiMA004_CDS_0048	98.851	87	169
Pharokka_phi11_CDS_0044	Pharokka_phiMA002_CDS_0048	98.851	87	169
Pharokka_phi11_CDS_0044	Pharokka_phiMA001_CDS_0048	98.851	87	169
Pharokka_phi11_CDS_0045	Pharokka_phiMA004_CDS_0049	100.000	181	367
Pharokka_phi11_CDS_0045	Pharokka_phiMA002_CDS_0049	100.000	181	367
Pharokka_phi11_CDS_0045	Pharokka_phiMA001_CDS_0049	100.000	181	367
Pharokka_phi11_CDS_0045	Pharokka_PV_12_CDS_0051	100.000	181	367
Pharokka_phi11_CDS_0045	Pharokka_PV_7BP_CDS_0043	100.000	181	367
Pharokka_phi11_CDS_0045	Pharokka_phi11_CDS_0045	100.000	181	367
Pharokka_phi11_CDS_0045	Pharokka_phi6A_CDS_0043	100.000	181	367
Pharokka_phi11_CDS_0045	Pharokka_phi7A_CDS_0050	98.895	181	365
Pharokka_phi11_CDS_0046	Pharokka_phi11_CDS_0046	100.000	167	347
Pharokka_phi11_CDS_0046	Pharokka_PV_12_CDS_0052	99.401	167	346
Pharokka_phi11_CDS_0046	Pharokka_PV_7BP_CDS_0044	99.401	167	346
Pharokka_phi11_CDS_0046	Pharokka_phi6A_CDS_0044	99.401	167	346
Pharokka_phi11_CDS_0046	Pharokka_phi7A_CDS_0051	95.210	167	334
Pharokka_phi11_CDS_0046	Pharokka_phiMA004_CDS_0050	91.617	167	320
Pharokka_phi11_CDS_0046	Pharokka_phiMA002_CDS_0050	91.617	167	320
Pharokka_phi11_CDS_0046	Pharokka_phiMA001_CDS_0050	91.617	167	320
Pharokka_phi11_CDS_0047	Pharokka_phi11_CDS_0047	100.000	226	476
Pharokka_phi11_CDS_0047	Pharokka_phi7A_CDS_0052	100.000	226	476
Pharokka_phi11_CDS_0047	Pharokka_PV_12_CDS_0053	99.558	226	474
Pharokka_phi11_CDS_0047	Pharokka_PV_7BP_CDS_0047	97.345	226	465
Pharokka_phi11_CDS_0047	Pharokka_phi6A_CDS_0047	97.345	226	465
Pharokka_phi11_CDS_0047	Pharokka_phiMA004_CDS_0051	96.903	226	461
Pharokka_phi11_CDS_0047	Pharokka_phiMA002_CDS_0051	96.903	226	461
Pharokka_phi11_CDS_0047	Pharokka_phiMA001_CDS_0051	96.903	226	461
Pharokka_phi11_CDS_0047	Pharokka_phi7A_CDS_0048	32.215	149	60.8
Pharokka_phi11_CDS_0047	Pharokka_phiMA004_CDS_0047	32.215	149	60.8
Pharokka_phi11_CDS_0047	Pharokka_phiMA002_CDS_0047	32.215	149	60.8
Pharokka_phi11_CDS_0047	Pharokka_phiMA001_CDS_0047	32.215	149	60.8
Pharokka_phi11_CDS_0047	Pharokka_PV_12_CDS_0049	32.215	149	60.8
Pharokka_phi11_CDS_0047	Pharokka_PV_7BP_CDS_0041	32.215	149	60.8
Pharokka_phi11_CDS_0047	Pharokka_phi6A_CDS_0041	32.215	149	60.8
Pharokka_phi11_CDS_0047	Pharokka_phi11_CDS_0043	32.215	149	60.8
Pharokka_phi11_CDS_0048	Pharokka_phi11_CDS_0048	100.000	63	127
Pharokka_phi11_CDS_0048	Pharokka_PV_12_CDS_0054	98.413	63	124
Pharokka_phi11_CDS_0048	Pharokka_PV_7BP_CDS_0048	98.413	63	124
Pharokka_phi11_CDS_0048	Pharokka_phi7A_CDS_0053	98.413	63	124
Pharokka_phi11_CDS_0048	Pharokka_phi6A_CDS_0048	98.413	63	124
Pharokka_phi11_CDS_0048	Pharokka_phiMA004_CDS_0052	96.825	63	123
Pharokka_phi11_CDS_0048	Pharokka_phiMA002_CDS_0052	96.825	63	123
Pharokka_phi11_CDS_0048	Pharokka_phiMA001_CDS_0052	96.825	63	123
Pharokka_phi11_CDS_0049	Pharokka_phi11_CDS_0049	100.000	302	616
Pharokka_phi11_CDS_0049	Pharokka_phiMA004_CDS_0053	99.338	302	613
Pharokka_phi11_CDS_0049	Pharokka_phiMA002_CDS_0053	99.338	302	613
Pharokka_phi11_CDS_0049	Pharokka_phiMA001_CDS_0053	99.338	302	613
Pharokka_phi11_CDS_0049	Pharokka_PV_12_CDS_0055	99.338	302	613
Pharokka_phi11_CDS_0049	Pharokka_phi7A_CDS_0054	99.007	302	610
Pharokka_phi11_CDS_0049	Pharokka_PV_7BP_CDS_0049	99.333	300	609
Pharokka_phi11_CDS_0049	Pharokka_phi6A_CDS_0049	99.333	300	609
Pharokka_phi11_CDS_0050	Pharokka_phi11_CDS_0050	100.000	148	305
Pharokka_phi11_CDS_0050	Pharokka_phiMA004_CDS_0054	98.649	148	302
Pharokka_phi11_CDS_0050	Pharokka_phiMA002_CDS_0054	98.649	148	302
Pharokka_phi11_CDS_0050	Pharokka_phiMA001_CDS_0054	98.649	148	302
Pharokka_phi11_CDS_0050	Pharokka_PV_12_CDS_0056	97.297	148	301
Pharokka_phi11_CDS_0050	Pharokka_phi7A_CDS_0055	97.297	148	300
Pharokka_phi11_CDS_0050	Pharokka_PV_7BP_CDS_0050	95.270	148	297
Pharokka_phi11_CDS_0050	Pharokka_phi6A_CDS_0050	95.270	148	297
Pharokka_phi11_CDS_0051	Pharokka_phiMA004_CDS_0055	100.000	104	202
Pharokka_phi11_CDS_0051	Pharokka_phiMA002_CDS_0055	100.000	104	202
Pharokka_phi11_CDS_0051	Pharokka_phiMA001_CDS_0055	100.000	104	202
Pharokka_phi11_CDS_0051	Pharokka_PV_12_CDS_0057	100.000	104	202
Pharokka_phi11_CDS_0051	Pharokka_phi11_CDS_0051	100.000	104	202
Pharokka_phi11_CDS_0051	Pharokka_phi7A_CDS_0056	98.077	104	200
Pharokka_phi11_CDS_0051	Pharokka_PV_7BP_CDS_0051	94.231	104	195
Pharokka_phi11_CDS_0051	Pharokka_phi6A_CDS_0051	94.231	104	195
Pharokka_phi11_CDS_0052	Pharokka_phiMA004_CDS_0056	100.000	36	77.8
Pharokka_phi11_CDS_0052	Pharokka_phiMA002_CDS_0056	100.000	36	77.8
Pharokka_phi11_CDS_0052	Pharokka_phiMA001_CDS_0056	100.000	36	77.8
Pharokka_phi11_CDS_0052	Pharokka_phi11_CDS_0052	100.000	36	77.8
Pharokka_phi11_CDS_0052	Pharokka_PV_12_CDS_0058	100.000	32	69.3
Pharokka_phi11_CDS_0053	Pharokka_phiMA004_CDS_0057	100.000	34	65.9
Pharokka_phi11_CDS_0053	Pharokka_phiMA002_CDS_0057	100.000	34	65.9
Pharokka_phi11_CDS_0053	Pharokka_phiMA001_CDS_0057	100.000	34	65.9
Pharokka_phi11_CDS_0053	Pharokka_phi11_CDS_0053	100.000	34	65.9
Pharokka_phi11_CDS_0053	Pharokka_phi7A_CDS_0058	100.000	34	65.9
Pharokka_phi11_CDS_0053	Pharokka_PV_7BP_CDS_0053	94.118	34	61.2
Pharokka_phi11_CDS_0053	Pharokka_phi6A_CDS_0053	94.118	34	61.2
Pharokka_phi11_CDS_0054	Pharokka_phi11_CDS_0054	100.000	379	753
Pharokka_phi11_CDS_0054	Pharokka_phi7A_CDS_0059	98.947	380	742
Pharokka_phi11_CDS_0054	Pharokka_PV_7BP_CDS_0054	98.684	380	739
Pharokka_phi11_CDS_0054	Pharokka_phi6A_CDS_0054	98.684	380	739
Pharokka_phi11_CDS_0054	Pharokka_phiMA004_CDS_0059	98.163	381	733
Pharokka_phi11_CDS_0054	Pharokka_phiMA002_CDS_0059	98.163	381	733
Pharokka_phi11_CDS_0054	Pharokka_phiMA001_CDS_0059	98.163	381	733
Pharokka_phi11_CDS_0054	Pharokka_PV_12_CDS_0062	96.842	380	720
Pharokka_phi11_CDS_0055	Pharokka_phi11_CDS_0055	100.000	38	77.0
Pharokka_phi11_CDS_0055	Pharokka_phiMA004_CDS_0060	97.368	38	75.1
Pharokka_phi11_CDS_0055	Pharokka_phiMA002_CDS_0060	97.368	38	75.1
Pharokka_phi11_CDS_0055	Pharokka_phiMA001_CDS_0060	97.368	38	75.1
Pharokka_phi11_CDS_0055	Pharokka_PV_12_CDS_0063	94.737	38	73.9
Pharokka_phi11_CDS_0055	Pharokka_phi7A_CDS_0060	94.737	38	71.2
Pharokka_phi11_CDS_0056	Pharokka_phi11_CDS_0056	100.000	51	100
Pharokka_phi11_CDS_0056	Pharokka_phi7A_CDS_0061	90.196	51	90.1
Pharokka_phi11_CDS_0056	Pharokka_phiMA004_CDS_0061	94.000	50	89.7
Pharokka_phi11_CDS_0056	Pharokka_phiMA002_CDS_0061	94.000	50	89.7
Pharokka_phi11_CDS_0056	Pharokka_phiMA001_CDS_0061	94.000	50	89.7
Pharokka_phi11_CDS_0057	Pharokka_phi11_CDS_0057	100.000	48	98.2
Pharokka_phi11_CDS_0057	Pharokka_phiMA004_CDS_0062	95.833	48	94.4
Pharokka_phi11_CDS_0057	Pharokka_phiMA002_CDS_0062	95.833	48	94.4
Pharokka_phi11_CDS_0057	Pharokka_phiMA001_CDS_0062	95.833	48	94.4
Pharokka_phi11_CDS_0057	Pharokka_PV_12_CDS_0065	90.323	31	61.2
Pharokka_phi11_CDS_0058	Pharokka_phiMA004_CDS_0063	100.000	69	143
Pharokka_phi11_CDS_0058	Pharokka_phiMA002_CDS_0063	100.000	69	143
Pharokka_phi11_CDS_0058	Pharokka_phiMA001_CDS_0063	100.000	69	143
Pharokka_phi11_CDS_0058	Pharokka_phi11_CDS_0058	100.000	69	143
Pharokka_phi11_CDS_0059	Pharokka_phi11_CDS_0059	100.000	266	542
Pharokka_phi11_CDS_0059	Pharokka_phi6A_CDS_0057	94.737	266	511
Pharokka_phi11_CDS_0059	Pharokka_PV_12_CDS_0066	94.361	266	510
Pharokka_phi11_CDS_0059	Pharokka_PV_7BP_CDS_0057	94.361	266	509
Pharokka_phi11_CDS_0059	Pharokka_phi7A_CDS_0063	94.361	266	506
Pharokka_phi11_CDS_0059	Pharokka_phiMA004_CDS_0065	93.985	266	504
Pharokka_phi11_CDS_0059	Pharokka_phiMA002_CDS_0065	93.985	266	504
Pharokka_phi11_CDS_0059	Pharokka_phiMA001_CDS_0065	93.985	266	504
Pharokka_phi11_CDS_0060	Pharokka_phiMA004_CDS_0066	100.000	43	90.1
Pharokka_phi11_CDS_0060	Pharokka_phiMA002_CDS_0066	100.000	43	90.1
Pharokka_phi11_CDS_0060	Pharokka_phiMA001_CDS_0066	100.000	43	90.1
Pharokka_phi11_CDS_0060	Pharokka_PV_7BP_CDS_0058	100.000	43	90.1
Pharokka_phi11_CDS_0060	Pharokka_phi11_CDS_0060	100.000	43	90.1
Pharokka_phi11_CDS_0060	Pharokka_phi7A_CDS_0064	100.000	43	90.1
Pharokka_phi11_CDS_0060	Pharokka_phi6A_CDS_0058	100.000	43	90.1
Pharokka_phi11_CDS_0060	Pharokka_PV_12_CDS_0067	97.674	43	88.6
Pharokka_phi11_CDS_0061	Pharokka_PV_12_CDS_0068	100.000	45	87.4
Pharokka_phi11_CDS_0061	Pharokka_PV_7BP_CDS_0059	100.000	45	87.4
Pharokka_phi11_CDS_0061	Pharokka_phi11_CDS_0061	100.000	45	87.4
Pharokka_phi11_CDS_0061	Pharokka_phi7A_CDS_0065	100.000	45	87.4
Pharokka_phi11_CDS_0061	Pharokka_phi6A_CDS_0059	100.000	45	87.4
Pharokka_phi11_CDS_0061	Pharokka_phiMA004_CDS_0067	97.778	45	85.1
Pharokka_phi11_CDS_0061	Pharokka_phiMA002_CDS_0067	97.778	45	85.1
Pharokka_phi11_CDS_0061	Pharokka_phiMA001_CDS_0067	97.778	45	85.1
Pharokka_phi11_CDS_0062	Pharokka_phiMA004_CDS_0068	100.000	36	76.3
Pharokka_phi11_CDS_0062	Pharokka_phiMA002_CDS_0068	100.000	36	76.3
Pharokka_phi11_CDS_0062	Pharokka_phiMA001_CDS_0068	100.000	36	76.3
Pharokka_phi11_CDS_0062	Pharokka_PV_7BP_CDS_0060	100.000	36	76.3
Pharokka_phi11_CDS_0062	Pharokka_phi11_CDS_0062	100.000	36	76.3
Pharokka_phi11_CDS_0062	Pharokka_phi6A_CDS_0060	100.000	36	76.3
Pharokka_phi11_CDS_0062	Pharokka_PV_12_CDS_0069	97.222	36	73.6
Pharokka_phi11_CDS_0062	Pharokka_phi7A_CDS_0066	97.222	36	73.6
Pharokka_phi11_CDS_0063	Pharokka_phiMA004_CDS_0069	100.000	37	80.1
Pharokka_phi11_CDS_0063	Pharokka_phiMA002_CDS_0069	100.000	37	80.1
Pharokka_phi11_CDS_0063	Pharokka_phiMA001_CDS_0069	100.000	37	80.1
Pharokka_phi11_CDS_0063	Pharokka_PV_12_CDS_0070	100.000	37	80.1
Pharokka_phi11_CDS_0063	Pharokka_phi11_CDS_0063	100.000	37	80.1
Pharokka_phi11_CDS_0063	Pharokka_PV_7BP_CDS_0061	97.297	37	79.0
Pharokka_phi11_CDS_0063	Pharokka_phi6A_CDS_0061	97.297	37	79.0
Pharokka_phi11_CDS_0064	Pharokka_phi11_CDS_0064	100.000	34	70.5
Pharokka_phi11_CDS_0064	Pharokka_phiMA004_CDS_0071	97.059	34	68.9
Pharokka_phi11_CDS_0064	Pharokka_phiMA002_CDS_0070	97.059	34	68.9
Pharokka_phi11_CDS_0064	Pharokka_phiMA001_CDS_0070	97.059	34	68.9
Pharokka_phi11_CDS_0064	Pharokka_phiMA004_CDS_0070	93.548	31	62.8
Pharokka_phi11_CDS_0064	Pharokka_PV_12_CDS_0071	85.294	34	58.9
Pharokka_phi11_CDS_0064	Pharokka_phi6A_CDS_0064	79.412	34	55.8
Pharokka_phi11_CDS_0064	Pharokka_PV_7BP_CDS_0063	76.471	34	55.1
Pharokka_phi11_CDS_0064	Pharokka_phi6A_CDS_0062	76.471	34	54.7
Pharokka_phi11_CDS_0064	Pharokka_phi6A_CDS_0063	76.471	34	54.3
Pharokka_phi11_CDS_0064	Pharokka_PV_7BP_CDS_0062	73.529	34	50.8
Pharokka_phi11_CDS_0065	Pharokka_PV_12_CDS_0072	100.000	39	80.1
Pharokka_phi11_CDS_0065	Pharokka_phi11_CDS_0065	100.000	39	80.1
Pharokka_phi11_CDS_0065	Pharokka_phi6A_CDS_0065	100.000	39	80.1
Pharokka_phi11_CDS_0065	Pharokka_phiMA004_CDS_0072	94.872	39	75.1
Pharokka_phi11_CDS_0065	Pharokka_phiMA002_CDS_0071	94.872	39	75.1
Pharokka_phi11_CDS_0065	Pharokka_phiMA001_CDS_0071	94.872	39	75.1
Pharokka_phi11_CDS_0066	Pharokka_phi11_CDS_0066	100.000	44	87.8
Pharokka_phi11_CDS_0066	Pharokka_phi7A_CDS_0069	100.000	44	87.8
Pharokka_phi11_CDS_0066	Pharokka_phiMA004_CDS_0073	95.455	44	84.3
Pharokka_phi11_CDS_0066	Pharokka_phiMA002_CDS_0072	95.455	44	84.3
Pharokka_phi11_CDS_0066	Pharokka_phiMA001_CDS_0072	95.455	44	84.3
Pharokka_phi11_CDS_0066	Pharokka_PV_7BP_CDS_0065	93.182	44	82.8
Pharokka_phi11_CDS_0066	Pharokka_PV_12_CDS_0073	90.909	44	78.6
Pharokka_phi11_CDS_0067	Pharokka_phi11_CDS_0067	100.000	39	83.6
Pharokka_phi11_CDS_0067	Pharokka_phi7A_CDS_0070	100.000	39	83.6
Pharokka_phi11_CDS_0067	Pharokka_phiMA004_CDS_0074	97.436	39	81.6
Pharokka_phi11_CDS_0067	Pharokka_phiMA002_CDS_0073	97.436	39	81.6
Pharokka_phi11_CDS_0067	Pharokka_phiMA001_CDS_0073	97.436	39	81.6
Pharokka_phi11_CDS_0067	Pharokka_PV_12_CDS_0074	97.436	39	81.6
Pharokka_phi11_CDS_0068	Pharokka_phi11_CDS_0068	100.000	44	88.6
Pharokka_phi11_CDS_0068	Pharokka_phi7A_CDS_0071	100.000	44	88.6
Pharokka_phi11_CDS_0068	Pharokka_phiMA004_CDS_0075	97.727	44	85.5
Pharokka_phi11_CDS_0068	Pharokka_phiMA002_CDS_0074	97.727	44	85.5
Pharokka_phi11_CDS_0068	Pharokka_phiMA001_CDS_0074	97.727	44	85.5
Pharokka_phi11_CDS_0068	Pharokka_PV_12_CDS_0075	95.455	44	83.6
Pharokka_phi11_CDS_0069	Pharokka_phiMA004_CDS_0076	100.000	236	476
Pharokka_phi11_CDS_0069	Pharokka_phiMA002_CDS_0075	100.000	236	476
Pharokka_phi11_CDS_0069	Pharokka_phiMA001_CDS_0075	100.000	236	476
Pharokka_phi11_CDS_0069	Pharokka_PV_12_CDS_0076	100.000	236	476
Pharokka_phi11_CDS_0069	Pharokka_PV_7BP_CDS_0068	100.000	236	476
Pharokka_phi11_CDS_0069	Pharokka_phi11_CDS_0069	100.000	236	476
Pharokka_phi11_CDS_0069	Pharokka_phi7A_CDS_0072	100.000	236	476
Pharokka_phi11_CDS_0069	Pharokka_phi6A_CDS_0069	100.000	236	476
Pharokka_phi11_CDS_0070	Pharokka_phi11_CDS_0070	100.000	247	505
Pharokka_phi11_CDS_0070	Pharokka_phiMA004_CDS_0077	99.190	247	501
Pharokka_phi11_CDS_0070	Pharokka_phiMA002_CDS_0076	99.190	247	501
Pharokka_phi11_CDS_0070	Pharokka_phiMA001_CDS_0076	99.190	247	501
Pharokka_phi11_CDS_0070	Pharokka_PV_12_CDS_0077	99.190	247	500
Pharokka_phi11_CDS_0070	Pharokka_phi7A_CDS_0073	93.522	247	478
Pharokka_phi11_CDS_0070	Pharokka_PV_7BP_CDS_0069	33.990	203	106
Pharokka_phi11_CDS_0070	Pharokka_phi6A_CDS_0070	33.990	203	106
Pharokka_PV_7BP_CDS_0001	Pharokka_phiMA004_CDS_0001	99.791	479	1011
Pharokka_PV_7BP_CDS_0001	Pharokka_phiMA002_CDS_0001	99.791	479	1011
Pharokka_PV_7BP_CDS_0001	Pharokka_phiMA001_CDS_0001	99.791	479	1011
Pharokka_PV_7BP_CDS_0001	Pharokka_PV_12_CDS_0001	99.791	479	1011
Pharokka_PV_7BP_CDS_0001	Pharokka_phi7A_CDS_0001	99.791	479	1011
Pharokka_PV_7BP_CDS_0001	Pharokka_PV_7BP_CDS_0001	100.000	479	1010
Pharokka_PV_7BP_CDS_0001	Pharokka_phi6A_CDS_0001	100.000	479	1010
Pharokka_PV_7BP_CDS_0001	Pharokka_phi11_CDS_0001	99.582	479	1009
Pharokka_PV_7BP_CDS_0002	Pharokka_PV_7BP_CDS_0002	100.000	220	454
Pharokka_PV_7BP_CDS_0002	Pharokka_phi6A_CDS_0002	99.545	220	452
Pharokka_PV_7BP_CDS_0002	Pharokka_phiMA004_CDS_0002	96.818	220	444
Pharokka_PV_7BP_CDS_0002	Pharokka_phiMA002_CDS_0002	96.818	220	444
Pharokka_PV_7BP_CDS_0002	Pharokka_phiMA001_CDS_0002	96.818	220	444
Pharokka_PV_7BP_CDS_0002	Pharokka_phi11_CDS_0002	97.248	218	441
Pharokka_PV_7BP_CDS_0002	Pharokka_phi7A_CDS_0002	96.313	217	436
Pharokka_PV_7BP_CDS_0002	Pharokka_PV_12_CDS_0002	95.455	220	435
Pharokka_PV_7BP_CDS_0003	Pharokka_PV_7BP_CDS_0003	100.000	608	1256
Pharokka_PV_7BP_CDS_0003	Pharokka_phi6A_CDS_0003	100.000	608	1256
Pharokka_PV_7BP_CDS_0003	Pharokka_phi7A_CDS_0003	98.684	608	1244
Pharokka_PV_7BP_CDS_0003	Pharokka_PV_12_CDS_0003	99.497	596	1229
Pharokka_PV_7BP_CDS_0003	Pharokka_phi11_CDS_0003	99.329	596	1229
Pharokka_PV_7BP_CDS_0003	Pharokka_phiMA004_CDS_0003	98.490	596	1218
Pharokka_PV_7BP_CDS_0003	Pharokka_phiMA002_CDS_0003	98.490	596	1218
Pharokka_PV_7BP_CDS_0003	Pharokka_phiMA001_CDS_0003	98.490	596	1218
Pharokka_PV_7BP_CDS_0004	Pharokka_PV_7BP_CDS_0004	100.000	139	287
Pharokka_PV_7BP_CDS_0004	Pharokka_phi6A_CDS_0004	100.000	139	287
Pharokka_PV_7BP_CDS_0004	Pharokka_phi11_CDS_0004	97.842	139	282
Pharokka_PV_7BP_CDS_0004	Pharokka_phiMA004_CDS_0004	97.842	139	281
Pharokka_PV_7BP_CDS_0004	Pharokka_phiMA002_CDS_0004	97.842	139	281
Pharokka_PV_7BP_CDS_0004	Pharokka_phiMA001_CDS_0004	97.842	139	281
Pharokka_PV_7BP_CDS_0004	Pharokka_phi7A_CDS_0004	97.122	139	280
Pharokka_PV_7BP_CDS_0004	Pharokka_PV_12_CDS_0004	95.683	139	276
Pharokka_PV_7BP_CDS_0005	Pharokka_PV_7BP_CDS_0005	100.000	317	632
Pharokka_PV_7BP_CDS_0005	Pharokka_phi6A_CDS_0005	100.000	317	632
Pharokka_PV_7BP_CDS_0005	Pharokka_phi7A_CDS_0005	98.738	317	625
Pharokka_PV_7BP_CDS_0005	Pharokka_phi11_CDS_0005	98.738	317	625
Pharokka_PV_7BP_CDS_0005	Pharokka_phiMA004_CDS_0005	98.423	317	624
Pharokka_PV_7BP_CDS_0005	Pharokka_phiMA002_CDS_0005	98.423	317	624
Pharokka_PV_7BP_CDS_0005	Pharokka_phiMA001_CDS_0005	98.423	317	624
Pharokka_PV_7BP_CDS_0005	Pharokka_PV_12_CDS_0005	98.107	317	622
Pharokka_PV_7BP_CDS_0006	Pharokka_PV_7BP_CDS_0006	100.000	371	766
Pharokka_PV_7BP_CDS_0006	Pharokka_phi6A_CDS_0006	100.000	371	766
Pharokka_PV_7BP_CDS_0006	Pharokka_phi11_CDS_0006	99.730	371	764
Pharokka_PV_7BP_CDS_0006	Pharokka_phi7A_CDS_0006	99.191	371	761
Pharokka_PV_7BP_CDS_0006	Pharokka_PV_12_CDS_0006	98.652	371	758
Pharokka_PV_7BP_CDS_0006	Pharokka_phiMA002_CDS_0006	98.383	371	753
Pharokka_PV_7BP_CDS_0006	Pharokka_phiMA001_CDS_0006	98.383	371	753
Pharokka_PV_7BP_CDS_0006	Pharokka_phiMA004_CDS_0006	98.113	371	751
Pharokka_PV_7BP_CDS_0007	Pharokka_PV_7BP_CDS_0007	100.000	473	952
Pharokka_PV_7BP_CDS_0007	Pharokka_phi6A_CDS_0007	99.789	473	952
Pharokka_PV_7BP_CDS_0007	Pharokka_phi11_CDS_0007	84.599	474	794
Pharokka_PV_7BP_CDS_0007	Pharokka_PV_12_CDS_0007	62.222	495	578
Pharokka_PV_7BP_CDS_0007	Pharokka_phi7A_CDS_0007	40.313	511	278
Pharokka_PV_7BP_CDS_0008	Pharokka_PV_7BP_CDS_0008	100.000	69	142
Pharokka_PV_7BP_CDS_0008	Pharokka_phi6A_CDS_0008	100.000	69	142
Pharokka_PV_7BP_CDS_0008	Pharokka_phi11_CDS_0008	98.551	69	140
Pharokka_PV_7BP_CDS_0008	Pharokka_PV_12_CDS_0008	94.203	69	137
Pharokka_PV_7BP_CDS_0008	Pharokka_phi7A_CDS_0008	86.957	69	130
Pharokka_PV_7BP_CDS_0008	Pharokka_phiMA004_CDS_0007	88.462	26	48.5
Pharokka_PV_7BP_CDS_0008	Pharokka_phiMA002_CDS_0007	88.462	26	48.5
Pharokka_PV_7BP_CDS_0008	Pharokka_phiMA001_CDS_0007	88.462	26	48.5
Pharokka_PV_7BP_CDS_0009	Pharokka_PV_7BP_CDS_0009	100.000	432	898
Pharokka_PV_7BP_CDS_0009	Pharokka_phi6A_CDS_0009	100.000	432	898
Pharokka_PV_7BP_CDS_0009	Pharokka_phi11_CDS_0009	99.769	432	896
Pharokka_PV_7BP_CDS_0009	Pharokka_PV_12_CDS_0009	99.769	432	895
Pharokka_PV_7BP_CDS_0009	Pharokka_phiMA004_CDS_0008	99.537	432	895
Pharokka_PV_7BP_CDS_0009	Pharokka_phiMA002_CDS_0008	99.537	432	895
Pharokka_PV_7BP_CDS_0009	Pharokka_phiMA001_CDS_0008	99.537	432	895
Pharokka_PV_7BP_CDS_0009	Pharokka_phi7A_CDS_0009	99.306	432	893
Pharokka_PV_7BP_CDS_0010	Pharokka_PV_7BP_CDS_0010	100.000	146	297
Pharokka_PV_7BP_CDS_0010	Pharokka_phi7A_CDS_0010	100.000	146	297
Pharokka_PV_7BP_CDS_0010	Pharokka_phi6A_CDS_0010	100.000	146	297
Pharokka_PV_7BP_CDS_0010	Pharokka_PV_12_CDS_0010	99.315	146	296
Pharokka_PV_7BP_CDS_0010	Pharokka_phiMA004_CDS_0009	99.315	146	296
Pharokka_PV_7BP_CDS_0010	Pharokka_phiMA002_CDS_0009	99.315	146	296
Pharokka_PV_7BP_CDS_0010	Pharokka_phiMA001_CDS_0009	99.315	146	296
Pharokka_PV_7BP_CDS_0010	Pharokka_phi11_CDS_0010	99.315	146	296
Pharokka_PV_7BP_CDS_0011	Pharokka_PV_7BP_CDS_0011	100.000	211	434
Pharokka_PV_7BP_CDS_0011	Pharokka_phi6A_CDS_0011	100.000	211	434
Pharokka_PV_7BP_CDS_0011	Pharokka_phiMA004_CDS_0010	99.526	211	434
Pharokka_PV_7BP_CDS_0011	Pharokka_phiMA002_CDS_0010	99.526	211	434
Pharokka_PV_7BP_CDS_0011	Pharokka_phiMA001_CDS_0010	99.526	211	434
Pharokka_PV_7BP_CDS_0011	Pharokka_PV_12_CDS_0011	99.526	211	434
Pharokka_PV_7BP_CDS_0011	Pharokka_phi11_CDS_0011	98.578	211	432
Pharokka_PV_7BP_CDS_0011	Pharokka_phi7A_CDS_0011	98.578	211	432
Pharokka_PV_7BP_CDS_0012	Pharokka_PV_7BP_CDS_0012	100.000	87	170
Pharokka_PV_7BP_CDS_0012	Pharokka_phi6A_CDS_0012	100.000	87	170
Pharokka_PV_7BP_CDS_0012	Pharokka_phiMA004_CDS_0011	97.701	87	169
Pharokka_PV_7BP_CDS_0012	Pharokka_phiMA002_CDS_0011	97.701	87	169
Pharokka_PV_7BP_CDS_0012	Pharokka_phiMA001_CDS_0011	97.701	87	169
Pharokka_PV_7BP_CDS_0012	Pharokka_PV_12_CDS_0012	97.701	87	169
Pharokka_PV_7BP_CDS_0012	Pharokka_phi11_CDS_0012	97.701	87	169
Pharokka_PV_7BP_CDS_0012	Pharokka_phi7A_CDS_0012	97.701	87	169
Pharokka_PV_7BP_CDS_0013	Pharokka_PV_7BP_CDS_0013	100.000	253	513
Pharokka_PV_7BP_CDS_0013	Pharokka_phi6A_CDS_0013	100.000	253	513
Pharokka_PV_7BP_CDS_0013	Pharokka_PV_12_CDS_0013	98.814	253	509
Pharokka_PV_7BP_CDS_0013	Pharokka_phi11_CDS_0013	98.814	253	509
Pharokka_PV_7BP_CDS_0013	Pharokka_phi7A_CDS_0013	98.814	253	509
Pharokka_PV_7BP_CDS_0013	Pharokka_phiMA004_CDS_0012	98.814	253	509
Pharokka_PV_7BP_CDS_0013	Pharokka_phiMA002_CDS_0012	98.814	253	509
Pharokka_PV_7BP_CDS_0013	Pharokka_phiMA001_CDS_0012	98.814	253	509
Pharokka_PV_7BP_CDS_0014	Pharokka_PV_7BP_CDS_0014	100.000	1181	2363
Pharokka_PV_7BP_CDS_0014	Pharokka_phi6A_CDS_0014	100.000	1181	2363
Pharokka_PV_7BP_CDS_0014	Pharokka_phi11_CDS_0014	99.492	1181	2353
Pharokka_PV_7BP_CDS_0014	Pharokka_PV_12_CDS_0014	99.323	1181	2352
Pharokka_PV_7BP_CDS_0014	Pharokka_phi7A_CDS_0014	99.407	1181	2351
Pharokka_PV_7BP_CDS_0014	Pharokka_phiMA004_CDS_0013	99.238	1181	2350
Pharokka_PV_7BP_CDS_0014	Pharokka_phiMA002_CDS_0013	99.238	1181	2350
Pharokka_PV_7BP_CDS_0014	Pharokka_phiMA001_CDS_0013	99.238	1181	2350
Pharokka_PV_7BP_CDS_0015	Pharokka_PV_7BP_CDS_0015	100.000	726	1504
Pharokka_PV_7BP_CDS_0015	Pharokka_phi6A_CDS_0015	100.000	726	1504
Pharokka_PV_7BP_CDS_0015	Pharokka_PV_12_CDS_0015	97.796	726	1473
Pharokka_PV_7BP_CDS_0015	Pharokka_phiMA004_CDS_0014	97.658	726	1472
Pharokka_PV_7BP_CDS_0015	Pharokka_phiMA002_CDS_0014	97.658	726	1472
Pharokka_PV_7BP_CDS_0015	Pharokka_phiMA001_CDS_0014	97.658	726	1472
Pharokka_PV_7BP_CDS_0015	Pharokka_phi11_CDS_0015	97.658	726	1472
Pharokka_PV_7BP_CDS_0015	Pharokka_phi7A_CDS_0015	97.658	726	1472
Pharokka_PV_7BP_CDS_0016	Pharokka_PV_7BP_CDS_0016	100.000	1566	3200
Pharokka_PV_7BP_CDS_0016	Pharokka_phi6A_CDS_0016	100.000	1566	3200
Pharokka_PV_7BP_CDS_0016	Pharokka_phi7A_CDS_0016	87.298	1606	2696
Pharokka_PV_7BP_CDS_0016	Pharokka_phi11_CDS_0016	87.111	1606	2689
Pharokka_PV_7BP_CDS_0016	Pharokka_phiMA004_CDS_0015	95.459	969	1823
Pharokka_PV_7BP_CDS_0016	Pharokka_phiMA004_CDS_0015	97.819	596	1179
Pharokka_PV_7BP_CDS_0016	Pharokka_phiMA002_CDS_0015	95.459	969	1823
Pharokka_PV_7BP_CDS_0016	Pharokka_phiMA002_CDS_0015	97.819	596	1179
Pharokka_PV_7BP_CDS_0016	Pharokka_phiMA001_CDS_0015	95.459	969	1823
Pharokka_PV_7BP_CDS_0016	Pharokka_phiMA001_CDS_0015	97.819	596	1179
Pharokka_PV_7BP_CDS_0016	Pharokka_PV_12_CDS_0016	95.769	969	1823
Pharokka_PV_7BP_CDS_0016	Pharokka_PV_12_CDS_0016	95.477	597	1155
Pharokka_PV_7BP_CDS_0017	Pharokka_PV_7BP_CDS_0017	100.000	105	207
Pharokka_PV_7BP_CDS_0017	Pharokka_phi6A_CDS_0017	100.000	105	207
Pharokka_PV_7BP_CDS_0017	Pharokka_phiMA004_CDS_0016	94.286	105	196
Pharokka_PV_7BP_CDS_0017	Pharokka_phiMA002_CDS_0016	94.286	105	196
Pharokka_PV_7BP_CDS_0017	Pharokka_phiMA001_CDS_0016	94.286	105	196
Pharokka_PV_7BP_CDS_0017	Pharokka_phi11_CDS_0017	95.146	103	194
Pharokka_PV_7BP_CDS_0017	Pharokka_PV_12_CDS_0017	95.146	103	193
Pharokka_PV_7BP_CDS_0017	Pharokka_phi7A_CDS_0017	95.146	103	193
Pharokka_PV_7BP_CDS_0018	Pharokka_phiMA004_CDS_0017	100.000	100	201
Pharokka_PV_7BP_CDS_0018	Pharokka_phiMA002_CDS_0017	100.000	100	201
Pharokka_PV_7BP_CDS_0018	Pharokka_phiMA001_CDS_0017	100.000	100	201
Pharokka_PV_7BP_CDS_0018	Pharokka_PV_7BP_CDS_0018	100.000	100	201
Pharokka_PV_7BP_CDS_0018	Pharokka_phi6A_CDS_0018	100.000	100	201
Pharokka_PV_7BP_CDS_0018	Pharokka_PV_12_CDS_0018	98.000	100	197
Pharokka_PV_7BP_CDS_0018	Pharokka_phi11_CDS_0018	98.000	100	197
Pharokka_PV_7BP_CDS_0018	Pharokka_phi7A_CDS_0018	97.000	100	195
Pharokka_PV_7BP_CDS_0019	Pharokka_PV_7BP_CDS_0019	100.000	65	136
Pharokka_PV_7BP_CDS_0019	Pharokka_phi6A_CDS_0019	100.000	65	136
Pharokka_PV_7BP_CDS_0019	Pharokka_phiMA004_CDS_0025	98.462	65	139
Pharokka_PV_7BP_CDS_0019	Pharokka_phiMA002_CDS_0025	98.462	65	139
Pharokka_PV_7BP_CDS_0019	Pharokka_phiMA001_CDS_0025	98.462	65	139
Pharokka_PV_7BP_CDS_0019	Pharokka_PV_12_CDS_0027	98.462	65	139
Pharokka_PV_7BP_CDS_0019	Pharokka_phi7A_CDS_0026	98.462	65	139
Pharokka_PV_7BP_CDS_0019	Pharokka_phi11_CDS_0021	98.462	65	139
Pharokka_PV_7BP_CDS_0020	Pharokka_phiMA004_CDS_0026	100.000	154	315
Pharokka_PV_7BP_CDS_0020	Pharokka_phiMA002_CDS_0026	100.000	154	315
Pharokka_PV_7BP_CDS_0020	Pharokka_phiMA001_CDS_0026	100.000	154	315
Pharokka_PV_7BP_CDS_0020	Pharokka_PV_12_CDS_0028	100.000	154	315
Pharokka_PV_7BP_CDS_0020	Pharokka_PV_7BP_CDS_0020	100.000	154	315
Pharokka_PV_7BP_CDS_0020	Pharokka_phi11_CDS_0022	100.000	154	315
Pharokka_PV_7BP_CDS_0020	Pharokka_phi7A_CDS_0027	100.000	154	315
Pharokka_PV_7BP_CDS_0020	Pharokka_phi6A_CDS_0020	100.000	154	315
Pharokka_PV_7BP_CDS_0021	Pharokka_PV_7BP_CDS_0021	100.000	172	347
Pharokka_PV_7BP_CDS_0021	Pharokka_phi6A_CDS_0021	100.000	172	347
Pharokka_PV_7BP_CDS_0021	Pharokka_phiMA004_CDS_0027	98.256	172	342
Pharokka_PV_7BP_CDS_0021	Pharokka_phiMA002_CDS_0027	98.256	172	342
Pharokka_PV_7BP_CDS_0021	Pharokka_phiMA001_CDS_0027	98.256	172	342
Pharokka_PV_7BP_CDS_0021	Pharokka_phi7A_CDS_0028	98.256	172	342
Pharokka_PV_7BP_CDS_0021	Pharokka_PV_12_CDS_0029	95.349	172	331
Pharokka_PV_7BP_CDS_0021	Pharokka_phi11_CDS_0023	97.931	145	288
Pharokka_PV_7BP_CDS_0022	Pharokka_phiMA004_CDS_0028	100.000	142	293
Pharokka_PV_7BP_CDS_0022	Pharokka_phiMA002_CDS_0028	100.000	142	293
Pharokka_PV_7BP_CDS_0022	Pharokka_phiMA001_CDS_0028	100.000	142	293
Pharokka_PV_7BP_CDS_0022	Pharokka_PV_12_CDS_0030	100.000	142	293
Pharokka_PV_7BP_CDS_0022	Pharokka_PV_7BP_CDS_0022	100.000	142	293
Pharokka_PV_7BP_CDS_0022	Pharokka_phi11_CDS_0024	100.000	142	293
Pharokka_PV_7BP_CDS_0022	Pharokka_phi6A_CDS_0022	100.000	142	293
Pharokka_PV_7BP_CDS_0022	Pharokka_phi7A_CDS_0029	99.296	142	291
Pharokka_PV_7BP_CDS_0023	Pharokka_phiMA004_CDS_0029	100.000	202	399
Pharokka_PV_7BP_CDS_0023	Pharokka_phiMA002_CDS_0029	100.000	202	399
Pharokka_PV_7BP_CDS_0023	Pharokka_phiMA001_CDS_0029	100.000	202	399
Pharokka_PV_7BP_CDS_0023	Pharokka_PV_12_CDS_0031	100.000	202	399
Pharokka_PV_7BP_CDS_0023	Pharokka_PV_7BP_CDS_0023	100.000	202	399
Pharokka_PV_7BP_CDS_0023	Pharokka_phi6A_CDS_0023	100.000	202	399
Pharokka_PV_7BP_CDS_0023	Pharokka_phi11_CDS_0025	99.010	202	394
Pharokka_PV_7BP_CDS_0023	Pharokka_phi7A_CDS_0030	99.010	202	394
Pharokka_PV_7BP_CDS_0024	Pharokka_phiMA004_CDS_0030	100.000	35	65.5
Pharokka_PV_7BP_CDS_0024	Pharokka_phiMA002_CDS_0030	100.000	35	65.5
Pharokka_PV_7BP_CDS_0024	Pharokka_phiMA001_CDS_0030	100.000	35	65.5
Pharokka_PV_7BP_CDS_0024	Pharokka_PV_12_CDS_0032	100.000	35	65.5
Pharokka_PV_7BP_CDS_0024	Pharokka_PV_7BP_CDS_0024	100.000	35	65.5
Pharokka_PV_7BP_CDS_0024	Pharokka_phi6A_CDS_0024	100.000	35	65.5
Pharokka_PV_7BP_CDS_0024	Pharokka_phi7A_CDS_0031	97.143	35	64.7
Pharokka_PV_7BP_CDS_0025	Pharokka_phiMA004_CDS_0031	100.000	33	65.1
Pharokka_PV_7BP_CDS_0025	Pharokka_phiMA002_CDS_0031	100.000	33	65.1
Pharokka_PV_7BP_CDS_0025	Pharokka_phiMA001_CDS_0031	100.000	33	65.1
Pharokka_PV_7BP_CDS_0025	Pharokka_PV_12_CDS_0033	100.000	33	65.1
Pharokka_PV_7BP_CDS_0025	Pharokka_PV_7BP_CDS_0025	100.000	33	65.1
Pharokka_PV_7BP_CDS_0025	Pharokka_phi11_CDS_0027	100.000	33	65.1
Pharokka_PV_7BP_CDS_0025	Pharokka_phi7A_CDS_0032	100.000	33	65.1
Pharokka_PV_7BP_CDS_0025	Pharokka_phi6A_CDS_0025	100.000	33	65.1
Pharokka_PV_7BP_CDS_0026	Pharokka_phiMA004_CDS_0032	100.000	135	272
Pharokka_PV_7BP_CDS_0026	Pharokka_phiMA002_CDS_0032	100.000	135	272
Pharokka_PV_7BP_CDS_0026	Pharokka_phiMA001_CDS_0032	100.000	135	272
Pharokka_PV_7BP_CDS_0026	Pharokka_PV_7BP_CDS_0026	100.000	135	272
Pharokka_PV_7BP_CDS_0026	Pharokka_phi11_CDS_0028	100.000	135	272
Pharokka_PV_7BP_CDS_0026	Pharokka_phi6A_CDS_0026	100.000	135	272
Pharokka_PV_7BP_CDS_0026	Pharokka_PV_12_CDS_0034	100.000	135	273
Pharokka_PV_7BP_CDS_0026	Pharokka_phi7A_CDS_0033	99.259	135	271
Pharokka_PV_7BP_CDS_0027	Pharokka_PV_7BP_CDS_0027	100.000	170	329
Pharokka_PV_7BP_CDS_0027	Pharokka_phi6A_CDS_0027	100.000	170	329
Pharokka_PV_7BP_CDS_0027	Pharokka_PV_12_CDS_0035	94.706	170	306
Pharokka_PV_7BP_CDS_0027	Pharokka_phi11_CDS_0029	89.412	170	289
Pharokka_PV_7BP_CDS_0027	Pharokka_phi7A_CDS_0034	80.588	170	257
Pharokka_PV_7BP_CDS_0027	Pharokka_phiMA004_CDS_0033	100.000	59	127
Pharokka_PV_7BP_CDS_0027	Pharokka_phiMA004_CDS_0033	96.923	65	126
Pharokka_PV_7BP_CDS_0027	Pharokka_phiMA002_CDS_0033	100.000	59	127
Pharokka_PV_7BP_CDS_0027	Pharokka_phiMA002_CDS_0033	96.923	65	126
Pharokka_PV_7BP_CDS_0027	Pharokka_phiMA001_CDS_0033	100.000	59	127
Pharokka_PV_7BP_CDS_0027	Pharokka_phiMA001_CDS_0033	96.923	65	126
Pharokka_PV_7BP_CDS_0028	Pharokka_PV_7BP_CDS_0028	100.000	46	95.5
Pharokka_PV_7BP_CDS_0028	Pharokka_phi6A_CDS_0028	100.000	46	95.5
Pharokka_PV_7BP_CDS_0028	Pharokka_PV_12_CDS_0036	95.652	46	93.2
Pharokka_PV_7BP_CDS_0028	Pharokka_phi7A_CDS_0035	95.652	46	93.2
Pharokka_PV_7BP_CDS_0028	Pharokka_phiMA004_CDS_0034	93.478	46	91.7
Pharokka_PV_7BP_CDS_0028	Pharokka_phiMA002_CDS_0034	93.478	46	91.7
Pharokka_PV_7BP_CDS_0028	Pharokka_phiMA001_CDS_0034	93.478	46	91.7
Pharokka_PV_7BP_CDS_0028	Pharokka_phi11_CDS_0030	93.478	46	91.7
Pharokka_PV_7BP_CDS_0029	Pharokka_PV_7BP_CDS_0029	100.000	401	829
Pharokka_PV_7BP_CDS_0029	Pharokka_phi11_CDS_0031	100.000	401	829
Pharokka_PV_7BP_CDS_0029	Pharokka_phi6A_CDS_0029	100.000	401	829
Pharokka_PV_7BP_CDS_0029	Pharokka_phi7A_CDS_0036	99.501	401	825
Pharokka_PV_7BP_CDS_0029	Pharokka_PV_12_CDS_0037	99.252	401	822
Pharokka_PV_7BP_CDS_0029	Pharokka_phiMA004_CDS_0035	98.753	401	819
Pharokka_PV_7BP_CDS_0029	Pharokka_phiMA002_CDS_0035	98.753	401	819
Pharokka_PV_7BP_CDS_0029	Pharokka_phiMA001_CDS_0035	98.753	401	819
Pharokka_PV_7BP_CDS_0030	Pharokka_PV_7BP_CDS_0030	100.000	50	104
Pharokka_PV_7BP_CDS_0030	Pharokka_phi7A_CDS_0037	100.000	50	104
Pharokka_PV_7BP_CDS_0030	Pharokka_phi6A_CDS_0030	100.000	50	104
Pharokka_PV_7BP_CDS_0030	Pharokka_phi11_CDS_0032	98.000	50	102
Pharokka_PV_7BP_CDS_0030	Pharokka_phiMA004_CDS_0036	97.959	49	100
Pharokka_PV_7BP_CDS_0030	Pharokka_phiMA002_CDS_0036	97.959	49	100
Pharokka_PV_7BP_CDS_0030	Pharokka_phiMA001_CDS_0036	97.959	49	100
Pharokka_PV_7BP_CDS_0030	Pharokka_PV_12_CDS_0038	78.125	64	94.4
Pharokka_PV_7BP_CDS_0031	Pharokka_PV_12_CDS_0039	100.000	181	369
Pharokka_PV_7BP_CDS_0031	Pharokka_PV_7BP_CDS_0031	100.000	181	369
Pharokka_PV_7BP_CDS_0031	Pharokka_phi7A_CDS_0038	100.000	181	369
Pharokka_PV_7BP_CDS_0031	Pharokka_phi6A_CDS_0031	100.000	181	369
Pharokka_PV_7BP_CDS_0031	Pharokka_phiMA004_CDS_0037	99.448	181	367
Pharokka_PV_7BP_CDS_0031	Pharokka_phiMA002_CDS_0037	99.448	181	367
Pharokka_PV_7BP_CDS_0031	Pharokka_phiMA001_CDS_0037	99.448	181	367
Pharokka_PV_7BP_CDS_0031	Pharokka_phi11_CDS_0033	99.448	181	367
Pharokka_PV_7BP_CDS_0032	Pharokka_PV_7BP_CDS_0032	100.000	657	1365
Pharokka_PV_7BP_CDS_0032	Pharokka_phi6A_CDS_0032	100.000	657	1365
Pharokka_PV_7BP_CDS_0032	Pharokka_phiMA004_CDS_0038	99.391	657	1359
Pharokka_PV_7BP_CDS_0032	Pharokka_phiMA002_CDS_0038	99.391	657	1359
Pharokka_PV_7BP_CDS_0032	Pharokka_phiMA001_CDS_0038	99.391	657	1359
Pharokka_PV_7BP_CDS_0032	Pharokka_PV_12_CDS_0040	99.239	657	1357
Pharokka_PV_7BP_CDS_0032	Pharokka_phi11_CDS_0034	99.087	657	1355
Pharokka_PV_7BP_CDS_0032	Pharokka_phi7A_CDS_0039	99.087	657	1353
Pharokka_PV_7BP_CDS_0033	Pharokka_PV_7BP_CDS_0033	100.000	799	1662
Pharokka_PV_7BP_CDS_0033	Pharokka_phi6A_CDS_0033	100.000	799	1662
Pharokka_PV_7BP_CDS_0033	Pharokka_phi11_CDS_0035	99.499	799	1655
Pharokka_PV_7BP_CDS_0033	Pharokka_PV_12_CDS_0041	99.374	799	1654
Pharokka_PV_7BP_CDS_0033	Pharokka_phiMA004_CDS_0039	99.374	799	1652
Pharokka_PV_7BP_CDS_0033	Pharokka_phiMA002_CDS_0039	99.374	799	1652
Pharokka_PV_7BP_CDS_0033	Pharokka_phiMA001_CDS_0039	99.374	799	1652
Pharokka_PV_7BP_CDS_0033	Pharokka_phi7A_CDS_0040	99.249	799	1650
Pharokka_PV_7BP_CDS_0034	Pharokka_PV_12_CDS_0042	100.000	71	144
Pharokka_PV_7BP_CDS_0034	Pharokka_PV_7BP_CDS_0034	100.000	71	144
Pharokka_PV_7BP_CDS_0034	Pharokka_phi11_CDS_0036	100.000	71	144
Pharokka_PV_7BP_CDS_0034	Pharokka_phi7A_CDS_0041	100.000	71	144
Pharokka_PV_7BP_CDS_0034	Pharokka_phi6A_CDS_0034	100.000	71	144
Pharokka_PV_7BP_CDS_0034	Pharokka_phiMA004_CDS_0040	98.592	71	143
Pharokka_PV_7BP_CDS_0034	Pharokka_phiMA002_CDS_0040	98.592	71	143
Pharokka_PV_7BP_CDS_0034	Pharokka_phiMA001_CDS_0040	98.592	71	143
Pharokka_PV_7BP_CDS_0035	Pharokka_phiMA004_CDS_0041	100.000	101	204
Pharokka_PV_7BP_CDS_0035	Pharokka_phiMA002_CDS_0041	100.000	101	204
Pharokka_PV_7BP_CDS_0035	Pharokka_phiMA001_CDS_0041	100.000	101	204
Pharokka_PV_7BP_CDS_0035	Pharokka_PV_12_CDS_0043	100.000	101	204
Pharokka_PV_7BP_CDS_0035	Pharokka_PV_7BP_CDS_0035	100.000	101	204
Pharokka_PV_7BP_CDS_0035	Pharokka_phi11_CDS_0037	100.000	101	204
Pharokka_PV_7BP_CDS_0035	Pharokka_phi7A_CDS_0042	100.000	101	204
Pharokka_PV_7BP_CDS_0035	Pharokka_phi6A_CDS_0035	100.000	101	204
Pharokka_PV_7BP_CDS_0036	Pharokka_PV_7BP_CDS_0036	100.000	479	994
Pharokka_PV_7BP_CDS_0036	Pharokka_phi6A_CDS_0036	100.000	479	994
Pharokka_PV_7BP_CDS_0036	Pharokka_phi11_CDS_0038	99.582	479	989
Pharokka_PV_7BP_CDS_0036	Pharokka_phiMA004_CDS_0042	99.374	479	988
Pharokka_PV_7BP_CDS_0036	Pharokka_phiMA002_CDS_0042	99.374	479	988
Pharokka_PV_7BP_CDS_0036	Pharokka_phiMA001_CDS_0042	99.374	479	988
Pharokka_PV_7BP_CDS_0036	Pharokka_PV_12_CDS_0044	99.165	479	985
Pharokka_PV_7BP_CDS_0036	Pharokka_phi7A_CDS_0043	98.956	479	984
Pharokka_PV_7BP_CDS_0037	Pharokka_PV_7BP_CDS_0037	100.000	168	341
Pharokka_PV_7BP_CDS_0037	Pharokka_phi6A_CDS_0037	100.000	168	341
Pharokka_PV_7BP_CDS_0037	Pharokka_PV_12_CDS_0045	98.810	168	337
Pharokka_PV_7BP_CDS_0037	Pharokka_phiMA004_CDS_0043	97.619	168	334
Pharokka_PV_7BP_CDS_0037	Pharokka_phiMA002_CDS_0043	97.619	168	334
Pharokka_PV_7BP_CDS_0037	Pharokka_phiMA001_CDS_0043	97.619	168	334
Pharokka_PV_7BP_CDS_0037	Pharokka_phi11_CDS_0039	97.024	168	332
Pharokka_PV_7BP_CDS_0037	Pharokka_phi7A_CDS_0044	97.024	168	332
Pharokka_PV_7BP_CDS_0037	Pharokka_PV_12_CDS_0046	39.062	64	41.6
Pharokka_PV_7BP_CDS_0037	Pharokka_phi7A_CDS_0045	39.683	63	41.2
Pharokka_PV_7BP_CDS_0037	Pharokka_PV_7BP_CDS_0038	39.683	63	40.8
Pharokka_PV_7BP_CDS_0037	Pharokka_phi11_CDS_0040	39.683	63	40.8
Pharokka_PV_7BP_CDS_0037	Pharokka_phi6A_CDS_0038	39.683	63	40.8
Pharokka_PV_7BP_CDS_0037	Pharokka_phiMA004_CDS_0044	39.683	63	40.8
Pharokka_PV_7BP_CDS_0037	Pharokka_phiMA002_CDS_0044	39.683	63	40.8
Pharokka_PV_7BP_CDS_0037	Pharokka_phiMA001_CDS_0044	39.683	63	40.8
Pharokka_PV_7BP_CDS_0038	Pharokka_PV_7BP_CDS_0038	100.000	73	149
Pharokka_PV_7BP_CDS_0038	Pharokka_phi11_CDS_0040	100.000	73	149
Pharokka_PV_7BP_CDS_0038	Pharokka_phi6A_CDS_0038	100.000	73	149
Pharokka_PV_7BP_CDS_0038	Pharokka_phi7A_CDS_0045	98.630	73	148
Pharokka_PV_7BP_CDS_0038	Pharokka_phiMA004_CDS_0044	98.630	73	147
Pharokka_PV_7BP_CDS_0038	Pharokka_phiMA002_CDS_0044	98.630	73	147
Pharokka_PV_7BP_CDS_0038	Pharokka_phiMA001_CDS_0044	98.630	73	147
Pharokka_PV_7BP_CDS_0038	Pharokka_PV_12_CDS_0046	98.630	73	146
Pharokka_PV_7BP_CDS_0038	Pharokka_PV_12_CDS_0045	39.683	63	41.6
Pharokka_PV_7BP_CDS_0038	Pharokka_phiMA004_CDS_0043	39.683	63	41.2
Pharokka_PV_7BP_CDS_0038	Pharokka_phiMA002_CDS_0043	39.683	63	41.2
Pharokka_PV_7BP_CDS_0038	Pharokka_phiMA001_CDS_0043	39.683	63	41.2
Pharokka_PV_7BP_CDS_0038	Pharokka_phi11_CDS_0039	38.710	62	41.2
Pharokka_PV_7BP_CDS_0038	Pharokka_phi7A_CDS_0044	38.710	62	41.2
Pharokka_PV_7BP_CDS_0038	Pharokka_PV_7BP_CDS_0037	39.683	63	40.8
Pharokka_PV_7BP_CDS_0038	Pharokka_phi6A_CDS_0037	39.683	63	40.8
Pharokka_PV_7BP_CDS_0039	Pharokka_PV_7BP_CDS_0039	100.000	595	1236
Pharokka_PV_7BP_CDS_0039	Pharokka_phi6A_CDS_0039	99.832	595	1234
Pharokka_PV_7BP_CDS_0039	Pharokka_PV_12_CDS_0047	97.311	595	1209
Pharokka_PV_7BP_CDS_0039	Pharokka_phi11_CDS_0041	97.311	595	1208
Pharokka_PV_7BP_CDS_0039	Pharokka_phiMA004_CDS_0045	97.479	595	1203
Pharokka_PV_7BP_CDS_0039	Pharokka_phiMA002_CDS_0045	97.479	595	1203
Pharokka_PV_7BP_CDS_0039	Pharokka_phiMA001_CDS_0045	97.479	595	1203
Pharokka_PV_7BP_CDS_0039	Pharokka_phi7A_CDS_0046	96.975	595	1201
Pharokka_PV_7BP_CDS_0040	Pharokka_PV_7BP_CDS_0040	100.000	223	458
Pharokka_PV_7BP_CDS_0040	Pharokka_phi6A_CDS_0040	100.000	223	458
Pharokka_PV_7BP_CDS_0040	Pharokka_phiMA004_CDS_0046	99.552	223	454
Pharokka_PV_7BP_CDS_0040	Pharokka_phiMA002_CDS_0046	99.552	223	454
Pharokka_PV_7BP_CDS_0040	Pharokka_phiMA001_CDS_0046	99.552	223	454
Pharokka_PV_7BP_CDS_0040	Pharokka_phi11_CDS_0042	99.552	223	454
Pharokka_PV_7BP_CDS_0040	Pharokka_phi7A_CDS_0047	99.552	223	454
Pharokka_PV_7BP_CDS_0040	Pharokka_PV_12_CDS_0048	99.103	223	452
Pharokka_PV_7BP_CDS_0041	Pharokka_phiMA004_CDS_0047	100.000	253	529
Pharokka_PV_7BP_CDS_0041	Pharokka_phiMA002_CDS_0047	100.000	253	529
Pharokka_PV_7BP_CDS_0041	Pharokka_phiMA001_CDS_0047	100.000	253	529
Pharokka_PV_7BP_CDS_0041	Pharokka_PV_12_CDS_0049	100.000	253	529
Pharokka_PV_7BP_CDS_0041	Pharokka_PV_7BP_CDS_0041	100.000	253	529
Pharokka_PV_7BP_CDS_0041	Pharokka_phi6A_CDS_0041	100.000	253	529
Pharokka_PV_7BP_CDS_0041	Pharokka_phi7A_CDS_0048	99.605	253	528
Pharokka_PV_7BP_CDS_0041	Pharokka_phi11_CDS_0043	99.605	253	527
Pharokka_PV_7BP_CDS_0041	Pharokka_phi11_CDS_0047	32.215	149	60.8
Pharokka_PV_7BP_CDS_0041	Pharokka_phi7A_CDS_0052	32.215	149	60.8
Pharokka_PV_7BP_CDS_0041	Pharokka_PV_12_CDS_0053	32.215	149	60.8
Pharokka_PV_7BP_CDS_0041	Pharokka_phiMA004_CDS_0051	32.215	149	59.3
Pharokka_PV_7BP_CDS_0041	Pharokka_phiMA002_CDS_0051	32.215	149	59.3
Pharokka_PV_7BP_CDS_0041	Pharokka_phiMA001_CDS_0051	32.215	149	59.3
Pharokka_PV_7BP_CDS_0041	Pharokka_PV_7BP_CDS_0047	31.852	135	57.8
Pharokka_PV_7BP_CDS_0041	Pharokka_phi6A_CDS_0047	31.852	135	57.8
Pharokka_PV_7BP_CDS_0042	Pharokka_PV_7BP_CDS_0042	100.000	87	171
Pharokka_PV_7BP_CDS_0042	Pharokka_phi11_CDS_0044	100.000	87	171
Pharokka_PV_7BP_CDS_0042	Pharokka_phi7A_CDS_0049	100.000	87	171
Pharokka_PV_7BP_CDS_0042	Pharokka_phi6A_CDS_0042	100.000	87	171
Pharokka_PV_7BP_CDS_0042	Pharokka_PV_12_CDS_0050	98.851	87	169
Pharokka_PV_7BP_CDS_0042	Pharokka_phiMA004_CDS_0048	98.851	87	169
Pharokka_PV_7BP_CDS_0042	Pharokka_phiMA002_CDS_0048	98.851	87	169
Pharokka_PV_7BP_CDS_0042	Pharokka_phiMA001_CDS_0048	98.851	87	169
Pharokka_PV_7BP_CDS_0043	Pharokka_phiMA004_CDS_0049	100.000	181	367
Pharokka_PV_7BP_CDS_0043	Pharokka_phiMA002_CDS_0049	100.000	181	367
Pharokka_PV_7BP_CDS_0043	Pharokka_phiMA001_CDS_0049	100.000	181	367
Pharokka_PV_7BP_CDS_0043	Pharokka_PV_12_CDS_0051	100.000	181	367
Pharokka_PV_7BP_CDS_0043	Pharokka_PV_7BP_CDS_0043	100.000	181	367
Pharokka_PV_7BP_CDS_0043	Pharokka_phi11_CDS_0045	100.000	181	367
Pharokka_PV_7BP_CDS_0043	Pharokka_phi6A_CDS_0043	100.000	181	367
Pharokka_PV_7BP_CDS_0043	Pharokka_phi7A_CDS_0050	98.895	181	365
Pharokka_PV_7BP_CDS_0044	Pharokka_PV_12_CDS_0052	100.000	167	348
Pharokka_PV_7BP_CDS_0044	Pharokka_PV_7BP_CDS_0044	100.000	167	348
Pharokka_PV_7BP_CDS_0044	Pharokka_phi6A_CDS_0044	100.000	167	348
Pharokka_PV_7BP_CDS_0044	Pharokka_phi11_CDS_0046	99.401	167	346
Pharokka_PV_7BP_CDS_0044	Pharokka_phi7A_CDS_0051	95.808	167	335
Pharokka_PV_7BP_CDS_0044	Pharokka_phiMA004_CDS_0050	91.617	167	320
Pharokka_PV_7BP_CDS_0044	Pharokka_phiMA002_CDS_0050	91.617	167	320
Pharokka_PV_7BP_CDS_0044	Pharokka_phiMA001_CDS_0050	91.617	167	320
Pharokka_PV_7BP_CDS_0045	Pharokka_PV_7BP_CDS_0045	100.000	240	502
Pharokka_PV_7BP_CDS_0045	Pharokka_phi6A_CDS_0045	100.000	240	502
Pharokka_PV_7BP_CDS_0046	Pharokka_PV_7BP_CDS_0046	100.000	45	93.6
Pharokka_PV_7BP_CDS_0046	Pharokka_phi6A_CDS_0046	100.000	45	93.6
Pharokka_PV_7BP_CDS_0047	Pharokka_PV_7BP_CDS_0047	100.000	226	476
Pharokka_PV_7BP_CDS_0047	Pharokka_phi6A_CDS_0047	100.000	226	476
Pharokka_PV_7BP_CDS_0047	Pharokka_PV_12_CDS_0053	97.788	226	467
Pharokka_PV_7BP_CDS_0047	Pharokka_phi11_CDS_0047	97.345	226	465
Pharokka_PV_7BP_CDS_0047	Pharokka_phi7A_CDS_0052	97.345	226	465
Pharokka_PV_7BP_CDS_0047	Pharokka_phiMA004_CDS_0051	96.018	226	456
Pharokka_PV_7BP_CDS_0047	Pharokka_phiMA002_CDS_0051	96.018	226	456
Pharokka_PV_7BP_CDS_0047	Pharokka_phiMA001_CDS_0051	96.018	226	456
Pharokka_PV_7BP_CDS_0047	Pharokka_phi11_CDS_0043	31.852	135	57.8
Pharokka_PV_7BP_CDS_0047	Pharokka_phiMA004_CDS_0047	31.852	135	57.8
Pharokka_PV_7BP_CDS_0047	Pharokka_phiMA002_CDS_0047	31.852	135	57.8
Pharokka_PV_7BP_CDS_0047	Pharokka_phiMA001_CDS_0047	31.852	135	57.8
Pharokka_PV_7BP_CDS_0047	Pharokka_PV_12_CDS_0049	31.852	135	57.8
Pharokka_PV_7BP_CDS_0047	Pharokka_PV_7BP_CDS_0041	31.852	135	57.8
Pharokka_PV_7BP_CDS_0047	Pharokka_phi6A_CDS_0041	31.852	135	57.8
Pharokka_PV_7BP_CDS_0047	Pharokka_phi7A_CDS_0048	31.852	135	57.8
Pharokka_PV_7BP_CDS_0048	Pharokka_PV_12_CDS_0054	100.000	63	127
Pharokka_PV_7BP_CDS_0048	Pharokka_PV_7BP_CDS_0048	100.000	63	127
Pharokka_PV_7BP_CDS_0048	Pharokka_phi7A_CDS_0053	100.000	63	127
Pharokka_PV_7BP_CDS_0048	Pharokka_phi6A_CDS_0048	100.000	63	127
Pharokka_PV_7BP_CDS_0048	Pharokka_phi11_CDS_0048	98.413	63	124
Pharokka_PV_7BP_CDS_0048	Pharokka_phiMA004_CDS_0052	95.238	63	121
Pharokka_PV_7BP_CDS_0048	Pharokka_phiMA002_CDS_0052	95.238	63	121
Pharokka_PV_7BP_CDS_0048	Pharokka_phiMA001_CDS_0052	95.238	63	121
Pharokka_PV_7BP_CDS_0049	Pharokka_PV_7BP_CDS_0049	100.000	302	617
Pharokka_PV_7BP_CDS_0049	Pharokka_phi6A_CDS_0049	100.000	302	617
Pharokka_PV_7BP_CDS_0049	Pharokka_phi7A_CDS_0054	99.669	302	615
Pharokka_PV_7BP_CDS_0049	Pharokka_phiMA004_CDS_0053	100.000	300	613
Pharokka_PV_7BP_CDS_0049	Pharokka_phiMA002_CDS_0053	100.000	300	613
Pharokka_PV_7BP_CDS_0049	Pharokka_phiMA001_CDS_0053	100.000	300	613
Pharokka_PV_7BP_CDS_0049	Pharokka_PV_12_CDS_0055	100.000	300	613
Pharokka_PV_7BP_CDS_0049	Pharokka_phi11_CDS_0049	99.333	300	609
Pharokka_PV_7BP_CDS_0050	Pharokka_PV_7BP_CDS_0050	100.000	150	310
Pharokka_PV_7BP_CDS_0050	Pharokka_phi6A_CDS_0050	100.000	150	310
Pharokka_PV_7BP_CDS_0050	Pharokka_phiMA004_CDS_0054	95.270	148	298
Pharokka_PV_7BP_CDS_0050	Pharokka_phiMA002_CDS_0054	95.270	148	298
Pharokka_PV_7BP_CDS_0050	Pharokka_phiMA001_CDS_0054	95.270	148	298
Pharokka_PV_7BP_CDS_0050	Pharokka_phi11_CDS_0050	95.270	148	297
Pharokka_PV_7BP_CDS_0050	Pharokka_PV_12_CDS_0056	93.919	148	296
Pharokka_PV_7BP_CDS_0050	Pharokka_phi7A_CDS_0055	93.919	148	296
Pharokka_PV_7BP_CDS_0051	Pharokka_PV_7BP_CDS_0051	100.000	104	204
Pharokka_PV_7BP_CDS_0051	Pharokka_phi6A_CDS_0051	100.000	104	204
Pharokka_PV_7BP_CDS_0051	Pharokka_phi7A_CDS_0056	94.231	104	196
Pharokka_PV_7BP_CDS_0051	Pharokka_phiMA004_CDS_0055	94.231	104	195
Pharokka_PV_7BP_CDS_0051	Pharokka_phiMA002_CDS_0055	94.231	104	195
Pharokka_PV_7BP_CDS_0051	Pharokka_phiMA001_CDS_0055	94.231	104	195
Pharokka_PV_7BP_CDS_0051	Pharokka_PV_12_CDS_0057	94.231	104	195
Pharokka_PV_7BP_CDS_0051	Pharokka_phi11_CDS_0051	94.231	104	195
Pharokka_PV_7BP_CDS_0052	Pharokka_PV_7BP_CDS_0052	100.000	42	87.8
Pharokka_PV_7BP_CDS_0052	Pharokka_phi6A_CDS_0052	100.000	42	87.8
Pharokka_PV_7BP_CDS_0053	Pharokka_PV_7BP_CDS_0053	100.000	52	103
Pharokka_PV_7BP_CDS_0053	Pharokka_phi6A_CDS_0053	100.000	52	103
Pharokka_PV_7BP_CDS_0053	Pharokka_phiMA004_CDS_0057	94.118	34	61.2
Pharokka_PV_7BP_CDS_0053	Pharokka_phiMA002_CDS_0057	94.118	34	61.2
Pharokka_PV_7BP_CDS_0053	Pharokka_phiMA001_CDS_0057	94.118	34	61.2
Pharokka_PV_7BP_CDS_0053	Pharokka_phi11_CDS_0053	94.118	34	61.2
Pharokka_PV_7BP_CDS_0053	Pharokka_phi7A_CDS_0058	94.118	34	61.2
Pharokka_PV_7BP_CDS_0054	Pharokka_PV_7BP_CDS_0054	100.000	380	753
Pharokka_PV_7BP_CDS_0054	Pharokka_phi6A_CDS_0054	100.000	380	753
Pharokka_PV_7BP_CDS_0054	Pharokka_phi7A_CDS_0059	99.211	380	748
Pharokka_PV_7BP_CDS_0054	Pharokka_phiMA004_CDS_0059	98.688	381	741
Pharokka_PV_7BP_CDS_0054	Pharokka_phiMA002_CDS_0059	98.688	381	741
Pharokka_PV_7BP_CDS_0054	Pharokka_phiMA001_CDS_0059	98.688	381	741
Pharokka_PV_7BP_CDS_0054	Pharokka_phi11_CDS_0054	98.684	380	739
Pharokka_PV_7BP_CDS_0054	Pharokka_PV_12_CDS_0062	97.368	380	729
Pharokka_PV_7BP_CDS_0055	Pharokka_PV_7BP_CDS_0055	100.000	88	180
Pharokka_PV_7BP_CDS_0055	Pharokka_phi6A_CDS_0055	100.000	88	180
Pharokka_PV_7BP_CDS_0056	Pharokka_PV_7BP_CDS_0056	100.000	60	110
Pharokka_PV_7BP_CDS_0056	Pharokka_phi6A_CDS_0056	98.333	60	109
Pharokka_PV_7BP_CDS_0057	Pharokka_PV_7BP_CDS_0057	100.000	266	543
Pharokka_PV_7BP_CDS_0057	Pharokka_phi6A_CDS_0057	99.624	266	540
Pharokka_PV_7BP_CDS_0057	Pharokka_PV_12_CDS_0066	96.992	266	525
Pharokka_PV_7BP_CDS_0057	Pharokka_phi7A_CDS_0063	95.865	266	516
Pharokka_PV_7BP_CDS_0057	Pharokka_phi11_CDS_0059	94.361	266	509
Pharokka_PV_7BP_CDS_0057	Pharokka_phiMA004_CDS_0065	90.226	266	484
Pharokka_PV_7BP_CDS_0057	Pharokka_phiMA002_CDS_0065	90.226	266	484
Pharokka_PV_7BP_CDS_0057	Pharokka_phiMA001_CDS_0065	90.226	266	484
Pharokka_PV_7BP_CDS_0058	Pharokka_phiMA004_CDS_0066	100.000	43	90.1
Pharokka_PV_7BP_CDS_0058	Pharokka_phiMA002_CDS_0066	100.000	43	90.1
Pharokka_PV_7BP_CDS_0058	Pharokka_phiMA001_CDS_0066	100.000	43	90.1
Pharokka_PV_7BP_CDS_0058	Pharokka_PV_7BP_CDS_0058	100.000	43	90.1
Pharokka_PV_7BP_CDS_0058	Pharokka_phi11_CDS_0060	100.000	43	90.1
Pharokka_PV_7BP_CDS_0058	Pharokka_phi7A_CDS_0064	100.000	43	90.1
Pharokka_PV_7BP_CDS_0058	Pharokka_phi6A_CDS_0058	100.000	43	90.1
Pharokka_PV_7BP_CDS_0058	Pharokka_PV_12_CDS_0067	97.674	43	88.6
Pharokka_PV_7BP_CDS_0059	Pharokka_PV_12_CDS_0068	100.000	45	87.4
Pharokka_PV_7BP_CDS_0059	Pharokka_PV_7BP_CDS_0059	100.000	45	87.4
Pharokka_PV_7BP_CDS_0059	Pharokka_phi11_CDS_0061	100.000	45	87.4
Pharokka_PV_7BP_CDS_0059	Pharokka_phi7A_CDS_0065	100.000	45	87.4
Pharokka_PV_7BP_CDS_0059	Pharokka_phi6A_CDS_0059	100.000	45	87.4
Pharokka_PV_7BP_CDS_0059	Pharokka_phiMA004_CDS_0067	97.778	45	85.1
Pharokka_PV_7BP_CDS_0059	Pharokka_phiMA002_CDS_0067	97.778	45	85.1
Pharokka_PV_7BP_CDS_0059	Pharokka_phiMA001_CDS_0067	97.778	45	85.1
Pharokka_PV_7BP_CDS_0060	Pharokka_phiMA004_CDS_0068	100.000	36	76.3
Pharokka_PV_7BP_CDS_0060	Pharokka_phiMA002_CDS_0068	100.000	36	76.3
Pharokka_PV_7BP_CDS_0060	Pharokka_phiMA001_CDS_0068	100.000	36	76.3
Pharokka_PV_7BP_CDS_0060	Pharokka_PV_7BP_CDS_0060	100.000	36	76.3
Pharokka_PV_7BP_CDS_0060	Pharokka_phi11_CDS_0062	100.000	36	76.3
Pharokka_PV_7BP_CDS_0060	Pharokka_phi6A_CDS_0060	100.000	36	76.3
Pharokka_PV_7BP_CDS_0060	Pharokka_PV_12_CDS_0069	97.222	36	73.6
Pharokka_PV_7BP_CDS_0060	Pharokka_phi7A_CDS_0066	97.222	36	73.6
Pharokka_PV_7BP_CDS_0061	Pharokka_PV_7BP_CDS_0061	100.000	37	80.1
Pharokka_PV_7BP_CDS_0061	Pharokka_phi6A_CDS_0061	100.000	37	80.1
Pharokka_PV_7BP_CDS_0061	Pharokka_phiMA004_CDS_0069	97.297	37	79.0
Pharokka_PV_7BP_CDS_0061	Pharokka_phiMA002_CDS_0069	97.297	37	79.0
Pharokka_PV_7BP_CDS_0061	Pharokka_phiMA001_CDS_0069	97.297	37	79.0
Pharokka_PV_7BP_CDS_0061	Pharokka_PV_12_CDS_0070	97.297	37	79.0
Pharokka_PV_7BP_CDS_0061	Pharokka_phi11_CDS_0063	97.297	37	79.0
Pharokka_PV_7BP_CDS_0062	Pharokka_PV_7BP_CDS_0062	100.000	39	75.9
Pharokka_PV_7BP_CDS_0062	Pharokka_phi6A_CDS_0062	97.436	39	72.8
Pharokka_PV_7BP_CDS_0062	Pharokka_PV_7BP_CDS_0063	92.105	38	70.5
Pharokka_PV_7BP_CDS_0062	Pharokka_phi6A_CDS_0063	97.059	34	65.1
Pharokka_PV_7BP_CDS_0062	Pharokka_phi6A_CDS_0064	94.118	34	62.8
Pharokka_PV_7BP_CDS_0062	Pharokka_PV_12_CDS_0071	88.235	34	62.4
Pharokka_PV_7BP_CDS_0062	Pharokka_phiMA004_CDS_0071	76.471	34	52.8
Pharokka_PV_7BP_CDS_0062	Pharokka_phiMA002_CDS_0070	76.471	34	52.8
Pharokka_PV_7BP_CDS_0062	Pharokka_phiMA001_CDS_0070	76.471	34	52.8
Pharokka_PV_7BP_CDS_0062	Pharokka_phi11_CDS_0064	73.529	34	50.8
Pharokka_PV_7BP_CDS_0062	Pharokka_phiMA004_CDS_0070	70.968	31	46.2
Pharokka_PV_7BP_CDS_0063	Pharokka_PV_7BP_CDS_0063	100.000	52	105
Pharokka_PV_7BP_CDS_0063	Pharokka_phi6A_CDS_0062	97.297	37	74.7
Pharokka_PV_7BP_CDS_0063	Pharokka_PV_7BP_CDS_0062	92.105	38	70.5
Pharokka_PV_7BP_CDS_0063	Pharokka_phi6A_CDS_0063	100.000	34	69.3
Pharokka_PV_7BP_CDS_0063	Pharokka_phi6A_CDS_0064	97.059	34	67.4
Pharokka_PV_7BP_CDS_0063	Pharokka_PV_12_CDS_0071	91.176	34	67.0
Pharokka_PV_7BP_CDS_0063	Pharokka_phiMA004_CDS_0071	79.412	34	57.0
Pharokka_PV_7BP_CDS_0063	Pharokka_phiMA002_CDS_0070	79.412	34	57.0
Pharokka_PV_7BP_CDS_0063	Pharokka_phiMA001_CDS_0070	79.412	34	57.0
Pharokka_PV_7BP_CDS_0063	Pharokka_phi11_CDS_0064	76.471	34	55.1
Pharokka_PV_7BP_CDS_0063	Pharokka_phiMA004_CDS_0070	74.194	31	50.4
Pharokka_PV_7BP_CDS_0064	Pharokka_PV_7BP_CDS_0064	100.000	30	63.9
Pharokka_PV_7BP_CDS_0065	Pharokka_PV_7BP_CDS_0065	100.000	44	89.0
Pharokka_PV_7BP_CDS_0065	Pharokka_phi11_CDS_0066	93.182	44	82.8
Pharokka_PV_7BP_CDS_0065	Pharokka_phi7A_CDS_0069	93.182	44	82.8
Pharokka_PV_7BP_CDS_0065	Pharokka_phiMA004_CDS_0073	93.182	44	82.8
Pharokka_PV_7BP_CDS_0065	Pharokka_phiMA002_CDS_0072	93.182	44	82.8
Pharokka_PV_7BP_CDS_0065	Pharokka_phiMA001_CDS_0072	93.182	44	82.8
Pharokka_PV_7BP_CDS_0065	Pharokka_PV_12_CDS_0073	88.636	44	76.6
Pharokka_PV_7BP_CDS_0066	Pharokka_PV_7BP_CDS_0066	100.000	71	135
Pharokka_PV_7BP_CDS_0066	Pharokka_phi6A_CDS_0067	100.000	71	135
Pharokka_PV_7BP_CDS_0067	Pharokka_PV_7BP_CDS_0067	100.000	35	74.3
Pharokka_PV_7BP_CDS_0067	Pharokka_phi6A_CDS_0068	100.000	35	74.3
Pharokka_PV_7BP_CDS_0068	Pharokka_phiMA004_CDS_0076	100.000	236	476
Pharokka_PV_7BP_CDS_0068	Pharokka_phiMA002_CDS_0075	100.000	236	476
Pharokka_PV_7BP_CDS_0068	Pharokka_phiMA001_CDS_0075	100.000	236	476
Pharokka_PV_7BP_CDS_0068	Pharokka_PV_12_CDS_0076	100.000	236	476
Pharokka_PV_7BP_CDS_0068	Pharokka_PV_7BP_CDS_0068	100.000	236	476
Pharokka_PV_7BP_CDS_0068	Pharokka_phi11_CDS_0069	100.000	236	476
Pharokka_PV_7BP_CDS_0068	Pharokka_phi7A_CDS_0072	100.000	236	476
Pharokka_PV_7BP_CDS_0068	Pharokka_phi6A_CDS_0069	100.000	236	476
Pharokka_PV_7BP_CDS_0069	Pharokka_PV_7BP_CDS_0069	100.000	210	433
Pharokka_PV_7BP_CDS_0069	Pharokka_phi6A_CDS_0070	99.524	210	430
Pharokka_PV_7BP_CDS_0069	Pharokka_phiMA004_CDS_0077	33.990	203	106
Pharokka_PV_7BP_CDS_0069	Pharokka_phiMA002_CDS_0076	33.990	203	106
Pharokka_PV_7BP_CDS_0069	Pharokka_phiMA001_CDS_0076	33.990	203	106
Pharokka_PV_7BP_CDS_0069	Pharokka_phi11_CDS_0070	33.990	203	106
Pharokka_PV_7BP_CDS_0069	Pharokka_PV_12_CDS_0077	33.990	203	106
Pharokka_PV_7BP_CDS_0069	Pharokka_phi7A_CDS_0073	33.498	203	103
Pharokka_PV_12_CDS_0001	Pharokka_phiMA004_CDS_0001	100.000	501	1054
Pharokka_PV_12_CDS_0001	Pharokka_phiMA002_CDS_0001	100.000	501	1054
Pharokka_PV_12_CDS_0001	Pharokka_phiMA001_CDS_0001	100.000	501	1054
Pharokka_PV_12_CDS_0001	Pharokka_PV_12_CDS_0001	100.000	501	1054
Pharokka_PV_12_CDS_0001	Pharokka_phi7A_CDS_0001	100.000	501	1054
Pharokka_PV_12_CDS_0001	Pharokka_phi11_CDS_0001	99.800	501	1052
Pharokka_PV_12_CDS_0001	Pharokka_PV_7BP_CDS_0001	99.791	479	1011
Pharokka_PV_12_CDS_0001	Pharokka_phi6A_CDS_0001	99.791	479	1011
Pharokka_PV_12_CDS_0002	Pharokka_PV_12_CDS_0002	100.000	219	454
Pharokka_PV_12_CDS_0002	Pharokka_phi11_CDS_0002	98.148	216	444
Pharokka_PV_12_CDS_0002	Pharokka_phi7A_CDS_0002	98.611	216	444
Pharokka_PV_12_CDS_0002	Pharokka_phiMA004_CDS_0002	97.727	220	443
Pharokka_PV_12_CDS_0002	Pharokka_phiMA002_CDS_0002	97.727	220	443
Pharokka_PV_12_CDS_0002	Pharokka_phiMA001_CDS_0002	97.727	220	443
Pharokka_PV_12_CDS_0002	Pharokka_phi6A_CDS_0002	95.909	220	437
Pharokka_PV_12_CDS_0002	Pharokka_PV_7BP_CDS_0002	95.455	220	435
Pharokka_PV_12_CDS_0003	Pharokka_PV_12_CDS_0003	100.000	596	1231
Pharokka_PV_12_CDS_0003	Pharokka_phi11_CDS_0003	99.832	596	1230
Pharokka_PV_12_CDS_0003	Pharokka_PV_7BP_CDS_0003	99.497	596	1229
Pharokka_PV_12_CDS_0003	Pharokka_phi6A_CDS_0003	99.497	596	1229
Pharokka_PV_12_CDS_0003	Pharokka_phi7A_CDS_0003	99.329	596	1225
Pharokka_PV_12_CDS_0003	Pharokka_phiMA004_CDS_0003	98.993	596	1221
Pharokka_PV_12_CDS_0003	Pharokka_phiMA002_CDS_0003	98.993	596	1221
Pharokka_PV_12_CDS_0003	Pharokka_phiMA001_CDS_0003	98.993	596	1221
Pharokka_PV_12_CDS_0004	Pharokka_PV_12_CDS_0004	100.000	139	286
Pharokka_PV_12_CDS_0004	Pharokka_phi7A_CDS_0004	98.561	139	283
Pharokka_PV_12_CDS_0004	Pharokka_phi11_CDS_0004	97.842	139	281
Pharokka_PV_12_CDS_0004	Pharokka_phiMA004_CDS_0004	96.403	139	278
Pharokka_PV_12_CDS_0004	Pharokka_phiMA002_CDS_0004	96.403	139	278
Pharokka_PV_12_CDS_0004	Pharokka_phiMA001_CDS_0004	96.403	139	278
Pharokka_PV_12_CDS_0004	Pharokka_PV_7BP_CDS_0004	95.683	139	276
Pharokka_PV_12_CDS_0004	Pharokka_phi6A_CDS_0004	95.683	139	276
Pharokka_PV_12_CDS_0005	Pharokka_PV_12_CDS_0005	100.000	317	630
Pharokka_PV_12_CDS_0005	Pharokka_phi11_CDS_0005	99.369	317	627
Pharokka_PV_12_CDS_0005	Pharokka_phi7A_CDS_0005	99.369	317	627
Pharokka_PV_12_CDS_0005	Pharokka_phiMA004_CDS_0005	99.054	317	625
Pharokka_PV_12_CDS_0005	Pharokka_phiMA002_CDS_0005	99.054	317	625
Pharokka_PV_12_CDS_0005	Pharokka_phiMA001_CDS_0005	99.054	317	625
Pharokka_PV_12_CDS_0005	Pharokka_PV_7BP_CDS_0005	98.107	317	622
Pharokka_PV_12_CDS_0005	Pharokka_phi6A_CDS_0005	98.107	317	622
Pharokka_PV_12_CDS_0006	Pharokka_PV_12_CDS_0006	100.000	371	766
Pharokka_PV_12_CDS_0006	Pharokka_phi7A_CDS_0006	99.461	371	762
Pharokka_PV_12_CDS_0006	Pharokka_phi11_CDS_0006	98.922	371	759
Pharokka_PV_12_CDS_0006	Pharokka_PV_7BP_CDS_0006	98.652	371	758
Pharokka_PV_12_CDS_0006	Pharokka_phi6A_CDS_0006	98.652	371	758
Pharokka_PV_12_CDS_0006	Pharokka_phiMA002_CDS_0006	98.652	371	754
Pharokka_PV_12_CDS_0006	Pharokka_phiMA001_CDS_0006	98.652	371	754
Pharokka_PV_12_CDS_0006	Pharokka_phiMA004_CDS_0006	98.383	371	752
Pharokka_PV_12_CDS_0007	Pharokka_PV_12_CDS_0007	100.000	490	994
Pharokka_PV_12_CDS_0007	Pharokka_phi11_CDS_0007	65.795	497	590
Pharokka_PV_12_CDS_0007	Pharokka_phi6A_CDS_0007	62.424	495	579
Pharokka_PV_12_CDS_0007	Pharokka_PV_7BP_CDS_0007	62.222	495	578
Pharokka_PV_12_CDS_0007	Pharokka_phi7A_CDS_0007	39.924	526	279
Pharokka_PV_12_CDS_0008	Pharokka_PV_12_CDS_0008	100.000	69	141
Pharokka_PV_12_CDS_0008	Pharokka_phi11_CDS_0008	95.652	69	138
Pharokka_PV_12_CDS_0008	Pharokka_PV_7BP_CDS_0008	94.203	69	137
Pharokka_PV_12_CDS_0008	Pharokka_phi6A_CDS_0008	94.203	69	137
Pharokka_PV_12_CDS_0008	Pharokka_phi7A_CDS_0008	92.754	69	134
Pharokka_PV_12_CDS_0008	Pharokka_phiMA004_CDS_0007	88.462	26	48.5
Pharokka_PV_12_CDS_0008	Pharokka_phiMA002_CDS_0007	88.462	26	48.5
Pharokka_PV_12_CDS_0008	Pharokka_phiMA001_CDS_0007	88.462	26	48.5
Pharokka_PV_12_CDS_0009	Pharokka_PV_12_CDS_0009	100.000	432	898
Pharokka_PV_12_CDS_0009	Pharokka_PV_7BP_CDS_0009	99.769	432	895
Pharokka_PV_12_CDS_0009	Pharokka_phi6A_CDS_0009	99.769	432	895
Pharokka_PV_12_CDS_0009	Pharokka_phi11_CDS_0009	99.537	432	894
Pharokka_PV_12_CDS_0009	Pharokka_phiMA004_CDS_0008	99.537	432	893
Pharokka_PV_12_CDS_0009	Pharokka_phiMA002_CDS_0008	99.537	432	893
Pharokka_PV_12_CDS_0009	Pharokka_phiMA001_CDS_0008	99.537	432	893
Pharokka_PV_12_CDS_0009	Pharokka_phi7A_CDS_0009	99.306	432	892
Pharokka_PV_12_CDS_0010	Pharokka_PV_12_CDS_0010	100.000	146	297
Pharokka_PV_12_CDS_0010	Pharokka_PV_7BP_CDS_0010	99.315	146	296
Pharokka_PV_12_CDS_0010	Pharokka_phi7A_CDS_0010	99.315	146	296
Pharokka_PV_12_CDS_0010	Pharokka_phi6A_CDS_0010	99.315	146	296
Pharokka_PV_12_CDS_0010	Pharokka_phiMA004_CDS_0009	98.630	146	295
Pharokka_PV_12_CDS_0010	Pharokka_phiMA002_CDS_0009	98.630	146	295
Pharokka_PV_12_CDS_0010	Pharokka_phiMA001_CDS_0009	98.630	146	295
Pharokka_PV_12_CDS_0010	Pharokka_phi11_CDS_0010	98.630	146	294
Pharokka_PV_12_CDS_0011	Pharokka_PV_12_CDS_0011	100.000	211	434
Pharokka_PV_12_CDS_0011	Pharokka_PV_7BP_CDS_0011	99.526	211	434
Pharokka_PV_12_CDS_0011	Pharokka_phi6A_CDS_0011	99.526	211	434
Pharokka_PV_12_CDS_0011	Pharokka_phiMA004_CDS_0010	99.052	211	433
Pharokka_PV_12_CDS_0011	Pharokka_phiMA002_CDS_0010	99.052	211	433
Pharokka_PV_12_CDS_0011	Pharokka_phiMA001_CDS_0010	99.052	211	433
Pharokka_PV_12_CDS_0011	Pharokka_phi11_CDS_0011	99.052	211	433
Pharokka_PV_12_CDS_0011	Pharokka_phi7A_CDS_0011	99.052	211	433
Pharokka_PV_12_CDS_0012	Pharokka_PV_12_CDS_0012	100.000	87	171
Pharokka_PV_12_CDS_0012	Pharokka_phi11_CDS_0012	100.000	87	171
Pharokka_PV_12_CDS_0012	Pharokka_phi7A_CDS_0012	100.000	87	171
Pharokka_PV_12_CDS_0012	Pharokka_phiMA004_CDS_0011	98.851	87	169
Pharokka_PV_12_CDS_0012	Pharokka_phiMA002_CDS_0011	98.851	87	169
Pharokka_PV_12_CDS_0012	Pharokka_phiMA001_CDS_0011	98.851	87	169
Pharokka_PV_12_CDS_0012	Pharokka_PV_7BP_CDS_0012	97.701	87	169
Pharokka_PV_12_CDS_0012	Pharokka_phi6A_CDS_0012	97.701	87	169
Pharokka_PV_12_CDS_0013	Pharokka_PV_12_CDS_0013	100.000	253	513
Pharokka_PV_12_CDS_0013	Pharokka_phi11_CDS_0013	100.000	253	513
Pharokka_PV_12_CDS_0013	Pharokka_phi7A_CDS_0013	100.000	253	513
Pharokka_PV_12_CDS_0013	Pharokka_phiMA004_CDS_0012	99.209	253	509
Pharokka_PV_12_CDS_0013	Pharokka_phiMA002_CDS_0012	99.209	253	509
Pharokka_PV_12_CDS_0013	Pharokka_phiMA001_CDS_0012	99.209	253	509
Pharokka_PV_12_CDS_0013	Pharokka_PV_7BP_CDS_0013	98.814	253	509
Pharokka_PV_12_CDS_0013	Pharokka_phi6A_CDS_0013	98.814	253	509
Pharokka_PV_12_CDS_0014	Pharokka_PV_12_CDS_0014	100.000	1181	2363
Pharokka_PV_12_CDS_0014	Pharokka_phi7A_CDS_0014	99.915	1181	2363
Pharokka_PV_12_CDS_0014	Pharokka_phiMA004_CDS_0013	99.915	1181	2362
Pharokka_PV_12_CDS_0014	Pharokka_phiMA002_CDS_0013	99.915	1181	2362
Pharokka_PV_12_CDS_0014	Pharokka_phiMA001_CDS_0013	99.915	1181	2362
Pharokka_PV_12_CDS_0014	Pharokka_phi11_CDS_0014	99.577	1181	2358
Pharokka_PV_12_CDS_0014	Pharokka_PV_7BP_CDS_0014	99.323	1181	2352
Pharokka_PV_12_CDS_0014	Pharokka_phi6A_CDS_0014	99.323	1181	2352
Pharokka_PV_12_CDS_0015	Pharokka_PV_12_CDS_0015	100.000	726	1505
Pharokka_PV_12_CDS_0015	Pharokka_phiMA004_CDS_0014	99.862	726	1504
Pharokka_PV_12_CDS_0015	Pharokka_phiMA002_CDS_0014	99.862	726	1504
Pharokka_PV_12_CDS_0015	Pharokka_phiMA001_CDS_0014	99.862	726	1504
Pharokka_PV_12_CDS_0015	Pharokka_phi11_CDS_0015	99.862	726	1504
Pharokka_PV_12_CDS_0015	Pharokka_phi7A_CDS_0015	99.862	726	1504
Pharokka_PV_12_CDS_0015	Pharokka_PV_7BP_CDS_0015	97.796	726	1473
Pharokka_PV_12_CDS_0015	Pharokka_phi6A_CDS_0015	97.796	726	1473
Pharokka_PV_12_CDS_0016	Pharokka_PV_12_CDS_0016	100.000	1720	3520
Pharokka_PV_12_CDS_0016	Pharokka_phiMA004_CDS_0015	97.209	1720	3430
Pharokka_PV_12_CDS_0016	Pharokka_phiMA002_CDS_0015	97.209	1720	3430
Pharokka_PV_12_CDS_0016	Pharokka_phiMA001_CDS_0015	97.209	1720	3430
Pharokka_PV_12_CDS_0016	Pharokka_phi11_CDS_0016	96.594	969	1921
Pharokka_PV_12_CDS_0016	Pharokka_phi11_CDS_0016	71.049	639	839
Pharokka_PV_12_CDS_0016	Pharokka_phi7A_CDS_0016	96.491	969	1919
Pharokka_PV_12_CDS_0016	Pharokka_phi7A_CDS_0016	71.518	639	845
Pharokka_PV_12_CDS_0016	Pharokka_PV_7BP_CDS_0016	95.769	969	1822
Pharokka_PV_12_CDS_0016	Pharokka_PV_7BP_CDS_0016	95.477	597	1129
Pharokka_PV_12_CDS_0016	Pharokka_phi6A_CDS_0016	95.769	969	1822
Pharokka_PV_12_CDS_0016	Pharokka_phi6A_CDS_0016	95.477	597	1129
Pharokka_PV_12_CDS_0017	Pharokka_PV_12_CDS_0017	100.000	104	207
Pharokka_PV_12_CDS_0017	Pharokka_phi7A_CDS_0017	100.000	104	207
Pharokka_PV_12_CDS_0017	Pharokka_phi11_CDS_0017	98.077	104	204
Pharokka_PV_12_CDS_0017	Pharokka_phiMA004_CDS_0016	95.146	103	196
Pharokka_PV_12_CDS_0017	Pharokka_phiMA002_CDS_0016	95.146	103	196
Pharokka_PV_12_CDS_0017	Pharokka_phiMA001_CDS_0016	95.146	103	196
Pharokka_PV_12_CDS_0017	Pharokka_PV_7BP_CDS_0017	95.146	103	193
Pharokka_PV_12_CDS_0017	Pharokka_phi6A_CDS_0017	95.146	103	193
Pharokka_PV_12_CDS_0018	Pharokka_PV_12_CDS_0018	100.000	100	200
Pharokka_PV_12_CDS_0018	Pharokka_phiMA004_CDS_0017	98.000	100	197
Pharokka_PV_12_CDS_0018	Pharokka_phiMA002_CDS_0017	98.000	100	197
Pharokka_PV_12_CDS_0018	Pharokka_phiMA001_CDS_0017	98.000	100	197
Pharokka_PV_12_CDS_0018	Pharokka_PV_7BP_CDS_0018	98.000	100	197
Pharokka_PV_12_CDS_0018	Pharokka_phi6A_CDS_0018	98.000	100	197
Pharokka_PV_12_CDS_0018	Pharokka_phi11_CDS_0018	98.000	100	197
Pharokka_PV_12_CDS_0018	Pharokka_phi7A_CDS_0018	97.000	100	195
Pharokka_PV_12_CDS_0019	Pharokka_PV_12_CDS_0019	100.000	41	80.9
Pharokka_PV_12_CDS_0019	Pharokka_phiMA004_CDS_0018	97.561	41	77.0
Pharokka_PV_12_CDS_0019	Pharokka_phiMA002_CDS_0018	97.561	41	77.0
Pharokka_PV_12_CDS_0019	Pharokka_phiMA001_CDS_0018	97.561	41	77.0
Pharokka_PV_12_CDS_0019	Pharokka_phi11_CDS_0019	97.561	41	77.0
Pharokka_PV_12_CDS_0019	Pharokka_phi7A_CDS_0019	97.561	41	77.0
Pharokka_PV_12_CDS_0020	Pharokka_PV_12_CDS_0020	100.000	139	283
Pharokka_PV_12_CDS_0020	Pharokka_phi7A_CDS_0020	100.000	136	279
Pharokka_PV_12_CDS_0020	Pharokka_phiMA004_CDS_0019	98.529	136	270
Pharokka_PV_12_CDS_0020	Pharokka_phiMA002_CDS_0019	98.529	136	270
Pharokka_PV_12_CDS_0020	Pharokka_phiMA001_CDS_0019	98.529	136	270
Pharokka_PV_12_CDS_0021	Pharokka_phiMA004_CDS_0020	100.000	96	194
Pharokka_PV_12_CDS_0021	Pharokka_phiMA002_CDS_0020	100.000	96	194
Pharokka_PV_12_CDS_0021	Pharokka_phiMA001_CDS_0020	100.000	96	194
Pharokka_PV_12_CDS_0021	Pharokka_PV_12_CDS_0021	100.000	96	194
Pharokka_PV_12_CDS_0021	Pharokka_phi7A_CDS_0021	97.917	96	191
Pharokka_PV_12_CDS_0022	Pharokka_PV_12_CDS_0022	100.000	149	308
Pharokka_PV_12_CDS_0022	Pharokka_phi7A_CDS_0022	100.000	149	308
Pharokka_PV_12_CDS_0022	Pharokka_phiMA004_CDS_0021	99.329	149	306
Pharokka_PV_12_CDS_0022	Pharokka_phiMA002_CDS_0021	99.329	149	306
Pharokka_PV_12_CDS_0022	Pharokka_phiMA001_CDS_0021	99.329	149	306
Pharokka_PV_12_CDS_0023	Pharokka_phiMA004_CDS_0022	100.000	46	96.3
Pharokka_PV_12_CDS_0023	Pharokka_phiMA002_CDS_0022	100.000	46	96.3
Pharokka_PV_12_CDS_0023	Pharokka_phiMA001_CDS_0022	100.000	46	96.3
Pharokka_PV_12_CDS_0023	Pharokka_PV_12_CDS_0023	100.000	46	94.0
Pharokka_PV_12_CDS_0023	Pharokka_phi7A_CDS_0023	97.826	46	95.1
Pharokka_PV_12_CDS_0024	Pharokka_PV_12_CDS_0024	100.000	54	111
Pharokka_PV_12_CDS_0024	Pharokka_phi7A_CDS_0023	94.444	54	108
Pharokka_PV_12_CDS_0024	Pharokka_phiMA004_CDS_0022	94.444	54	108
Pharokka_PV_12_CDS_0024	Pharokka_phiMA002_CDS_0022	94.444	54	108
Pharokka_PV_12_CDS_0024	Pharokka_phiMA001_CDS_0022	94.444	54	108
Pharokka_PV_12_CDS_0025	Pharokka_PV_12_CDS_0025	100.000	84	166
Pharokka_PV_12_CDS_0025	Pharokka_phiMA004_CDS_0023	98.810	84	165
Pharokka_PV_12_CDS_0025	Pharokka_phiMA002_CDS_0023	98.810	84	165
Pharokka_PV_12_CDS_0025	Pharokka_phiMA001_CDS_0023	98.810	84	165
Pharokka_PV_12_CDS_0025	Pharokka_phi7A_CDS_0024	98.810	84	165
Pharokka_PV_12_CDS_0026	Pharokka_PV_12_CDS_0026	100.000	89	183
Pharokka_PV_12_CDS_0026	Pharokka_phi7A_CDS_0025	100.000	89	183
Pharokka_PV_12_CDS_0026	Pharokka_phiMA004_CDS_0024	98.876	89	180
Pharokka_PV_12_CDS_0026	Pharokka_phiMA002_CDS_0024	98.876	89	180
Pharokka_PV_12_CDS_0026	Pharokka_phiMA001_CDS_0024	98.876	89	180
Pharokka_PV_12_CDS_0026	Pharokka_phi11_CDS_0020	98.462	65	135
Pharokka_PV_12_CDS_0027	Pharokka_phiMA004_CDS_0025	100.000	173	363
Pharokka_PV_12_CDS_0027	Pharokka_phiMA002_CDS_0025	100.000	173	363
Pharokka_PV_12_CDS_0027	Pharokka_phiMA001_CDS_0025	100.000	173	363
Pharokka_PV_12_CDS_0027	Pharokka_PV_12_CDS_0027	100.000	173	363
Pharokka_PV_12_CDS_0027	Pharokka_phi11_CDS_0021	98.844	173	359
Pharokka_PV_12_CDS_0027	Pharokka_phi7A_CDS_0026	98.844	173	358
Pharokka_PV_12_CDS_0027	Pharokka_PV_7BP_CDS_0019	98.462	65	139
Pharokka_PV_12_CDS_0027	Pharokka_phi6A_CDS_0019	98.462	65	139
Pharokka_PV_12_CDS_0028	Pharokka_phiMA004_CDS_0026	100.000	154	315
Pharokka_PV_12_CDS_0028	Pharokka_phiMA002_CDS_0026	100.000	154	315
Pharokka_PV_12_CDS_0028	Pharokka_phiMA001_CDS_0026	100.000	154	315
Pharokka_PV_12_CDS_0028	Pharokka_PV_12_CDS_0028	100.000	154	315
Pharokka_PV_12_CDS_0028	Pharokka_PV_7BP_CDS_0020	100.000	154	315
Pharokka_PV_12_CDS_0028	Pharokka_phi11_CDS_0022	100.000	154	315
Pharokka_PV_12_CDS_0028	Pharokka_phi7A_CDS_0027	100.000	154	315
Pharokka_PV_12_CDS_0028	Pharokka_phi6A_CDS_0020	100.000	154	315
Pharokka_PV_12_CDS_0029	Pharokka_PV_12_CDS_0029	100.000	172	348
Pharokka_PV_12_CDS_0029	Pharokka_phiMA004_CDS_0027	97.093	172	337
Pharokka_PV_12_CDS_0029	Pharokka_phiMA002_CDS_0027	97.093	172	337
Pharokka_PV_12_CDS_0029	Pharokka_phiMA001_CDS_0027	97.093	172	337
Pharokka_PV_12_CDS_0029	Pharokka_phi7A_CDS_0028	97.093	172	337
Pharokka_PV_12_CDS_0029	Pharokka_PV_7BP_CDS_0021	95.349	172	331
Pharokka_PV_12_CDS_0029	Pharokka_phi6A_CDS_0021	95.349	172	331
Pharokka_PV_12_CDS_0029	Pharokka_phi11_CDS_0023	98.611	144	288
Pharokka_PV_12_CDS_0030	Pharokka_phiMA004_CDS_0028	100.000	142	293
Pharokka_PV_12_CDS_0030	Pharokka_phiMA002_CDS_0028	100.000	142	293
Pharokka_PV_12_CDS_0030	Pharokka_phiMA001_CDS_0028	100.000	142	293
Pharokka_PV_12_CDS_0030	Pharokka_PV_12_CDS_0030	100.000	142	293
Pharokka_PV_12_CDS_0030	Pharokka_PV_7BP_CDS_0022	100.000	142	293
Pharokka_PV_12_CDS_0030	Pharokka_phi11_CDS_0024	100.000	142	293
Pharokka_PV_12_CDS_0030	Pharokka_phi6A_CDS_0022	100.000	142	293
Pharokka_PV_12_CDS_0030	Pharokka_phi7A_CDS_0029	99.296	142	291
Pharokka_PV_12_CDS_0031	Pharokka_phiMA004_CDS_0029	100.000	202	399
Pharokka_PV_12_CDS_0031	Pharokka_phiMA002_CDS_0029	100.000	202	399
Pharokka_PV_12_CDS_0031	Pharokka_phiMA001_CDS_0029	100.000	202	399
Pharokka_PV_12_CDS_0031	Pharokka_PV_12_CDS_0031	100.000	202	399
Pharokka_PV_12_CDS_0031	Pharokka_PV_7BP_CDS_0023	100.000	202	399
Pharokka_PV_12_CDS_0031	Pharokka_phi6A_CDS_0023	100.000	202	399
Pharokka_PV_12_CDS_0031	Pharokka_phi11_CDS_0025	99.010	202	394
Pharokka_PV_12_CDS_0031	Pharokka_phi7A_CDS_0030	99.010	202	394
Pharokka_PV_12_CDS_0032	Pharokka_phiMA004_CDS_0030	100.000	35	65.5
Pharokka_PV_12_CDS_0032	Pharokka_phiMA002_CDS_0030	100.000	35	65.5
Pharokka_PV_12_CDS_0032	Pharokka_phiMA001_CDS_0030	100.000	35	65.5
Pharokka_PV_12_CDS_0032	Pharokka_PV_12_CDS_0032	100.000	35	65.5
Pharokka_PV_12_CDS_0032	Pharokka_PV_7BP_CDS_0024	100.000	35	65.5
Pharokka_PV_12_CDS_0032	Pharokka_phi6A_CDS_0024	100.000	35	65.5
Pharokka_PV_12_CDS_0032	Pharokka_phi7A_CDS_0031	97.143	35	64.7
Pharokka_PV_12_CDS_0033	Pharokka_phiMA004_CDS_0031	100.000	33	65.1
Pharokka_PV_12_CDS_0033	Pharokka_phiMA002_CDS_0031	100.000	33	65.1
Pharokka_PV_12_CDS_0033	Pharokka_phiMA001_CDS_0031	100.000	33	65.1
Pharokka_PV_12_CDS_0033	Pharokka_PV_12_CDS_0033	100.000	33	65.1
Pharokka_PV_12_CDS_0033	Pharokka_PV_7BP_CDS_0025	100.000	33	65.1
Pharokka_PV_12_CDS_0033	Pharokka_phi11_CDS_0027	100.000	33	65.1
Pharokka_PV_12_CDS_0033	Pharokka_phi7A_CDS_0032	100.000	33	65.1
Pharokka_PV_12_CDS_0033	Pharokka_phi6A_CDS_0025	100.000	33	65.1
Pharokka_PV_12_CDS_0034	Pharokka_PV_12_CDS_0034	100.000	148	298
Pharokka_PV_12_CDS_0034	Pharokka_phi7A_CDS_0033	99.324	148	296
Pharokka_PV_12_CDS_0034	Pharokka_phiMA004_CDS_0032	100.000	135	273
Pharokka_PV_12_CDS_0034	Pharokka_phiMA002_CDS_0032	100.000	135	273
Pharokka_PV_12_CDS_0034	Pharokka_phiMA001_CDS_0032	100.000	135	273
Pharokka_PV_12_CDS_0034	Pharokka_PV_7BP_CDS_0026	100.000	135	273
Pharokka_PV_12_CDS_0034	Pharokka_phi11_CDS_0028	100.000	135	273
Pharokka_PV_12_CDS_0034	Pharokka_phi6A_CDS_0026	100.000	135	273
Pharokka_PV_12_CDS_0035	Pharokka_PV_12_CDS_0035	100.000	162	316
Pharokka_PV_12_CDS_0035	Pharokka_PV_7BP_CDS_0027	94.706	170	306
Pharokka_PV_12_CDS_0035	Pharokka_phi6A_CDS_0027	94.706	170	306
Pharokka_PV_12_CDS_0035	Pharokka_phi11_CDS_0029	94.444	162	295
Pharokka_PV_12_CDS_0035	Pharokka_phi7A_CDS_0034	85.185	162	263
Pharokka_PV_12_CDS_0035	Pharokka_phiMA004_CDS_0033	69.753	162	212
Pharokka_PV_12_CDS_0035	Pharokka_phiMA002_CDS_0033	69.753	162	212
Pharokka_PV_12_CDS_0035	Pharokka_phiMA001_CDS_0033	69.753	162	212
Pharokka_PV_12_CDS_0036	Pharokka_PV_12_CDS_0036	100.000	46	97.1
Pharokka_PV_12_CDS_0036	Pharokka_phi7A_CDS_0035	100.000	46	97.1
Pharokka_PV_12_CDS_0036	Pharokka_phiMA004_CDS_0034	97.826	46	95.5
Pharokka_PV_12_CDS_0036	Pharokka_phiMA002_CDS_0034	97.826	46	95.5
Pharokka_PV_12_CDS_0036	Pharokka_phiMA001_CDS_0034	97.826	46	95.5
Pharokka_PV_12_CDS_0036	Pharokka_phi11_CDS_0030	97.826	46	95.5
Pharokka_PV_12_CDS_0036	Pharokka_PV_7BP_CDS_0028	95.652	46	93.2
Pharokka_PV_12_CDS_0036	Pharokka_phi6A_CDS_0028	95.652	46	93.2
Pharokka_PV_12_CDS_0037	Pharokka_PV_12_CDS_0037	100.000	401	829
Pharokka_PV_12_CDS_0037	Pharokka_phi7A_CDS_0036	99.751	401	827
Pharokka_PV_12_CDS_0037	Pharokka_PV_7BP_CDS_0029	99.252	401	822
Pharokka_PV_12_CDS_0037	Pharokka_phi11_CDS_0031	99.252	401	822
Pharokka_PV_12_CDS_0037	Pharokka_phi6A_CDS_0029	99.252	401	822
Pharokka_PV_12_CDS_0037	Pharokka_phiMA004_CDS_0035	98.005	401	813
Pharokka_PV_12_CDS_0037	Pharokka_phiMA002_CDS_0035	98.005	401	813
Pharokka_PV_12_CDS_0037	Pharokka_phiMA001_CDS_0035	98.005	401	813
Pharokka_PV_12_CDS_0038	Pharokka_PV_12_CDS_0038	100.000	64	131
Pharokka_PV_12_CDS_0038	Pharokka_phiMA004_CDS_0036	89.552	67	119
Pharokka_PV_12_CDS_0038	Pharokka_phiMA002_CDS_0036	89.552	67	119
Pharokka_PV_12_CDS_0038	Pharokka_phiMA001_CDS_0036	89.552	67	119
Pharokka_PV_12_CDS_0038	Pharokka_PV_7BP_CDS_0030	78.125	64	94.4
Pharokka_PV_12_CDS_0038	Pharokka_phi7A_CDS_0037	78.125	64	94.4
Pharokka_PV_12_CDS_0038	Pharokka_phi6A_CDS_0030	78.125	64	94.4
Pharokka_PV_12_CDS_0038	Pharokka_phi11_CDS_0032	76.562	64	92.8
Pharokka_PV_12_CDS_0039	Pharokka_PV_12_CDS_0039	100.000	181	369
Pharokka_PV_12_CDS_0039	Pharokka_PV_7BP_CDS_0031	100.000	181	369
Pharokka_PV_12_CDS_0039	Pharokka_phi7A_CDS_0038	100.000	181	369
Pharokka_PV_12_CDS_0039	Pharokka_phi6A_CDS_0031	100.000	181	369
Pharokka_PV_12_CDS_0039	Pharokka_phiMA004_CDS_0037	99.448	181	367
Pharokka_PV_12_CDS_0039	Pharokka_phiMA002_CDS_0037	99.448	181	367
Pharokka_PV_12_CDS_0039	Pharokka_phiMA001_CDS_0037	99.448	181	367
Pharokka_PV_12_CDS_0039	Pharokka_phi11_CDS_0033	99.448	181	367
Pharokka_PV_12_CDS_0040	Pharokka_PV_12_CDS_0040	100.000	657	1365
Pharokka_PV_12_CDS_0040	Pharokka_phi11_CDS_0034	99.848	657	1363
Pharokka_PV_12_CDS_0040	Pharokka_phiMA004_CDS_0038	99.848	657	1363
Pharokka_PV_12_CDS_0040	Pharokka_phiMA002_CDS_0038	99.848	657	1363
Pharokka_PV_12_CDS_0040	Pharokka_phiMA001_CDS_0038	99.848	657	1363
Pharokka_PV_12_CDS_0040	Pharokka_phi7A_CDS_0039	99.848	657	1362
Pharokka_PV_12_CDS_0040	Pharokka_PV_7BP_CDS_0032	99.239	657	1357
Pharokka_PV_12_CDS_0040	Pharokka_phi6A_CDS_0032	99.239	657	1357
Pharokka_PV_12_CDS_0041	Pharokka_PV_12_CDS_0041	100.000	799	1662
Pharokka_PV_12_CDS_0041	Pharokka_phi11_CDS_0035	99.875	799	1660
Pharokka_PV_12_CDS_0041	Pharokka_phi7A_CDS_0040	99.875	799	1657
Pharokka_PV_12_CDS_0041	Pharokka_phiMA004_CDS_0039	99.875	799	1656
Pharokka_PV_12_CDS_0041	Pharokka_phiMA002_CDS_0039	99.875	799	1656
Pharokka_PV_12_CDS_0041	Pharokka_phiMA001_CDS_0039	99.875	799	1656
Pharokka_PV_12_CDS_0041	Pharokka_PV_7BP_CDS_0033	99.374	799	1654
Pharokka_PV_12_CDS_0041	Pharokka_phi6A_CDS_0033	99.374	799	1654
Pharokka_PV_12_CDS_0042	Pharokka_PV_12_CDS_0042	100.000	71	144
Pharokka_PV_12_CDS_0042	Pharokka_PV_7BP_CDS_0034	100.000	71	144
Pharokka_PV_12_CDS_0042	Pharokka_phi11_CDS_0036	100.000	71	144
Pharokka_PV_12_CDS_0042	Pharokka_phi7A_CDS_0041	100.000	71	144
Pharokka_PV_12_CDS_0042	Pharokka_phi6A_CDS_0034	100.000	71	144
Pharokka_PV_12_CDS_0042	Pharokka_phiMA004_CDS_0040	98.592	71	143
Pharokka_PV_12_CDS_0042	Pharokka_phiMA002_CDS_0040	98.592	71	143
Pharokka_PV_12_CDS_0042	Pharokka_phiMA001_CDS_0040	98.592	71	143
Pharokka_PV_12_CDS_0043	Pharokka_phiMA004_CDS_0041	100.000	101	204
Pharokka_PV_12_CDS_0043	Pharokka_phiMA002_CDS_0041	100.000	101	204
Pharokka_PV_12_CDS_0043	Pharokka_phiMA001_CDS_0041	100.000	101	204
Pharokka_PV_12_CDS_0043	Pharokka_PV_12_CDS_0043	100.000	101	204
Pharokka_PV_12_CDS_0043	Pharokka_PV_7BP_CDS_0035	100.000	101	204
Pharokka_PV_12_CDS_0043	Pharokka_phi11_CDS_0037	100.000	101	204
Pharokka_PV_12_CDS_0043	Pharokka_phi7A_CDS_0042	100.000	101	204
Pharokka_PV_12_CDS_0043	Pharokka_phi6A_CDS_0035	100.000	101	204
Pharokka_PV_12_CDS_0044	Pharokka_PV_12_CDS_0044	100.000	479	994
Pharokka_PV_12_CDS_0044	Pharokka_phiMA004_CDS_0042	99.374	479	991
Pharokka_PV_12_CDS_0044	Pharokka_phiMA002_CDS_0042	99.374	479	991
Pharokka_PV_12_CDS_0044	Pharokka_phiMA001_CDS_0042	99.374	479	991
Pharokka_PV_12_CDS_0044	Pharokka_phi7A_CDS_0043	99.374	479	988
Pharokka_PV_12_CDS_0044	Pharokka_phi11_CDS_0038	99.165	479	986
Pharokka_PV_12_CDS_0044	Pharokka_PV_7BP_CDS_0036	99.165	479	985
Pharokka_PV_12_CDS_0044	Pharokka_phi6A_CDS_0036	99.165	479	985
Pharokka_PV_12_CDS_0045	Pharokka_PV_12_CDS_0045	100.000	168	341
Pharokka_PV_12_CDS_0045	Pharokka_phiMA004_CDS_0043	98.214	168	338
Pharokka_PV_12_CDS_0045	Pharokka_phiMA002_CDS_0043	98.214	168	338
Pharokka_PV_12_CDS_0045	Pharokka_phiMA001_CDS_0043	98.214	168	338
Pharokka_PV_12_CDS_0045	Pharokka_PV_7BP_CDS_0037	98.810	168	337
Pharokka_PV_12_CDS_0045	Pharokka_phi6A_CDS_0037	98.810	168	337
Pharokka_PV_12_CDS_0045	Pharokka_phi11_CDS_0039	98.214	168	335
Pharokka_PV_12_CDS_0045	Pharokka_phi7A_CDS_0044	98.214	168	335
Pharokka_PV_12_CDS_0045	Pharokka_PV_12_CDS_0046	39.062	64	42.4
Pharokka_PV_12_CDS_0045	Pharokka_phi7A_CDS_0045	39.683	63	42.0
Pharokka_PV_12_CDS_0045	Pharokka_phiMA004_CDS_0044	39.683	63	41.6
Pharokka_PV_12_CDS_0045	Pharokka_phiMA002_CDS_0044	39.683	63	41.6
Pharokka_PV_12_CDS_0045	Pharokka_phiMA001_CDS_0044	39.683	63	41.6
Pharokka_PV_12_CDS_0045	Pharokka_PV_7BP_CDS_0038	39.683	63	41.6
Pharokka_PV_12_CDS_0045	Pharokka_phi11_CDS_0040	39.683	63	41.6
Pharokka_PV_12_CDS_0045	Pharokka_phi6A_CDS_0038	39.683	63	41.6
Pharokka_PV_12_CDS_0046	Pharokka_PV_12_CDS_0046	100.000	73	149
Pharokka_PV_12_CDS_0046	Pharokka_PV_7BP_CDS_0038	98.630	73	146
Pharokka_PV_12_CDS_0046	Pharokka_phi11_CDS_0040	98.630	73	146
Pharokka_PV_12_CDS_0046	Pharokka_phi6A_CDS_0038	98.630	73	146
Pharokka_PV_12_CDS_0046	Pharokka_phi7A_CDS_0045	97.260	73	145
Pharokka_PV_12_CDS_0046	Pharokka_phiMA004_CDS_0044	98.630	73	145
Pharokka_PV_12_CDS_0046	Pharokka_phiMA002_CDS_0044	98.630	73	145
Pharokka_PV_12_CDS_0046	Pharokka_phiMA001_CDS_0044	98.630	73	145
Pharokka_PV_12_CDS_0046	Pharokka_PV_12_CDS_0045	39.062	64	42.4
Pharokka_PV_12_CDS_0046	Pharokka_phiMA004_CDS_0043	39.062	64	42.0
Pharokka_PV_12_CDS_0046	Pharokka_phiMA002_CDS_0043	39.062	64	42.0
Pharokka_PV_12_CDS_0046	Pharokka_phiMA001_CDS_0043	39.062	64	42.0
Pharokka_PV_12_CDS_0046	Pharokka_phi11_CDS_0039	38.095	63	41.6
Pharokka_PV_12_CDS_0046	Pharokka_phi7A_CDS_0044	38.095	63	41.6
Pharokka_PV_12_CDS_0046	Pharokka_PV_7BP_CDS_0037	39.062	64	41.6
Pharokka_PV_12_CDS_0046	Pharokka_phi6A_CDS_0037	39.062	64	41.6
Pharokka_PV_12_CDS_0047	Pharokka_PV_12_CDS_0047	100.000	595	1238
Pharokka_PV_12_CDS_0047	Pharokka_phi11_CDS_0041	99.664	595	1234
Pharokka_PV_12_CDS_0047	Pharokka_phi7A_CDS_0046	98.992	595	1226
Pharokka_PV_12_CDS_0047	Pharokka_phi6A_CDS_0039	97.479	595	1212
Pharokka_PV_12_CDS_0047	Pharokka_PV_7BP_CDS_0039	97.311	595	1209
Pharokka_PV_12_CDS_0047	Pharokka_phiMA004_CDS_0045	96.807	595	1207
Pharokka_PV_12_CDS_0047	Pharokka_phiMA002_CDS_0045	96.807	595	1207
Pharokka_PV_12_CDS_0047	Pharokka_phiMA001_CDS_0045	96.807	595	1207
Pharokka_PV_12_CDS_0048	Pharokka_PV_12_CDS_0048	100.000	223	457
Pharokka_PV_12_CDS_0048	Pharokka_phiMA004_CDS_0046	99.552	223	455
Pharokka_PV_12_CDS_0048	Pharokka_phiMA002_CDS_0046	99.552	223	455
Pharokka_PV_12_CDS_0048	Pharokka_phiMA001_CDS_0046	99.552	223	455
Pharokka_PV_12_CDS_0048	Pharokka_phi11_CDS_0042	99.552	223	455
Pharokka_PV_12_CDS_0048	Pharokka_phi7A_CDS_0047	99.552	223	455
Pharokka_PV_12_CDS_0048	Pharokka_PV_7BP_CDS_0040	99.103	223	452
Pharokka_PV_12_CDS_0048	Pharokka_phi6A_CDS_0040	99.103	223	452
Pharokka_PV_12_CDS_0049	Pharokka_phiMA004_CDS_0047	100.000	253	529
Pharokka_PV_12_CDS_0049	Pharokka_phiMA002_CDS_0047	100.000	253	529
Pharokka_PV_12_CDS_0049	Pharokka_phiMA001_CDS_0047	100.000	253	529
Pharokka_PV_12_CDS_0049	Pharokka_PV_12_CDS_0049	100.000	253	529
Pharokka_PV_12_CDS_0049	Pharokka_PV_7BP_CDS_0041	100.000	253	529
Pharokka_PV_12_CDS_0049	Pharokka_phi6A_CDS_0041	100.000	253	529
Pharokka_PV_12_CDS_0049	Pharokka_phi7A_CDS_0048	99.605	253	528
Pharokka_PV_12_CDS_0049	Pharokka_phi11_CDS_0043	99.605	253	527
Pharokka_PV_12_CDS_0049	Pharokka_phi11_CDS_0047	32.215	149	60.8
Pharokka_PV_12_CDS_0049	Pharokka_phi7A_CDS_0052	32.215	149	60.8
Pharokka_PV_12_CDS_0049	Pharokka_PV_12_CDS_0053	32.215	149	60.8
Pharokka_PV_12_CDS_0049	Pharokka_phiMA004_CDS_0051	32.215	149	59.3
Pharokka_PV_12_CDS_0049	Pharokka_phiMA002_CDS_0051	32.215	149	59.3
Pharokka_PV_12_CDS_0049	Pharokka_phiMA001_CDS_0051	32.215	149	59.3
Pharokka_PV_12_CDS_0049	Pharokka_PV_7BP_CDS_0047	31.852	135	57.8
Pharokka_PV_12_CDS_0049	Pharokka_phi6A_CDS_0047	31.852	135	57.8
Pharokka_PV_12_CDS_0050	Pharokka_PV_12_CDS_0050	100.000	87	171
Pharokka_PV_12_CDS_0050	Pharokka_PV_7BP_CDS_0042	98.851	87	169
Pharokka_PV_12_CDS_0050	Pharokka_phi11_CDS_0044	98.851	87	169
Pharokka_PV_12_CDS_0050	Pharokka_phi7A_CDS_0049	98.851	87	169
Pharokka_PV_12_CDS_0050	Pharokka_phi6A_CDS_0042	98.851	87	169
Pharokka_PV_12_CDS_0050	Pharokka_phiMA004_CDS_0048	97.701	87	167
Pharokka_PV_12_CDS_0050	Pharokka_phiMA002_CDS_0048	97.701	87	167
Pharokka_PV_12_CDS_0050	Pharokka_phiMA001_CDS_0048	97.701	87	167
Pharokka_PV_12_CDS_0051	Pharokka_phiMA004_CDS_0049	100.000	181	367
Pharokka_PV_12_CDS_0051	Pharokka_phiMA002_CDS_0049	100.000	181	367
Pharokka_PV_12_CDS_0051	Pharokka_phiMA001_CDS_0049	100.000	181	367
Pharokka_PV_12_CDS_0051	Pharokka_PV_12_CDS_0051	100.000	181	367
Pharokka_PV_12_CDS_0051	Pharokka_PV_7BP_CDS_0043	100.000	181	367
Pharokka_PV_12_CDS_0051	Pharokka_phi11_CDS_0045	100.000	181	367
Pharokka_PV_12_CDS_0051	Pharokka_phi6A_CDS_0043	100.000	181	367
Pharokka_PV_12_CDS_0051	Pharokka_phi7A_CDS_0050	98.895	181	365
Pharokka_PV_12_CDS_0052	Pharokka_PV_12_CDS_0052	100.000	167	348
Pharokka_PV_12_CDS_0052	Pharokka_PV_7BP_CDS_0044	100.000	167	348
Pharokka_PV_12_CDS_0052	Pharokka_phi6A_CDS_0044	100.000	167	348
Pharokka_PV_12_CDS_0052	Pharokka_phi11_CDS_0046	99.401	167	346
Pharokka_PV_12_CDS_0052	Pharokka_phi7A_CDS_0051	95.808	167	335
Pharokka_PV_12_CDS_0052	Pharokka_phiMA004_CDS_0050	91.617	167	320
Pharokka_PV_12_CDS_0052	Pharokka_phiMA002_CDS_0050	91.617	167	320
Pharokka_PV_12_CDS_0052	Pharokka_phiMA001_CDS_0050	91.617	167	320
Pharokka_PV_12_CDS_0053	Pharokka_PV_12_CDS_0053	100.000	226	476
Pharokka_PV_12_CDS_0053	Pharokka_phi11_CDS_0047	99.558	226	474
Pharokka_PV_12_CDS_0053	Pharokka_phi7A_CDS_0052	99.558	226	474
Pharokka_PV_12_CDS_0053	Pharokka_PV_7BP_CDS_0047	97.788	226	467
Pharokka_PV_12_CDS_0053	Pharokka_phi6A_CDS_0047	97.788	226	467
Pharokka_PV_12_CDS_0053	Pharokka_phiMA004_CDS_0051	96.460	226	460
Pharokka_PV_12_CDS_0053	Pharokka_phiMA002_CDS_0051	96.460	226	460
Pharokka_PV_12_CDS_0053	Pharokka_phiMA001_CDS_0051	96.460	226	460
Pharokka_PV_12_CDS_0053	Pharokka_phi7A_CDS_0048	32.215	149	60.8
Pharokka_PV_12_CDS_0053	Pharokka_phiMA004_CDS_0047	32.215	149	60.8
Pharokka_PV_12_CDS_0053	Pharokka_phiMA002_CDS_0047	32.215	149	60.8
Pharokka_PV_12_CDS_0053	Pharokka_phiMA001_CDS_0047	32.215	149	60.8
Pharokka_PV_12_CDS_0053	Pharokka_PV_12_CDS_0049	32.215	149	60.8
Pharokka_PV_12_CDS_0053	Pharokka_PV_7BP_CDS_0041	32.215	149	60.8
Pharokka_PV_12_CDS_0053	Pharokka_phi6A_CDS_0041	32.215	149	60.8
Pharokka_PV_12_CDS_0053	Pharokka_phi11_CDS_0043	32.215	149	60.8
Pharokka_PV_12_CDS_0054	Pharokka_PV_12_CDS_0054	100.000	63	127
Pharokka_PV_12_CDS_0054	Pharokka_PV_7BP_CDS_0048	100.000	63	127
Pharokka_PV_12_CDS_0054	Pharokka_phi7A_CDS_0053	100.000	63	127
Pharokka_PV_12_CDS_0054	Pharokka_phi6A_CDS_0048	100.000	63	127
Pharokka_PV_12_CDS_0054	Pharokka_phi11_CDS_0048	98.413	63	124
Pharokka_PV_12_CDS_0054	Pharokka_phiMA004_CDS_0052	95.238	63	121
Pharokka_PV_12_CDS_0054	Pharokka_phiMA002_CDS_0052	95.238	63	121
Pharokka_PV_12_CDS_0054	Pharokka_phiMA001_CDS_0052	95.238	63	121
Pharokka_PV_12_CDS_0055	Pharokka_phiMA004_CDS_0053	100.000	302	617
Pharokka_PV_12_CDS_0055	Pharokka_phiMA002_CDS_0053	100.000	302	617
Pharokka_PV_12_CDS_0055	Pharokka_phiMA001_CDS_0053	100.000	302	617
Pharokka_PV_12_CDS_0055	Pharokka_PV_12_CDS_0055	100.000	302	617
Pharokka_PV_12_CDS_0055	Pharokka_phi7A_CDS_0054	99.669	302	614
Pharokka_PV_12_CDS_0055	Pharokka_PV_7BP_CDS_0049	100.000	300	613
Pharokka_PV_12_CDS_0055	Pharokka_phi11_CDS_0049	99.338	302	613
Pharokka_PV_12_CDS_0055	Pharokka_phi6A_CDS_0049	100.000	300	613
Pharokka_PV_12_CDS_0056	Pharokka_PV_12_CDS_0056	100.000	148	305
Pharokka_PV_12_CDS_0056	Pharokka_phiMA004_CDS_0054	98.649	148	304
Pharokka_PV_12_CDS_0056	Pharokka_phiMA002_CDS_0054	98.649	148	304
Pharokka_PV_12_CDS_0056	Pharokka_phiMA001_CDS_0054	98.649	148	304
Pharokka_PV_12_CDS_0056	Pharokka_phi7A_CDS_0055	98.649	148	303
Pharokka_PV_12_CDS_0056	Pharokka_phi11_CDS_0050	97.297	148	301
Pharokka_PV_12_CDS_0056	Pharokka_PV_7BP_CDS_0050	93.919	148	296
Pharokka_PV_12_CDS_0056	Pharokka_phi6A_CDS_0050	93.919	148	296
Pharokka_PV_12_CDS_0057	Pharokka_phiMA004_CDS_0055	100.000	104	202
Pharokka_PV_12_CDS_0057	Pharokka_phiMA002_CDS_0055	100.000	104	202
Pharokka_PV_12_CDS_0057	Pharokka_phiMA001_CDS_0055	100.000	104	202
Pharokka_PV_12_CDS_0057	Pharokka_PV_12_CDS_0057	100.000	104	202
Pharokka_PV_12_CDS_0057	Pharokka_phi11_CDS_0051	100.000	104	202
Pharokka_PV_12_CDS_0057	Pharokka_phi7A_CDS_0056	98.077	104	200
Pharokka_PV_12_CDS_0057	Pharokka_PV_7BP_CDS_0051	94.231	104	195
Pharokka_PV_12_CDS_0057	Pharokka_phi6A_CDS_0051	94.231	104	195
Pharokka_PV_12_CDS_0058	Pharokka_phiMA004_CDS_0056	100.000	32	69.3
Pharokka_PV_12_CDS_0058	Pharokka_phiMA002_CDS_0056	100.000	32	69.3
Pharokka_PV_12_CDS_0058	Pharokka_phiMA001_CDS_0056	100.000	32	69.3
Pharokka_PV_12_CDS_0058	Pharokka_phi11_CDS_0052	100.000	32	69.3
Pharokka_PV_12_CDS_0058	Pharokka_PV_12_CDS_0058	100.000	32	68.9
Pharokka_PV_12_CDS_0059	Pharokka_phi7A_CDS_0057	100.000	36	71.2
Pharokka_PV_12_CDS_0059	Pharokka_PV_12_CDS_0059	100.000	36	70.9
Pharokka_PV_12_CDS_0060	Pharokka_PV_12_CDS_0060	100.000	31	63.9
Pharokka_PV_12_CDS_0060	Pharokka_phiMA004_CDS_0058	93.548	31	60.8
Pharokka_PV_12_CDS_0060	Pharokka_phiMA002_CDS_0058	93.548	31	60.8
Pharokka_PV_12_CDS_0060	Pharokka_phiMA001_CDS_0058	93.548	31	60.8
Pharokka_PV_12_CDS_0061	Pharokka_PV_12_CDS_0061	100.000	31	63.2
Pharokka_PV_12_CDS_0062	Pharokka_PV_12_CDS_0062	100.000	374	744
Pharokka_PV_12_CDS_0062	Pharokka_phi7A_CDS_0059	97.895	380	734
Pharokka_PV_12_CDS_0062	Pharokka_PV_7BP_CDS_0054	97.368	380	729
Pharokka_PV_12_CDS_0062	Pharokka_phi6A_CDS_0054	97.368	380	729
Pharokka_PV_12_CDS_0062	Pharokka_phiMA004_CDS_0059	96.850	381	726
Pharokka_PV_12_CDS_0062	Pharokka_phiMA002_CDS_0059	96.850	381	726
Pharokka_PV_12_CDS_0062	Pharokka_phiMA001_CDS_0059	96.850	381	726
Pharokka_PV_12_CDS_0062	Pharokka_phi11_CDS_0054	96.842	380	720
Pharokka_PV_12_CDS_0063	Pharokka_PV_12_CDS_0063	100.000	38	79.0
Pharokka_PV_12_CDS_0063	Pharokka_phiMA004_CDS_0060	97.368	38	77.4
Pharokka_PV_12_CDS_0063	Pharokka_phiMA002_CDS_0060	97.368	38	77.4
Pharokka_PV_12_CDS_0063	Pharokka_phiMA001_CDS_0060	97.368	38	77.4
Pharokka_PV_12_CDS_0063	Pharokka_phi11_CDS_0055	94.737	38	73.9
Pharokka_PV_12_CDS_0063	Pharokka_phi7A_CDS_0060	94.737	38	73.6
Pharokka_PV_12_CDS_0064	Pharokka_PV_12_CDS_0064	100.000	41	83.2
Pharokka_PV_12_CDS_0065	Pharokka_PV_12_CDS_0065	100.000	38	78.6
Pharokka_PV_12_CDS_0065	Pharokka_phi11_CDS_0057	90.323	31	61.2
Pharokka_PV_12_CDS_0065	Pharokka_phiMA004_CDS_0062	87.097	31	58.5
Pharokka_PV_12_CDS_0065	Pharokka_phiMA002_CDS_0062	87.097	31	58.5
Pharokka_PV_12_CDS_0065	Pharokka_phiMA001_CDS_0062	87.097	31	58.5
Pharokka_PV_12_CDS_0066	Pharokka_PV_12_CDS_0066	100.000	266	542
Pharokka_PV_12_CDS_0066	Pharokka_phi7A_CDS_0063	97.368	266	529
Pharokka_PV_12_CDS_0066	Pharokka_phi6A_CDS_0057	97.368	266	526
Pharokka_PV_12_CDS_0066	Pharokka_PV_7BP_CDS_0057	96.992	266	525
Pharokka_PV_12_CDS_0066	Pharokka_phi11_CDS_0059	94.361	266	510
Pharokka_PV_12_CDS_0066	Pharokka_phiMA004_CDS_0065	92.481	266	497
Pharokka_PV_12_CDS_0066	Pharokka_phiMA002_CDS_0065	92.481	266	497
Pharokka_PV_12_CDS_0066	Pharokka_phiMA001_CDS_0065	92.481	266	497
Pharokka_PV_12_CDS_0067	Pharokka_PV_12_CDS_0067	100.000	43	90.1
Pharokka_PV_12_CDS_0067	Pharokka_phiMA004_CDS_0066	97.674	43	88.6
Pharokka_PV_12_CDS_0067	Pharokka_phiMA002_CDS_0066	97.674	43	88.6
Pharokka_PV_12_CDS_0067	Pharokka_phiMA001_CDS_0066	97.674	43	88.6
Pharokka_PV_12_CDS_0067	Pharokka_PV_7BP_CDS_0058	97.674	43	88.6
Pharokka_PV_12_CDS_0067	Pharokka_phi11_CDS_0060	97.674	43	88.6
Pharokka_PV_12_CDS_0067	Pharokka_phi7A_CDS_0064	97.674	43	88.6
Pharokka_PV_12_CDS_0067	Pharokka_phi6A_CDS_0058	97.674	43	88.6
Pharokka_PV_12_CDS_0068	Pharokka_PV_12_CDS_0068	100.000	45	87.4
Pharokka_PV_12_CDS_0068	Pharokka_PV_7BP_CDS_0059	100.000	45	87.4
Pharokka_PV_12_CDS_0068	Pharokka_phi11_CDS_0061	100.000	45	87.4
Pharokka_PV_12_CDS_0068	Pharokka_phi7A_CDS_0065	100.000	45	87.4
Pharokka_PV_12_CDS_0068	Pharokka_phi6A_CDS_0059	100.000	45	87.4
Pharokka_PV_12_CDS_0068	Pharokka_phiMA004_CDS_0067	97.778	45	85.1
Pharokka_PV_12_CDS_0068	Pharokka_phiMA002_CDS_0067	97.778	45	85.1
Pharokka_PV_12_CDS_0068	Pharokka_phiMA001_CDS_0067	97.778	45	85.1
Pharokka_PV_12_CDS_0069	Pharokka_PV_12_CDS_0069	100.000	36	75.9
Pharokka_PV_12_CDS_0069	Pharokka_phi7A_CDS_0066	100.000	36	75.9
Pharokka_PV_12_CDS_0069	Pharokka_phiMA004_CDS_0068	97.222	36	73.6
Pharokka_PV_12_CDS_0069	Pharokka_phiMA002_CDS_0068	97.222	36	73.6
Pharokka_PV_12_CDS_0069	Pharokka_phiMA001_CDS_0068	97.222	36	73.6
Pharokka_PV_12_CDS_0069	Pharokka_PV_7BP_CDS_0060	97.222	36	73.6
Pharokka_PV_12_CDS_0069	Pharokka_phi11_CDS_0062	97.222	36	73.6
Pharokka_PV_12_CDS_0069	Pharokka_phi6A_CDS_0060	97.222	36	73.6
Pharokka_PV_12_CDS_0070	Pharokka_phiMA004_CDS_0069	100.000	37	80.1
Pharokka_PV_12_CDS_0070	Pharokka_phiMA002_CDS_0069	100.000	37	80.1
Pharokka_PV_12_CDS_0070	Pharokka_phiMA001_CDS_0069	100.000	37	80.1
Pharokka_PV_12_CDS_0070	Pharokka_PV_12_CDS_0070	100.000	37	80.1
Pharokka_PV_12_CDS_0070	Pharokka_phi11_CDS_0063	100.000	37	80.1
Pharokka_PV_12_CDS_0070	Pharokka_PV_7BP_CDS_0061	97.297	37	79.0
Pharokka_PV_12_CDS_0070	Pharokka_phi6A_CDS_0061	97.297	37	79.0
Pharokka_PV_12_CDS_0071	Pharokka_PV_12_CDS_0071	100.000	34	70.1
Pharokka_PV_12_CDS_0071	Pharokka_PV_7BP_CDS_0063	91.176	34	67.0
Pharokka_PV_12_CDS_0071	Pharokka_phi6A_CDS_0062	91.176	34	66.2
Pharokka_PV_12_CDS_0071	Pharokka_phi6A_CDS_0063	91.176	34	65.9
Pharokka_PV_12_CDS_0071	Pharokka_phi6A_CDS_0064	88.235	34	63.9
Pharokka_PV_12_CDS_0071	Pharokka_PV_7BP_CDS_0062	88.235	34	62.4
Pharokka_PV_12_CDS_0071	Pharokka_phiMA004_CDS_0071	88.235	34	60.5
Pharokka_PV_12_CDS_0071	Pharokka_phiMA002_CDS_0070	88.235	34	60.5
Pharokka_PV_12_CDS_0071	Pharokka_phiMA001_CDS_0070	88.235	34	60.5
Pharokka_PV_12_CDS_0071	Pharokka_phi11_CDS_0064	85.294	34	58.9
Pharokka_PV_12_CDS_0071	Pharokka_phiMA004_CDS_0070	83.871	31	53.9
Pharokka_PV_12_CDS_0072	Pharokka_PV_12_CDS_0072	100.000	39	80.1
Pharokka_PV_12_CDS_0072	Pharokka_phi11_CDS_0065	100.000	39	80.1
Pharokka_PV_12_CDS_0072	Pharokka_phi6A_CDS_0065	100.000	39	80.1
Pharokka_PV_12_CDS_0072	Pharokka_phiMA004_CDS_0072	94.872	39	75.1
Pharokka_PV_12_CDS_0072	Pharokka_phiMA002_CDS_0071	94.872	39	75.1
Pharokka_PV_12_CDS_0072	Pharokka_phiMA001_CDS_0071	94.872	39	75.1
Pharokka_PV_12_CDS_0073	Pharokka_PV_12_CDS_0073	100.000	44	89.7
Pharokka_PV_12_CDS_0073	Pharokka_phi11_CDS_0066	90.909	44	78.6
Pharokka_PV_12_CDS_0073	Pharokka_phi7A_CDS_0069	90.909	44	78.6
Pharokka_PV_12_CDS_0073	Pharokka_phiMA004_CDS_0073	90.909	44	78.6
Pharokka_PV_12_CDS_0073	Pharokka_phiMA002_CDS_0072	90.909	44	78.6
Pharokka_PV_12_CDS_0073	Pharokka_phiMA001_CDS_0072	90.909	44	78.6
Pharokka_PV_12_CDS_0073	Pharokka_PV_7BP_CDS_0065	88.636	44	76.6
Pharokka_PV_12_CDS_0074	Pharokka_phiMA004_CDS_0074	100.000	39	83.2
Pharokka_PV_12_CDS_0074	Pharokka_phiMA002_CDS_0073	100.000	39	83.2
Pharokka_PV_12_CDS_0074	Pharokka_phiMA001_CDS_0073	100.000	39	83.2
Pharokka_PV_12_CDS_0074	Pharokka_PV_12_CDS_0074	100.000	39	83.2
Pharokka_PV_12_CDS_0074	Pharokka_phi11_CDS_0067	97.436	39	81.6
Pharokka_PV_12_CDS_0074	Pharokka_phi7A_CDS_0070	97.436	39	81.6
Pharokka_PV_12_CDS_0075	Pharokka_PV_12_CDS_0075	100.000	44	88.2
Pharokka_PV_12_CDS_0075	Pharokka_phiMA004_CDS_0075	97.727	44	87.4
Pharokka_PV_12_CDS_0075	Pharokka_phiMA002_CDS_0074	97.727	44	87.4
Pharokka_PV_12_CDS_0075	Pharokka_phiMA001_CDS_0074	97.727	44	87.4
Pharokka_PV_12_CDS_0075	Pharokka_phi11_CDS_0068	95.455	44	83.6
Pharokka_PV_12_CDS_0075	Pharokka_phi7A_CDS_0071	95.455	44	83.6
Pharokka_PV_12_CDS_0076	Pharokka_phiMA004_CDS_0076	100.000	236	476
Pharokka_PV_12_CDS_0076	Pharokka_phiMA002_CDS_0075	100.000	236	476
Pharokka_PV_12_CDS_0076	Pharokka_phiMA001_CDS_0075	100.000	236	476
Pharokka_PV_12_CDS_0076	Pharokka_PV_12_CDS_0076	100.000	236	476
Pharokka_PV_12_CDS_0076	Pharokka_PV_7BP_CDS_0068	100.000	236	476
Pharokka_PV_12_CDS_0076	Pharokka_phi11_CDS_0069	100.000	236	476
Pharokka_PV_12_CDS_0076	Pharokka_phi7A_CDS_0072	100.000	236	476
Pharokka_PV_12_CDS_0076	Pharokka_phi6A_CDS_0069	100.000	236	476
Pharokka_PV_12_CDS_0077	Pharokka_PV_12_CDS_0077	100.000	247	504
Pharokka_PV_12_CDS_0077	Pharokka_phiMA004_CDS_0077	99.190	247	501
Pharokka_PV_12_CDS_0077	Pharokka_phiMA002_CDS_0076	99.190	247	501
Pharokka_PV_12_CDS_0077	Pharokka_phiMA001_CDS_0076	99.190	247	501
Pharokka_PV_12_CDS_0077	Pharokka_phi11_CDS_0070	99.190	247	500
Pharokka_PV_12_CDS_0077	Pharokka_phi7A_CDS_0073	93.927	247	480
Pharokka_PV_12_CDS_0077	Pharokka_phi6A_CDS_0070	33.990	203	106
Pharokka_PV_12_CDS_0077	Pharokka_PV_7BP_CDS_0069	33.990	203	106
Pharokka_phiMA001_CDS_0001	Pharokka_phiMA004_CDS_0001	100.000	501	1054
Pharokka_phiMA001_CDS_0001	Pharokka_phiMA002_CDS_0001	100.000	501	1054
Pharokka_phiMA001_CDS_0001	Pharokka_phiMA001_CDS_0001	100.000	501	1054
Pharokka_phiMA001_CDS_0001	Pharokka_PV_12_CDS_0001	100.000	501	1054
Pharokka_phiMA001_CDS_0001	Pharokka_phi7A_CDS_0001	100.000	501	1054
Pharokka_phiMA001_CDS_0001	Pharokka_phi11_CDS_0001	99.800	501	1052
Pharokka_phiMA001_CDS_0001	Pharokka_PV_7BP_CDS_0001	99.791	479	1011
Pharokka_phiMA001_CDS_0001	Pharokka_phi6A_CDS_0001	99.791	479	1011
Pharokka_phiMA001_CDS_0002	Pharokka_phiMA004_CDS_0002	100.000	220	456
Pharokka_phiMA001_CDS_0002	Pharokka_phiMA002_CDS_0002	100.000	220	456
Pharokka_phiMA001_CDS_0002	Pharokka_phiMA001_CDS_0002	100.000	220	456
Pharokka_phiMA001_CDS_0002	Pharokka_phi6A_CDS_0002	97.273	220	445
Pharokka_phiMA001_CDS_0002	Pharokka_PV_7BP_CDS_0002	96.818	220	444
Pharokka_phiMA001_CDS_0002	Pharokka_PV_12_CDS_0002	97.727	220	443
Pharokka_phiMA001_CDS_0002	Pharokka_phi11_CDS_0002	96.789	218	442
Pharokka_phiMA001_CDS_0002	Pharokka_phi7A_CDS_0002	97.696	217	441
Pharokka_phiMA001_CDS_0003	Pharokka_phiMA004_CDS_0003	100.000	596	1232
Pharokka_phiMA001_CDS_0003	Pharokka_phiMA002_CDS_0003	100.000	596	1232
Pharokka_phiMA001_CDS_0003	Pharokka_phiMA001_CDS_0003	100.000	596	1232
Pharokka_phiMA001_CDS_0003	Pharokka_phi7A_CDS_0003	99.329	596	1224
Pharokka_phiMA001_CDS_0003	Pharokka_PV_12_CDS_0003	98.993	596	1221
Pharokka_phiMA001_CDS_0003	Pharokka_phi11_CDS_0003	98.826	596	1220
Pharokka_phiMA001_CDS_0003	Pharokka_PV_7BP_CDS_0003	98.490	596	1218
Pharokka_phiMA001_CDS_0003	Pharokka_phi6A_CDS_0003	98.490	596	1218
Pharokka_phiMA001_CDS_0004	Pharokka_phiMA004_CDS_0004	100.000	144	296
Pharokka_phiMA001_CDS_0004	Pharokka_phiMA002_CDS_0004	100.000	144	296
Pharokka_phiMA001_CDS_0004	Pharokka_phiMA001_CDS_0004	100.000	144	296
Pharokka_phiMA001_CDS_0004	Pharokka_phi11_CDS_0004	98.611	144	292
Pharokka_phiMA001_CDS_0004	Pharokka_phi7A_CDS_0004	96.528	144	285
Pharokka_phiMA001_CDS_0004	Pharokka_PV_7BP_CDS_0004	97.842	139	281
Pharokka_phiMA001_CDS_0004	Pharokka_phi6A_CDS_0004	97.842	139	281
Pharokka_phiMA001_CDS_0004	Pharokka_PV_12_CDS_0004	96.403	139	278
Pharokka_phiMA001_CDS_0005	Pharokka_phiMA004_CDS_0005	100.000	317	634
Pharokka_phiMA001_CDS_0005	Pharokka_phiMA002_CDS_0005	100.000	317	634
Pharokka_phiMA001_CDS_0005	Pharokka_phiMA001_CDS_0005	100.000	317	634
Pharokka_phiMA001_CDS_0005	Pharokka_phi7A_CDS_0005	99.685	317	629
Pharokka_phiMA001_CDS_0005	Pharokka_PV_12_CDS_0005	99.054	317	625
Pharokka_phiMA001_CDS_0005	Pharokka_phi11_CDS_0005	99.054	317	625
Pharokka_phiMA001_CDS_0005	Pharokka_PV_7BP_CDS_0005	98.423	317	624
Pharokka_phiMA001_CDS_0005	Pharokka_phi6A_CDS_0005	98.423	317	624
Pharokka_phiMA001_CDS_0006	Pharokka_phiMA002_CDS_0006	100.000	370	764
Pharokka_phiMA001_CDS_0006	Pharokka_phiMA001_CDS_0006	100.000	370	764
Pharokka_phiMA001_CDS_0006	Pharokka_phiMA004_CDS_0006	99.730	370	761
Pharokka_phiMA001_CDS_0006	Pharokka_phi7A_CDS_0006	99.191	371	758
Pharokka_phiMA001_CDS_0006	Pharokka_phi11_CDS_0006	98.652	371	754
Pharokka_phiMA001_CDS_0006	Pharokka_PV_12_CDS_0006	98.652	371	754
Pharokka_phiMA001_CDS_0006	Pharokka_PV_7BP_CDS_0006	98.383	371	753
Pharokka_phiMA001_CDS_0006	Pharokka_phi6A_CDS_0006	98.383	371	753
Pharokka_phiMA001_CDS_0007	Pharokka_phiMA004_CDS_0007	100.000	41	80.5
Pharokka_phiMA001_CDS_0007	Pharokka_phiMA002_CDS_0007	100.000	41	80.5
Pharokka_phiMA001_CDS_0007	Pharokka_phiMA001_CDS_0007	100.000	41	80.5
Pharokka_phiMA001_CDS_0007	Pharokka_phi7A_CDS_0008	100.000	25	50.1
Pharokka_phiMA001_CDS_0007	Pharokka_PV_7BP_CDS_0008	88.462	26	48.5
Pharokka_phiMA001_CDS_0007	Pharokka_phi6A_CDS_0008	88.462	26	48.5
Pharokka_phiMA001_CDS_0007	Pharokka_phi11_CDS_0008	88.462	26	48.5
Pharokka_phiMA001_CDS_0007	Pharokka_PV_12_CDS_0008	88.462	26	48.5
Pharokka_phiMA001_CDS_0008	Pharokka_phiMA004_CDS_0008	100.000	432	898
Pharokka_phiMA001_CDS_0008	Pharokka_phiMA002_CDS_0008	100.000	432	898
Pharokka_phiMA001_CDS_0008	Pharokka_phiMA001_CDS_0008	100.000	432	898
Pharokka_phiMA001_CDS_0008	Pharokka_phi7A_CDS_0009	99.769	432	897
Pharokka_phiMA001_CDS_0008	Pharokka_PV_7BP_CDS_0009	99.537	432	895
Pharokka_phiMA001_CDS_0008	Pharokka_phi6A_CDS_0009	99.537	432	895
Pharokka_phiMA001_CDS_0008	Pharokka_PV_12_CDS_0009	99.537	432	893
Pharokka_phiMA001_CDS_0008	Pharokka_phi11_CDS_0009	99.306	432	893
Pharokka_phiMA001_CDS_0009	Pharokka_phiMA004_CDS_0009	100.000	146	297
Pharokka_phiMA001_CDS_0009	Pharokka_phiMA002_CDS_0009	100.000	146	297
Pharokka_phiMA001_CDS_0009	Pharokka_phiMA001_CDS_0009	100.000	146	297
Pharokka_phiMA001_CDS_0009	Pharokka_PV_7BP_CDS_0010	99.315	146	296
Pharokka_phiMA001_CDS_0009	Pharokka_phi7A_CDS_0010	99.315	146	296
Pharokka_phiMA001_CDS_0009	Pharokka_phi6A_CDS_0010	99.315	146	296
Pharokka_phiMA001_CDS_0009	Pharokka_PV_12_CDS_0010	98.630	146	295
Pharokka_phiMA001_CDS_0009	Pharokka_phi11_CDS_0010	98.630	146	294
Pharokka_phiMA001_CDS_0010	Pharokka_phiMA004_CDS_0010	100.000	211	434
Pharokka_phiMA001_CDS_0010	Pharokka_phiMA002_CDS_0010	100.000	211	434
Pharokka_phiMA001_CDS_0010	Pharokka_phiMA001_CDS_0010	100.000	211	434
Pharokka_phiMA001_CDS_0010	Pharokka_PV_7BP_CDS_0011	99.526	211	434
Pharokka_phiMA001_CDS_0010	Pharokka_phi6A_CDS_0011	99.526	211	434
Pharokka_phiMA001_CDS_0010	Pharokka_PV_12_CDS_0011	99.052	211	433
Pharokka_phiMA001_CDS_0010	Pharokka_phi11_CDS_0011	99.052	211	433
Pharokka_phiMA001_CDS_0010	Pharokka_phi7A_CDS_0011	99.052	211	433
Pharokka_phiMA001_CDS_0011	Pharokka_phiMA004_CDS_0011	100.000	87	170
Pharokka_phiMA001_CDS_0011	Pharokka_phiMA002_CDS_0011	100.000	87	170
Pharokka_phiMA001_CDS_0011	Pharokka_phiMA001_CDS_0011	100.000	87	170
Pharokka_phiMA001_CDS_0011	Pharokka_PV_7BP_CDS_0012	97.701	87	169
Pharokka_phiMA001_CDS_0011	Pharokka_phi6A_CDS_0012	97.701	87	169
Pharokka_phiMA001_CDS_0011	Pharokka_PV_12_CDS_0012	98.851	87	169
Pharokka_phiMA001_CDS_0011	Pharokka_phi11_CDS_0012	98.851	87	169
Pharokka_phiMA001_CDS_0011	Pharokka_phi7A_CDS_0012	98.851	87	169
Pharokka_phiMA001_CDS_0012	Pharokka_phiMA004_CDS_0012	100.000	253	513
Pharokka_phiMA001_CDS_0012	Pharokka_phiMA002_CDS_0012	100.000	253	513
Pharokka_phiMA001_CDS_0012	Pharokka_phiMA001_CDS_0012	100.000	253	513
Pharokka_phiMA001_CDS_0012	Pharokka_PV_12_CDS_0013	99.209	253	509
Pharokka_phiMA001_CDS_0012	Pharokka_phi11_CDS_0013	99.209	253	509
Pharokka_phiMA001_CDS_0012	Pharokka_phi7A_CDS_0013	99.209	253	509
Pharokka_phiMA001_CDS_0012	Pharokka_PV_7BP_CDS_0013	98.814	253	509
Pharokka_phiMA001_CDS_0012	Pharokka_phi6A_CDS_0013	98.814	253	509
Pharokka_phiMA001_CDS_0013	Pharokka_phiMA004_CDS_0013	100.000	1181	2364
Pharokka_phiMA001_CDS_0013	Pharokka_phiMA002_CDS_0013	100.000	1181	2364
Pharokka_phiMA001_CDS_0013	Pharokka_phiMA001_CDS_0013	100.000	1181	2364
Pharokka_phiMA001_CDS_0013	Pharokka_PV_12_CDS_0014	99.915	1181	2362
Pharokka_phiMA001_CDS_0013	Pharokka_phi7A_CDS_0014	99.831	1181	2362
Pharokka_phiMA001_CDS_0013	Pharokka_phi11_CDS_0014	99.492	1181	2355
Pharokka_phiMA001_CDS_0013	Pharokka_PV_7BP_CDS_0014	99.238	1181	2350
Pharokka_phiMA001_CDS_0013	Pharokka_phi6A_CDS_0014	99.238	1181	2350
Pharokka_phiMA001_CDS_0014	Pharokka_phiMA004_CDS_0014	100.000	726	1506
Pharokka_phiMA001_CDS_0014	Pharokka_phiMA002_CDS_0014	100.000	726	1506
Pharokka_phiMA001_CDS_0014	Pharokka_phiMA001_CDS_0014	100.000	726	1506
Pharokka_phiMA001_CDS_0014	Pharokka_phi11_CDS_0015	100.000	726	1506
Pharokka_phiMA001_CDS_0014	Pharokka_phi7A_CDS_0015	100.000	726	1506
Pharokka_phiMA001_CDS_0014	Pharokka_PV_12_CDS_0015	99.862	726	1504
Pharokka_phiMA001_CDS_0014	Pharokka_PV_7BP_CDS_0015	97.658	726	1472
Pharokka_phiMA001_CDS_0014	Pharokka_phi6A_CDS_0015	97.658	726	1472
Pharokka_phiMA001_CDS_0015	Pharokka_phiMA004_CDS_0015	100.000	1719	3520
Pharokka_phiMA001_CDS_0015	Pharokka_phiMA002_CDS_0015	100.000	1719	3520
Pharokka_phiMA001_CDS_0015	Pharokka_phiMA001_CDS_0015	100.000	1719	3520
Pharokka_phiMA001_CDS_0015	Pharokka_PV_12_CDS_0016	97.209	1720	3430
Pharokka_phiMA001_CDS_0015	Pharokka_phi11_CDS_0016	96.594	969	1922
Pharokka_phiMA001_CDS_0015	Pharokka_phi11_CDS_0016	72.152	632	838
Pharokka_phiMA001_CDS_0015	Pharokka_phi7A_CDS_0016	96.491	969	1919
Pharokka_phiMA001_CDS_0015	Pharokka_phi7A_CDS_0016	71.384	636	842
Pharokka_phiMA001_CDS_0015	Pharokka_PV_7BP_CDS_0016	95.459	969	1822
Pharokka_phiMA001_CDS_0015	Pharokka_PV_7BP_CDS_0016	97.819	596	1153
Pharokka_phiMA001_CDS_0015	Pharokka_phi6A_CDS_0016	95.459	969	1822
Pharokka_phiMA001_CDS_0015	Pharokka_phi6A_CDS_0016	97.819	596	1153
Pharokka_phiMA001_CDS_0016	Pharokka_phiMA004_CDS_0016	100.000	105	208
Pharokka_phiMA001_CDS_0016	Pharokka_phiMA002_CDS_0016	100.000	105	208
Pharokka_phiMA001_CDS_0016	Pharokka_phiMA001_CDS_0016	100.000	105	208
Pharokka_phiMA001_CDS_0016	Pharokka_phi11_CDS_0017	95.146	103	197
Pharokka_phiMA001_CDS_0016	Pharokka_PV_12_CDS_0017	95.146	103	196
Pharokka_phiMA001_CDS_0016	Pharokka_phi7A_CDS_0017	95.146	103	196
Pharokka_phiMA001_CDS_0016	Pharokka_PV_7BP_CDS_0017	94.286	105	196
Pharokka_phiMA001_CDS_0016	Pharokka_phi6A_CDS_0017	94.286	105	196
Pharokka_phiMA001_CDS_0017	Pharokka_phiMA004_CDS_0017	100.000	100	201
Pharokka_phiMA001_CDS_0017	Pharokka_phiMA002_CDS_0017	100.000	100	201
Pharokka_phiMA001_CDS_0017	Pharokka_phiMA001_CDS_0017	100.000	100	201
Pharokka_phiMA001_CDS_0017	Pharokka_PV_7BP_CDS_0018	100.000	100	201
Pharokka_phiMA001_CDS_0017	Pharokka_phi6A_CDS_0018	100.000	100	201
Pharokka_phiMA001_CDS_0017	Pharokka_PV_12_CDS_0018	98.000	100	197
Pharokka_phiMA001_CDS_0017	Pharokka_phi11_CDS_0018	98.000	100	197
Pharokka_phiMA001_CDS_0017	Pharokka_phi7A_CDS_0018	97.000	100	195
Pharokka_phiMA001_CDS_0018	Pharokka_phiMA004_CDS_0018	100.000	41	79.7
Pharokka_phiMA001_CDS_0018	Pharokka_phiMA002_CDS_0018	100.000	41	79.7
Pharokka_phiMA001_CDS_0018	Pharokka_phiMA001_CDS_0018	100.000	41	79.7
Pharokka_phiMA001_CDS_0018	Pharokka_phi11_CDS_0019	100.000	41	79.7
Pharokka_phiMA001_CDS_0018	Pharokka_phi7A_CDS_0019	100.000	41	79.7
Pharokka_phiMA001_CDS_0018	Pharokka_PV_12_CDS_0019	97.561	41	77.0
Pharokka_phiMA001_CDS_0019	Pharokka_phiMA004_CDS_0019	100.000	157	325
Pharokka_phiMA001_CDS_0019	Pharokka_phiMA002_CDS_0019	100.000	157	325
Pharokka_phiMA001_CDS_0019	Pharokka_phiMA001_CDS_0019	100.000	157	325
Pharokka_phiMA001_CDS_0019	Pharokka_phi7A_CDS_0020	98.742	159	319
Pharokka_phiMA001_CDS_0019	Pharokka_PV_12_CDS_0020	98.529	136	270
Pharokka_phiMA001_CDS_0019	Pharokka_phi11_CDS_0020	97.297	37	78.2
Pharokka_phiMA001_CDS_0020	Pharokka_phiMA004_CDS_0020	100.000	96	194
Pharokka_phiMA001_CDS_0020	Pharokka_phiMA002_CDS_0020	100.000	96	194
Pharokka_phiMA001_CDS_0020	Pharokka_phiMA001_CDS_0020	100.000	96	194
Pharokka_phiMA001_CDS_0020	Pharokka_PV_12_CDS_0021	100.000	96	194
Pharokka_phiMA001_CDS_0020	Pharokka_phi7A_CDS_0021	97.917	96	191
Pharokka_phiMA001_CDS_0021	Pharokka_phiMA004_CDS_0021	100.000	149	307
Pharokka_phiMA001_CDS_0021	Pharokka_phiMA002_CDS_0021	100.000	149	307
Pharokka_phiMA001_CDS_0021	Pharokka_phiMA001_CDS_0021	100.000	149	307
Pharokka_phiMA001_CDS_0021	Pharokka_PV_12_CDS_0022	99.329	149	306
Pharokka_phiMA001_CDS_0021	Pharokka_phi7A_CDS_0022	99.329	149	306
Pharokka_phiMA001_CDS_0022	Pharokka_phiMA004_CDS_0022	100.000	129	262
Pharokka_phiMA001_CDS_0022	Pharokka_phiMA002_CDS_0022	100.000	129	262
Pharokka_phiMA001_CDS_0022	Pharokka_phiMA001_CDS_0022	100.000	129	262
Pharokka_phiMA001_CDS_0022	Pharokka_phi7A_CDS_0023	99.225	129	261
Pharokka_phiMA001_CDS_0022	Pharokka_PV_12_CDS_0024	94.444	54	108
Pharokka_phiMA001_CDS_0022	Pharokka_PV_12_CDS_0023	100.000	46	96.3
Pharokka_phiMA001_CDS_0023	Pharokka_phiMA004_CDS_0023	100.000	84	167
Pharokka_phiMA001_CDS_0023	Pharokka_phiMA002_CDS_0023	100.000	84	167
Pharokka_phiMA001_CDS_0023	Pharokka_phiMA001_CDS_0023	100.000	84	167
Pharokka_phiMA001_CDS_0023	Pharokka_phi7A_CDS_0024	100.000	84	167
Pharokka_phiMA001_CDS_0023	Pharokka_PV_12_CDS_0025	98.810	84	165
Pharokka_phiMA001_CDS_0024	Pharokka_phiMA004_CDS_0024	100.000	89	183
Pharokka_phiMA001_CDS_0024	Pharokka_phiMA002_CDS_0024	100.000	89	183
Pharokka_phiMA001_CDS_0024	Pharokka_phiMA001_CDS_0024	100.000	89	183
Pharokka_phiMA001_CDS_0024	Pharokka_PV_12_CDS_0026	98.876	89	180
Pharokka_phiMA001_CDS_0024	Pharokka_phi7A_CDS_0025	98.876	89	180
Pharokka_phiMA001_CDS_0024	Pharokka_phi11_CDS_0020	98.462	65	135
Pharokka_phiMA001_CDS_0025	Pharokka_phiMA004_CDS_0025	100.000	173	363
Pharokka_phiMA001_CDS_0025	Pharokka_phiMA002_CDS_0025	100.000	173	363
Pharokka_phiMA001_CDS_0025	Pharokka_phiMA001_CDS_0025	100.000	173	363
Pharokka_phiMA001_CDS_0025	Pharokka_PV_12_CDS_0027	100.000	173	363
Pharokka_phiMA001_CDS_0025	Pharokka_phi11_CDS_0021	98.844	173	359
Pharokka_phiMA001_CDS_0025	Pharokka_phi7A_CDS_0026	98.844	173	358
Pharokka_phiMA001_CDS_0025	Pharokka_PV_7BP_CDS_0019	98.462	65	139
Pharokka_phiMA001_CDS_0025	Pharokka_phi6A_CDS_0019	98.462	65	139
Pharokka_phiMA001_CDS_0026	Pharokka_phiMA004_CDS_0026	100.000	154	315
Pharokka_phiMA001_CDS_0026	Pharokka_phiMA002_CDS_0026	100.000	154	315
Pharokka_phiMA001_CDS_0026	Pharokka_phiMA001_CDS_0026	100.000	154	315
Pharokka_phiMA001_CDS_0026	Pharokka_PV_12_CDS_0028	100.000	154	315
Pharokka_phiMA001_CDS_0026	Pharokka_PV_7BP_CDS_0020	100.000	154	315
Pharokka_phiMA001_CDS_0026	Pharokka_phi11_CDS_0022	100.000	154	315
Pharokka_phiMA001_CDS_0026	Pharokka_phi7A_CDS_0027	100.000	154	315
Pharokka_phiMA001_CDS_0026	Pharokka_phi6A_CDS_0020	100.000	154	315
Pharokka_phiMA001_CDS_0027	Pharokka_phiMA004_CDS_0027	100.000	172	347
Pharokka_phiMA001_CDS_0027	Pharokka_phiMA002_CDS_0027	100.000	172	347
Pharokka_phiMA001_CDS_0027	Pharokka_phiMA001_CDS_0027	100.000	172	347
Pharokka_phiMA001_CDS_0027	Pharokka_phi7A_CDS_0028	100.000	172	347
Pharokka_phiMA001_CDS_0027	Pharokka_PV_7BP_CDS_0021	98.256	172	342
Pharokka_phiMA001_CDS_0027	Pharokka_phi6A_CDS_0021	98.256	172	342
Pharokka_phiMA001_CDS_0027	Pharokka_PV_12_CDS_0029	97.093	172	337
Pharokka_phiMA001_CDS_0027	Pharokka_phi11_CDS_0023	99.310	145	292
Pharokka_phiMA001_CDS_0028	Pharokka_phiMA004_CDS_0028	100.000	142	293
Pharokka_phiMA001_CDS_0028	Pharokka_phiMA002_CDS_0028	100.000	142	293
Pharokka_phiMA001_CDS_0028	Pharokka_phiMA001_CDS_0028	100.000	142	293
Pharokka_phiMA001_CDS_0028	Pharokka_PV_12_CDS_0030	100.000	142	293
Pharokka_phiMA001_CDS_0028	Pharokka_PV_7BP_CDS_0022	100.000	142	293
Pharokka_phiMA001_CDS_0028	Pharokka_phi11_CDS_0024	100.000	142	293
Pharokka_phiMA001_CDS_0028	Pharokka_phi6A_CDS_0022	100.000	142	293
Pharokka_phiMA001_CDS_0028	Pharokka_phi7A_CDS_0029	99.296	142	291
Pharokka_phiMA001_CDS_0029	Pharokka_phiMA004_CDS_0029	100.000	202	399
Pharokka_phiMA001_CDS_0029	Pharokka_phiMA002_CDS_0029	100.000	202	399
Pharokka_phiMA001_CDS_0029	Pharokka_phiMA001_CDS_0029	100.000	202	399
Pharokka_phiMA001_CDS_0029	Pharokka_PV_12_CDS_0031	100.000	202	399
Pharokka_phiMA001_CDS_0029	Pharokka_PV_7BP_CDS_0023	100.000	202	399
Pharokka_phiMA001_CDS_0029	Pharokka_phi6A_CDS_0023	100.000	202	399
Pharokka_phiMA001_CDS_0029	Pharokka_phi11_CDS_0025	99.010	202	394
Pharokka_phiMA001_CDS_0029	Pharokka_phi7A_CDS_0030	99.010	202	394
Pharokka_phiMA001_CDS_0030	Pharokka_phiMA004_CDS_0030	100.000	35	65.5
Pharokka_phiMA001_CDS_0030	Pharokka_phiMA002_CDS_0030	100.000	35	65.5
Pharokka_phiMA001_CDS_0030	Pharokka_phiMA001_CDS_0030	100.000	35	65.5
Pharokka_phiMA001_CDS_0030	Pharokka_PV_12_CDS_0032	100.000	35	65.5
Pharokka_phiMA001_CDS_0030	Pharokka_PV_7BP_CDS_0024	100.000	35	65.5
Pharokka_phiMA001_CDS_0030	Pharokka_phi6A_CDS_0024	100.000	35	65.5
Pharokka_phiMA001_CDS_0030	Pharokka_phi7A_CDS_0031	97.143	35	64.7
Pharokka_phiMA001_CDS_0031	Pharokka_phiMA004_CDS_0031	100.000	33	65.1
Pharokka_phiMA001_CDS_0031	Pharokka_phiMA002_CDS_0031	100.000	33	65.1
Pharokka_phiMA001_CDS_0031	Pharokka_phiMA001_CDS_0031	100.000	33	65.1
Pharokka_phiMA001_CDS_0031	Pharokka_PV_12_CDS_0033	100.000	33	65.1
Pharokka_phiMA001_CDS_0031	Pharokka_PV_7BP_CDS_0025	100.000	33	65.1
Pharokka_phiMA001_CDS_0031	Pharokka_phi11_CDS_0027	100.000	33	65.1
Pharokka_phiMA001_CDS_0031	Pharokka_phi7A_CDS_0032	100.000	33	65.1
Pharokka_phiMA001_CDS_0031	Pharokka_phi6A_CDS_0025	100.000	33	65.1
Pharokka_phiMA001_CDS_0032	Pharokka_phiMA004_CDS_0032	100.000	135	272
Pharokka_phiMA001_CDS_0032	Pharokka_phiMA002_CDS_0032	100.000	135	272
Pharokka_phiMA001_CDS_0032	Pharokka_phiMA001_CDS_0032	100.000	135	272
Pharokka_phiMA001_CDS_0032	Pharokka_PV_7BP_CDS_0026	100.000	135	272
Pharokka_phiMA001_CDS_0032	Pharokka_phi11_CDS_0028	100.000	135	272
Pharokka_phiMA001_CDS_0032	Pharokka_phi6A_CDS_0026	100.000	135	272
Pharokka_phiMA001_CDS_0032	Pharokka_PV_12_CDS_0034	100.000	135	273
Pharokka_phiMA001_CDS_0032	Pharokka_phi7A_CDS_0033	99.259	135	271
Pharokka_phiMA001_CDS_0033	Pharokka_phiMA004_CDS_0033	100.000	114	234
Pharokka_phiMA001_CDS_0033	Pharokka_phiMA002_CDS_0033	100.000	114	234
Pharokka_phiMA001_CDS_0033	Pharokka_phiMA001_CDS_0033	100.000	114	234
Pharokka_phiMA001_CDS_0033	Pharokka_phi7A_CDS_0034	81.884	138	219
Pharokka_phiMA001_CDS_0033	Pharokka_phi11_CDS_0029	72.727	154	214
Pharokka_phiMA001_CDS_0033	Pharokka_PV_12_CDS_0035	69.753	162	212
Pharokka_phiMA001_CDS_0033	Pharokka_PV_7BP_CDS_0027	100.000	59	127
Pharokka_phiMA001_CDS_0033	Pharokka_PV_7BP_CDS_0027	96.923	65	126
Pharokka_phiMA001_CDS_0033	Pharokka_phi6A_CDS_0027	100.000	59	127
Pharokka_phiMA001_CDS_0033	Pharokka_phi6A_CDS_0027	96.923	65	126
Pharokka_phiMA001_CDS_0034	Pharokka_phiMA004_CDS_0034	100.000	46	97.4
Pharokka_phiMA001_CDS_0034	Pharokka_phiMA002_CDS_0034	100.000	46	97.4
Pharokka_phiMA001_CDS_0034	Pharokka_phiMA001_CDS_0034	100.000	46	97.4
Pharokka_phiMA001_CDS_0034	Pharokka_phi11_CDS_0030	100.000	46	97.4
Pharokka_phiMA001_CDS_0034	Pharokka_PV_12_CDS_0036	97.826	46	95.5
Pharokka_phiMA001_CDS_0034	Pharokka_phi7A_CDS_0035	97.826	46	95.5
Pharokka_phiMA001_CDS_0034	Pharokka_PV_7BP_CDS_0028	93.478	46	91.7
Pharokka_phiMA001_CDS_0034	Pharokka_phi6A_CDS_0028	93.478	46	91.7
Pharokka_phiMA001_CDS_0035	Pharokka_phiMA004_CDS_0035	100.000	401	827
Pharokka_phiMA001_CDS_0035	Pharokka_phiMA002_CDS_0035	100.000	401	827
Pharokka_phiMA001_CDS_0035	Pharokka_phiMA001_CDS_0035	100.000	401	827
Pharokka_phiMA001_CDS_0035	Pharokka_PV_7BP_CDS_0029	98.753	401	819
Pharokka_phiMA001_CDS_0035	Pharokka_phi11_CDS_0031	98.753	401	819
Pharokka_phiMA001_CDS_0035	Pharokka_phi6A_CDS_0029	98.753	401	819
Pharokka_phiMA001_CDS_0035	Pharokka_phi7A_CDS_0036	98.254	401	815
Pharokka_phiMA001_CDS_0035	Pharokka_PV_12_CDS_0037	98.005	401	813
Pharokka_phiMA001_CDS_0036	Pharokka_phiMA004_CDS_0036	100.000	67	138
Pharokka_phiMA001_CDS_0036	Pharokka_phiMA002_CDS_0036	100.000	67	138
Pharokka_phiMA001_CDS_0036	Pharokka_phiMA001_CDS_0036	100.000	67	138
Pharokka_phiMA001_CDS_0036	Pharokka_PV_12_CDS_0038	89.552	67	119
Pharokka_phiMA001_CDS_0036	Pharokka_PV_7BP_CDS_0030	97.959	49	100
Pharokka_phiMA001_CDS_0036	Pharokka_phi7A_CDS_0037	97.959	49	100
Pharokka_phiMA001_CDS_0036	Pharokka_phi6A_CDS_0030	97.959	49	100
Pharokka_phiMA001_CDS_0036	Pharokka_phi11_CDS_0032	95.918	49	98.6
Pharokka_phiMA001_CDS_0037	Pharokka_phiMA004_CDS_0037	100.000	181	369
Pharokka_phiMA001_CDS_0037	Pharokka_phiMA002_CDS_0037	100.000	181	369
Pharokka_phiMA001_CDS_0037	Pharokka_phiMA001_CDS_0037	100.000	181	369
Pharokka_phiMA001_CDS_0037	Pharokka_phi11_CDS_0033	100.000	181	369
Pharokka_phiMA001_CDS_0037	Pharokka_PV_12_CDS_0039	99.448	181	367
Pharokka_phiMA001_CDS_0037	Pharokka_PV_7BP_CDS_0031	99.448	181	367
Pharokka_phiMA001_CDS_0037	Pharokka_phi7A_CDS_0038	99.448	181	367
Pharokka_phiMA001_CDS_0037	Pharokka_phi6A_CDS_0031	99.448	181	367
Pharokka_phiMA001_CDS_0038	Pharokka_phiMA004_CDS_0038	100.000	657	1367
Pharokka_phiMA001_CDS_0038	Pharokka_phiMA002_CDS_0038	100.000	657	1367
Pharokka_phiMA001_CDS_0038	Pharokka_phiMA001_CDS_0038	100.000	657	1367
Pharokka_phiMA001_CDS_0038	Pharokka_PV_12_CDS_0040	99.848	657	1363
Pharokka_phiMA001_CDS_0038	Pharokka_phi11_CDS_0034	99.696	657	1362
Pharokka_phiMA001_CDS_0038	Pharokka_phi7A_CDS_0039	99.696	657	1360
Pharokka_phiMA001_CDS_0038	Pharokka_PV_7BP_CDS_0032	99.391	657	1359
Pharokka_phiMA001_CDS_0038	Pharokka_phi6A_CDS_0032	99.391	657	1359
Pharokka_phiMA001_CDS_0039	Pharokka_phiMA004_CDS_0039	100.000	799	1661
Pharokka_phiMA001_CDS_0039	Pharokka_phiMA002_CDS_0039	100.000	799	1661
Pharokka_phiMA001_CDS_0039	Pharokka_phiMA001_CDS_0039	100.000	799	1661
Pharokka_phiMA001_CDS_0039	Pharokka_PV_12_CDS_0041	99.875	799	1656
Pharokka_phiMA001_CDS_0039	Pharokka_phi11_CDS_0035	99.750	799	1655
Pharokka_phiMA001_CDS_0039	Pharokka_phi7A_CDS_0040	99.750	799	1652
Pharokka_phiMA001_CDS_0039	Pharokka_PV_7BP_CDS_0033	99.374	799	1652
Pharokka_phiMA001_CDS_0039	Pharokka_phi6A_CDS_0033	99.374	799	1652
Pharokka_phiMA001_CDS_0040	Pharokka_phiMA004_CDS_0040	100.000	71	143
Pharokka_phiMA001_CDS_0040	Pharokka_phiMA002_CDS_0040	100.000	71	143
Pharokka_phiMA001_CDS_0040	Pharokka_phiMA001_CDS_0040	100.000	71	143
Pharokka_phiMA001_CDS_0040	Pharokka_PV_12_CDS_0042	98.592	71	143
Pharokka_phiMA001_CDS_0040	Pharokka_PV_7BP_CDS_0034	98.592	71	143
Pharokka_phiMA001_CDS_0040	Pharokka_phi11_CDS_0036	98.592	71	143
Pharokka_phiMA001_CDS_0040	Pharokka_phi7A_CDS_0041	98.592	71	143
Pharokka_phiMA001_CDS_0040	Pharokka_phi6A_CDS_0034	98.592	71	143
Pharokka_phiMA001_CDS_0041	Pharokka_phiMA004_CDS_0041	100.000	101	204
Pharokka_phiMA001_CDS_0041	Pharokka_phiMA002_CDS_0041	100.000	101	204
Pharokka_phiMA001_CDS_0041	Pharokka_phiMA001_CDS_0041	100.000	101	204
Pharokka_phiMA001_CDS_0041	Pharokka_PV_12_CDS_0043	100.000	101	204
Pharokka_phiMA001_CDS_0041	Pharokka_PV_7BP_CDS_0035	100.000	101	204
Pharokka_phiMA001_CDS_0041	Pharokka_phi11_CDS_0037	100.000	101	204
Pharokka_phiMA001_CDS_0041	Pharokka_phi7A_CDS_0042	100.000	101	204
Pharokka_phiMA001_CDS_0041	Pharokka_phi6A_CDS_0035	100.000	101	204
Pharokka_phiMA001_CDS_0042	Pharokka_phiMA004_CDS_0042	100.000	479	994
Pharokka_phiMA001_CDS_0042	Pharokka_phiMA002_CDS_0042	100.000	479	994
Pharokka_phiMA001_CDS_0042	Pharokka_phiMA001_CDS_0042	100.000	479	994
Pharokka_phiMA001_CDS_0042	Pharokka_PV_12_CDS_0044	99.374	479	991
Pharokka_phiMA001_CDS_0042	Pharokka_phi11_CDS_0038	99.374	479	989
Pharokka_phiMA001_CDS_0042	Pharokka_PV_7BP_CDS_0036	99.374	479	988
Pharokka_phiMA001_CDS_0042	Pharokka_phi7A_CDS_0043	99.165	479	988
Pharokka_phiMA001_CDS_0042	Pharokka_phi6A_CDS_0036	99.374	479	988
Pharokka_phiMA001_CDS_0043	Pharokka_phiMA004_CDS_0043	100.000	168	341
Pharokka_phiMA001_CDS_0043	Pharokka_phiMA002_CDS_0043	100.000	168	341
Pharokka_phiMA001_CDS_0043	Pharokka_phiMA001_CDS_0043	100.000	168	341
Pharokka_phiMA001_CDS_0043	Pharokka_PV_12_CDS_0045	98.214	168	338
Pharokka_phiMA001_CDS_0043	Pharokka_PV_7BP_CDS_0037	97.619	168	334
Pharokka_phiMA001_CDS_0043	Pharokka_phi6A_CDS_0037	97.619	168	334
Pharokka_phiMA001_CDS_0043	Pharokka_phi11_CDS_0039	97.024	168	332
Pharokka_phiMA001_CDS_0043	Pharokka_phi7A_CDS_0044	97.024	168	332
Pharokka_phiMA001_CDS_0043	Pharokka_PV_12_CDS_0046	39.062	64	42.0
Pharokka_phiMA001_CDS_0043	Pharokka_phi7A_CDS_0045	39.683	63	41.6
Pharokka_phiMA001_CDS_0043	Pharokka_phiMA004_CDS_0044	39.683	63	41.2
Pharokka_phiMA001_CDS_0043	Pharokka_phiMA002_CDS_0044	39.683	63	41.2
Pharokka_phiMA001_CDS_0043	Pharokka_phiMA001_CDS_0044	39.683	63	41.2
Pharokka_phiMA001_CDS_0043	Pharokka_PV_7BP_CDS_0038	39.683	63	41.2
Pharokka_phiMA001_CDS_0043	Pharokka_phi11_CDS_0040	39.683	63	41.2
Pharokka_phiMA001_CDS_0043	Pharokka_phi6A_CDS_0038	39.683	63	41.2
Pharokka_phiMA001_CDS_0044	Pharokka_phiMA004_CDS_0044	100.000	73	148
Pharokka_phiMA001_CDS_0044	Pharokka_phiMA002_CDS_0044	100.000	73	148
Pharokka_phiMA001_CDS_0044	Pharokka_phiMA001_CDS_0044	100.000	73	148
Pharokka_phiMA001_CDS_0044	Pharokka_PV_7BP_CDS_0038	98.630	73	147
Pharokka_phiMA001_CDS_0044	Pharokka_phi11_CDS_0040	98.630	73	147
Pharokka_phiMA001_CDS_0044	Pharokka_phi6A_CDS_0038	98.630	73	147
Pharokka_phiMA001_CDS_0044	Pharokka_phi7A_CDS_0045	97.260	73	146
Pharokka_phiMA001_CDS_0044	Pharokka_PV_12_CDS_0046	98.630	73	145
Pharokka_phiMA001_CDS_0044	Pharokka_PV_12_CDS_0045	39.683	63	41.6
Pharokka_phiMA001_CDS_0044	Pharokka_phiMA004_CDS_0043	39.683	63	41.2
Pharokka_phiMA001_CDS_0044	Pharokka_phiMA002_CDS_0043	39.683	63	41.2
Pharokka_phiMA001_CDS_0044	Pharokka_phiMA001_CDS_0043	39.683	63	41.2
Pharokka_phiMA001_CDS_0044	Pharokka_phi11_CDS_0039	38.710	62	41.2
Pharokka_phiMA001_CDS_0044	Pharokka_phi7A_CDS_0044	38.710	62	41.2
Pharokka_phiMA001_CDS_0044	Pharokka_PV_7BP_CDS_0037	39.683	63	40.8
Pharokka_phiMA001_CDS_0044	Pharokka_phi6A_CDS_0037	39.683	63	40.8
Pharokka_phiMA001_CDS_0045	Pharokka_phiMA004_CDS_0045	100.000	595	1235
Pharokka_phiMA001_CDS_0045	Pharokka_phiMA002_CDS_0045	100.000	595	1235
Pharokka_phiMA001_CDS_0045	Pharokka_phiMA001_CDS_0045	100.000	595	1235
Pharokka_phiMA001_CDS_0045	Pharokka_PV_12_CDS_0047	96.807	595	1207
Pharokka_phiMA001_CDS_0045	Pharokka_phi11_CDS_0041	96.807	595	1206
Pharokka_phiMA001_CDS_0045	Pharokka_phi6A_CDS_0039	97.647	595	1206
Pharokka_phiMA001_CDS_0045	Pharokka_phi7A_CDS_0046	96.807	595	1204
Pharokka_phiMA001_CDS_0045	Pharokka_PV_7BP_CDS_0039	97.479	595	1203
Pharokka_phiMA001_CDS_0046	Pharokka_phiMA004_CDS_0046	100.000	223	458
Pharokka_phiMA001_CDS_0046	Pharokka_phiMA002_CDS_0046	100.000	223	458
Pharokka_phiMA001_CDS_0046	Pharokka_phiMA001_CDS_0046	100.000	223	458
Pharokka_phiMA001_CDS_0046	Pharokka_phi11_CDS_0042	100.000	223	458
Pharokka_phiMA001_CDS_0046	Pharokka_phi7A_CDS_0047	100.000	223	458
Pharokka_phiMA001_CDS_0046	Pharokka_PV_12_CDS_0048	99.552	223	455
Pharokka_phiMA001_CDS_0046	Pharokka_PV_7BP_CDS_0040	99.552	223	454
Pharokka_phiMA001_CDS_0046	Pharokka_phi6A_CDS_0040	99.552	223	454
Pharokka_phiMA001_CDS_0047	Pharokka_phiMA004_CDS_0047	100.000	253	529
Pharokka_phiMA001_CDS_0047	Pharokka_phiMA002_CDS_0047	100.000	253	529
Pharokka_phiMA001_CDS_0047	Pharokka_phiMA001_CDS_0047	100.000	253	529
Pharokka_phiMA001_CDS_0047	Pharokka_PV_12_CDS_0049	100.000	253	529
Pharokka_phiMA001_CDS_0047	Pharokka_PV_7BP_CDS_0041	100.000	253	529
Pharokka_phiMA001_CDS_0047	Pharokka_phi6A_CDS_0041	100.000	253	529
Pharokka_phiMA001_CDS_0047	Pharokka_phi7A_CDS_0048	99.605	253	528
Pharokka_phiMA001_CDS_0047	Pharokka_phi11_CDS_0043	99.605	253	527
Pharokka_phiMA001_CDS_0047	Pharokka_phi11_CDS_0047	32.215	149	60.8
Pharokka_phiMA001_CDS_0047	Pharokka_phi7A_CDS_0052	32.215	149	60.8
Pharokka_phiMA001_CDS_0047	Pharokka_PV_12_CDS_0053	32.215	149	60.8
Pharokka_phiMA001_CDS_0047	Pharokka_phiMA004_CDS_0051	32.215	149	59.3
Pharokka_phiMA001_CDS_0047	Pharokka_phiMA002_CDS_0051	32.215	149	59.3
Pharokka_phiMA001_CDS_0047	Pharokka_phiMA001_CDS_0051	32.215	149	59.3
Pharokka_phiMA001_CDS_0047	Pharokka_PV_7BP_CDS_0047	31.852	135	57.8
Pharokka_phiMA001_CDS_0047	Pharokka_phi6A_CDS_0047	31.852	135	57.8
Pharokka_phiMA001_CDS_0048	Pharokka_phiMA004_CDS_0048	100.000	87	170
Pharokka_phiMA001_CDS_0048	Pharokka_phiMA002_CDS_0048	100.000	87	170
Pharokka_phiMA001_CDS_0048	Pharokka_phiMA001_CDS_0048	100.000	87	170
Pharokka_phiMA001_CDS_0048	Pharokka_PV_7BP_CDS_0042	98.851	87	169
Pharokka_phiMA001_CDS_0048	Pharokka_phi11_CDS_0044	98.851	87	169
Pharokka_phiMA001_CDS_0048	Pharokka_phi7A_CDS_0049	98.851	87	169
Pharokka_phiMA001_CDS_0048	Pharokka_phi6A_CDS_0042	98.851	87	169
Pharokka_phiMA001_CDS_0048	Pharokka_PV_12_CDS_0050	97.701	87	167
Pharokka_phiMA001_CDS_0049	Pharokka_phiMA004_CDS_0049	100.000	181	367
Pharokka_phiMA001_CDS_0049	Pharokka_phiMA002_CDS_0049	100.000	181	367
Pharokka_phiMA001_CDS_0049	Pharokka_phiMA001_CDS_0049	100.000	181	367
Pharokka_phiMA001_CDS_0049	Pharokka_PV_12_CDS_0051	100.000	181	367
Pharokka_phiMA001_CDS_0049	Pharokka_PV_7BP_CDS_0043	100.000	181	367
Pharokka_phiMA001_CDS_0049	Pharokka_phi11_CDS_0045	100.000	181	367
Pharokka_phiMA001_CDS_0049	Pharokka_phi6A_CDS_0043	100.000	181	367
Pharokka_phiMA001_CDS_0049	Pharokka_phi7A_CDS_0050	98.895	181	365
Pharokka_phiMA001_CDS_0050	Pharokka_phiMA004_CDS_0050	100.000	167	346
Pharokka_phiMA001_CDS_0050	Pharokka_phiMA002_CDS_0050	100.000	167	346
Pharokka_phiMA001_CDS_0050	Pharokka_phiMA001_CDS_0050	100.000	167	346
Pharokka_phiMA001_CDS_0050	Pharokka_PV_12_CDS_0052	91.617	167	320
Pharokka_phiMA001_CDS_0050	Pharokka_PV_7BP_CDS_0044	91.617	167	320
Pharokka_phiMA001_CDS_0050	Pharokka_phi6A_CDS_0044	91.617	167	320
Pharokka_phiMA001_CDS_0050	Pharokka_phi11_CDS_0046	91.617	167	320
Pharokka_phiMA001_CDS_0050	Pharokka_phi7A_CDS_0051	88.623	167	313
Pharokka_phiMA001_CDS_0051	Pharokka_phiMA004_CDS_0051	100.000	226	476
Pharokka_phiMA001_CDS_0051	Pharokka_phiMA002_CDS_0051	100.000	226	476
Pharokka_phiMA001_CDS_0051	Pharokka_phiMA001_CDS_0051	100.000	226	476
Pharokka_phiMA001_CDS_0051	Pharokka_phi11_CDS_0047	96.903	226	461
Pharokka_phiMA001_CDS_0051	Pharokka_phi7A_CDS_0052	96.903	226	461
Pharokka_phiMA001_CDS_0051	Pharokka_PV_12_CDS_0053	96.460	226	460
Pharokka_phiMA001_CDS_0051	Pharokka_PV_7BP_CDS_0047	96.018	226	456
Pharokka_phiMA001_CDS_0051	Pharokka_phi6A_CDS_0047	96.018	226	456
Pharokka_phiMA001_CDS_0051	Pharokka_phi7A_CDS_0048	32.215	149	59.3
Pharokka_phiMA001_CDS_0051	Pharokka_phiMA004_CDS_0047	32.215	149	59.3
Pharokka_phiMA001_CDS_0051	Pharokka_phiMA002_CDS_0047	32.215	149	59.3
Pharokka_phiMA001_CDS_0051	Pharokka_phiMA001_CDS_0047	32.215	149	59.3
Pharokka_phiMA001_CDS_0051	Pharokka_PV_12_CDS_0049	32.215	149	59.3
Pharokka_phiMA001_CDS_0051	Pharokka_PV_7BP_CDS_0041	32.215	149	59.3
Pharokka_phiMA001_CDS_0051	Pharokka_phi11_CDS_0043	32.215	149	59.3
Pharokka_phiMA001_CDS_0051	Pharokka_phi6A_CDS_0041	32.215	149	59.3
Pharokka_phiMA001_CDS_0052	Pharokka_phiMA004_CDS_0052	100.000	63	126
Pharokka_phiMA001_CDS_0052	Pharokka_phiMA002_CDS_0052	100.000	63	126
Pharokka_phiMA001_CDS_0052	Pharokka_phiMA001_CDS_0052	100.000	63	126
Pharokka_phiMA001_CDS_0052	Pharokka_phi11_CDS_0048	96.825	63	123
Pharokka_phiMA001_CDS_0052	Pharokka_PV_12_CDS_0054	95.238	63	121
Pharokka_phiMA001_CDS_0052	Pharokka_PV_7BP_CDS_0048	95.238	63	121
Pharokka_phiMA001_CDS_0052	Pharokka_phi7A_CDS_0053	95.238	63	121
Pharokka_phiMA001_CDS_0052	Pharokka_phi6A_CDS_0048	95.238	63	121
Pharokka_phiMA001_CDS_0053	Pharokka_phiMA004_CDS_0053	100.000	302	617
Pharokka_phiMA001_CDS_0053	Pharokka_phiMA002_CDS_0053	100.000	302	617
Pharokka_phiMA001_CDS_0053	Pharokka_phiMA001_CDS_0053	100.000	302	617
Pharokka_phiMA001_CDS_0053	Pharokka_PV_12_CDS_0055	100.000	302	617
Pharokka_phiMA001_CDS_0053	Pharokka_phi7A_CDS_0054	99.669	302	614
Pharokka_phiMA001_CDS_0053	Pharokka_PV_7BP_CDS_0049	100.000	300	613
Pharokka_phiMA001_CDS_0053	Pharokka_phi11_CDS_0049	99.338	302	613
Pharokka_phiMA001_CDS_0053	Pharokka_phi6A_CDS_0049	100.000	300	613
Pharokka_phiMA001_CDS_0054	Pharokka_phiMA004_CDS_0054	100.000	148	305
Pharokka_phiMA001_CDS_0054	Pharokka_phiMA002_CDS_0054	100.000	148	305
Pharokka_phiMA001_CDS_0054	Pharokka_phiMA001_CDS_0054	100.000	148	305
Pharokka_phiMA001_CDS_0054	Pharokka_PV_12_CDS_0056	98.649	148	304
Pharokka_phiMA001_CDS_0054	Pharokka_phi7A_CDS_0055	98.649	148	303
Pharokka_phiMA001_CDS_0054	Pharokka_phi11_CDS_0050	98.649	148	302
Pharokka_phiMA001_CDS_0054	Pharokka_PV_7BP_CDS_0050	95.270	148	298
Pharokka_phiMA001_CDS_0054	Pharokka_phi6A_CDS_0050	95.270	148	298
Pharokka_phiMA001_CDS_0055	Pharokka_phiMA004_CDS_0055	100.000	104	202
Pharokka_phiMA001_CDS_0055	Pharokka_phiMA002_CDS_0055	100.000	104	202
Pharokka_phiMA001_CDS_0055	Pharokka_phiMA001_CDS_0055	100.000	104	202
Pharokka_phiMA001_CDS_0055	Pharokka_PV_12_CDS_0057	100.000	104	202
Pharokka_phiMA001_CDS_0055	Pharokka_phi11_CDS_0051	100.000	104	202
Pharokka_phiMA001_CDS_0055	Pharokka_phi7A_CDS_0056	98.077	104	200
Pharokka_phiMA001_CDS_0055	Pharokka_PV_7BP_CDS_0051	94.231	104	195
Pharokka_phiMA001_CDS_0055	Pharokka_phi6A_CDS_0051	94.231	104	195
Pharokka_phiMA001_CDS_0056	Pharokka_phiMA004_CDS_0056	100.000	36	77.8
Pharokka_phiMA001_CDS_0056	Pharokka_phiMA002_CDS_0056	100.000	36	77.8
Pharokka_phiMA001_CDS_0056	Pharokka_phiMA001_CDS_0056	100.000	36	77.8
Pharokka_phiMA001_CDS_0056	Pharokka_phi11_CDS_0052	100.000	36	77.8
Pharokka_phiMA001_CDS_0056	Pharokka_PV_12_CDS_0058	100.000	32	69.3
Pharokka_phiMA001_CDS_0057	Pharokka_phiMA004_CDS_0057	100.000	34	65.9
Pharokka_phiMA001_CDS_0057	Pharokka_phiMA002_CDS_0057	100.000	34	65.9
Pharokka_phiMA001_CDS_0057	Pharokka_phiMA001_CDS_0057	100.000	34	65.9
Pharokka_phiMA001_CDS_0057	Pharokka_phi11_CDS_0053	100.000	34	65.9
Pharokka_phiMA001_CDS_0057	Pharokka_phi7A_CDS_0058	100.000	34	65.9
Pharokka_phiMA001_CDS_0057	Pharokka_PV_7BP_CDS_0053	94.118	34	61.2
Pharokka_phiMA001_CDS_0057	Pharokka_phi6A_CDS_0053	94.118	34	61.2
Pharokka_phiMA001_CDS_0058	Pharokka_phiMA004_CDS_0058	100.000	31	63.9
Pharokka_phiMA001_CDS_0058	Pharokka_phiMA002_CDS_0058	100.000	31	63.9
Pharokka_phiMA001_CDS_0058	Pharokka_phiMA001_CDS_0058	100.000	31	63.9
Pharokka_phiMA001_CDS_0058	Pharokka_PV_12_CDS_0060	93.548	31	60.8
Pharokka_phiMA001_CDS_0059	Pharokka_phiMA004_CDS_0059	100.000	381	756
Pharokka_phiMA001_CDS_0059	Pharokka_phiMA002_CDS_0059	100.000	381	756
Pharokka_phiMA001_CDS_0059	Pharokka_phiMA001_CDS_0059	100.000	381	756
Pharokka_phiMA001_CDS_0059	Pharokka_phi7A_CDS_0059	98.688	381	742
Pharokka_phiMA001_CDS_0059	Pharokka_PV_7BP_CDS_0054	98.688	381	741
Pharokka_phiMA001_CDS_0059	Pharokka_phi6A_CDS_0054	98.688	381	741
Pharokka_phiMA001_CDS_0059	Pharokka_phi11_CDS_0054	98.163	381	733
Pharokka_phiMA001_CDS_0059	Pharokka_PV_12_CDS_0062	96.850	381	726
Pharokka_phiMA001_CDS_0060	Pharokka_phiMA004_CDS_0060	100.000	38	79.0
Pharokka_phiMA001_CDS_0060	Pharokka_phiMA002_CDS_0060	100.000	38	79.0
Pharokka_phiMA001_CDS_0060	Pharokka_phiMA001_CDS_0060	100.000	38	79.0
Pharokka_phiMA001_CDS_0060	Pharokka_PV_12_CDS_0063	97.368	38	77.4
Pharokka_phiMA001_CDS_0060	Pharokka_phi11_CDS_0055	97.368	38	75.1
Pharokka_phiMA001_CDS_0060	Pharokka_phi7A_CDS_0060	97.368	38	75.1
Pharokka_phiMA001_CDS_0061	Pharokka_phiMA004_CDS_0061	100.000	51	99.8
Pharokka_phiMA001_CDS_0061	Pharokka_phiMA002_CDS_0061	100.000	51	99.8
Pharokka_phiMA001_CDS_0061	Pharokka_phiMA001_CDS_0061	100.000	51	99.8
Pharokka_phiMA001_CDS_0061	Pharokka_phi7A_CDS_0061	94.000	50	91.7
Pharokka_phiMA001_CDS_0061	Pharokka_phi11_CDS_0056	94.000	50	89.7
Pharokka_phiMA001_CDS_0062	Pharokka_phiMA004_CDS_0062	100.000	48	99.4
Pharokka_phiMA001_CDS_0062	Pharokka_phiMA002_CDS_0062	100.000	48	99.4
Pharokka_phiMA001_CDS_0062	Pharokka_phiMA001_CDS_0062	100.000	48	99.4
Pharokka_phiMA001_CDS_0062	Pharokka_phi11_CDS_0057	95.833	48	94.4
Pharokka_phiMA001_CDS_0062	Pharokka_PV_12_CDS_0065	87.097	31	58.5
Pharokka_phiMA001_CDS_0063	Pharokka_phiMA004_CDS_0063	100.000	69	143
Pharokka_phiMA001_CDS_0063	Pharokka_phiMA002_CDS_0063	100.000	69	143
Pharokka_phiMA001_CDS_0063	Pharokka_phiMA001_CDS_0063	100.000	69	143
Pharokka_phiMA001_CDS_0063	Pharokka_phi11_CDS_0058	100.000	69	143
Pharokka_phiMA001_CDS_0064	Pharokka_phiMA004_CDS_0064	100.000	46	95.5
Pharokka_phiMA001_CDS_0064	Pharokka_phiMA002_CDS_0064	100.000	46	95.5
Pharokka_phiMA001_CDS_0064	Pharokka_phiMA001_CDS_0064	100.000	46	95.5
Pharokka_phiMA001_CDS_0065	Pharokka_phiMA004_CDS_0065	100.000	266	543
Pharokka_phiMA001_CDS_0065	Pharokka_phiMA002_CDS_0065	100.000	266	543
Pharokka_phiMA001_CDS_0065	Pharokka_phiMA001_CDS_0065	100.000	266	543
Pharokka_phiMA001_CDS_0065	Pharokka_phi7A_CDS_0063	93.609	266	506
Pharokka_phiMA001_CDS_0065	Pharokka_phi11_CDS_0059	93.985	266	504
Pharokka_phiMA001_CDS_0065	Pharokka_PV_12_CDS_0066	92.481	266	497
Pharokka_phiMA001_CDS_0065	Pharokka_phi6A_CDS_0057	90.602	266	485
Pharokka_phiMA001_CDS_0065	Pharokka_PV_7BP_CDS_0057	90.226	266	484
Pharokka_phiMA001_CDS_0066	Pharokka_phiMA004_CDS_0066	100.000	43	90.1
Pharokka_phiMA001_CDS_0066	Pharokka_phiMA002_CDS_0066	100.000	43	90.1
Pharokka_phiMA001_CDS_0066	Pharokka_phiMA001_CDS_0066	100.000	43	90.1
Pharokka_phiMA001_CDS_0066	Pharokka_PV_7BP_CDS_0058	100.000	43	90.1
Pharokka_phiMA001_CDS_0066	Pharokka_phi11_CDS_0060	100.000	43	90.1
Pharokka_phiMA001_CDS_0066	Pharokka_phi7A_CDS_0064	100.000	43	90.1
Pharokka_phiMA001_CDS_0066	Pharokka_phi6A_CDS_0058	100.000	43	90.1
Pharokka_phiMA001_CDS_0066	Pharokka_PV_12_CDS_0067	97.674	43	88.6
Pharokka_phiMA001_CDS_0067	Pharokka_phiMA004_CDS_0067	100.000	45	86.7
Pharokka_phiMA001_CDS_0067	Pharokka_phiMA002_CDS_0067	100.000	45	86.7
Pharokka_phiMA001_CDS_0067	Pharokka_phiMA001_CDS_0067	100.000	45	86.7
Pharokka_phiMA001_CDS_0067	Pharokka_PV_12_CDS_0068	97.778	45	85.1
Pharokka_phiMA001_CDS_0067	Pharokka_PV_7BP_CDS_0059	97.778	45	85.1
Pharokka_phiMA001_CDS_0067	Pharokka_phi11_CDS_0061	97.778	45	85.1
Pharokka_phiMA001_CDS_0067	Pharokka_phi7A_CDS_0065	97.778	45	85.1
Pharokka_phiMA001_CDS_0067	Pharokka_phi6A_CDS_0059	97.778	45	85.1
Pharokka_phiMA001_CDS_0068	Pharokka_phiMA004_CDS_0068	100.000	36	76.3
Pharokka_phiMA001_CDS_0068	Pharokka_phiMA002_CDS_0068	100.000	36	76.3
Pharokka_phiMA001_CDS_0068	Pharokka_phiMA001_CDS_0068	100.000	36	76.3
Pharokka_phiMA001_CDS_0068	Pharokka_PV_7BP_CDS_0060	100.000	36	76.3
Pharokka_phiMA001_CDS_0068	Pharokka_phi11_CDS_0062	100.000	36	76.3
Pharokka_phiMA001_CDS_0068	Pharokka_phi6A_CDS_0060	100.000	36	76.3
Pharokka_phiMA001_CDS_0068	Pharokka_PV_12_CDS_0069	97.222	36	73.6
Pharokka_phiMA001_CDS_0068	Pharokka_phi7A_CDS_0066	97.222	36	73.6
Pharokka_phiMA001_CDS_0069	Pharokka_phiMA004_CDS_0069	100.000	37	80.1
Pharokka_phiMA001_CDS_0069	Pharokka_phiMA002_CDS_0069	100.000	37	80.1
Pharokka_phiMA001_CDS_0069	Pharokka_phiMA001_CDS_0069	100.000	37	80.1
Pharokka_phiMA001_CDS_0069	Pharokka_PV_12_CDS_0070	100.000	37	80.1
Pharokka_phiMA001_CDS_0069	Pharokka_phi11_CDS_0063	100.000	37	80.1
Pharokka_phiMA001_CDS_0069	Pharokka_PV_7BP_CDS_0061	97.297	37	79.0
Pharokka_phiMA001_CDS_0069	Pharokka_phi6A_CDS_0061	97.297	37	79.0
Pharokka_phiMA001_CDS_0070	Pharokka_phiMA004_CDS_0071	100.000	34	70.9
Pharokka_phiMA001_CDS_0070	Pharokka_phiMA002_CDS_0070	100.000	34	70.9
Pharokka_phiMA001_CDS_0070	Pharokka_phiMA001_CDS_0070	100.000	34	70.9
Pharokka_phiMA001_CDS_0070	Pharokka_phi11_CDS_0064	97.059	34	68.9
Pharokka_phiMA001_CDS_0070	Pharokka_phiMA004_CDS_0070	96.774	31	64.7
Pharokka_phiMA001_CDS_0070	Pharokka_PV_12_CDS_0071	88.235	34	60.5
Pharokka_phiMA001_CDS_0070	Pharokka_PV_7BP_CDS_0063	79.412	34	57.0
Pharokka_phiMA001_CDS_0070	Pharokka_phi6A_CDS_0062	79.412	34	56.6
Pharokka_phiMA001_CDS_0070	Pharokka_phi6A_CDS_0063	79.412	34	56.2
Pharokka_phiMA001_CDS_0070	Pharokka_phi6A_CDS_0064	76.471	34	53.5
Pharokka_phiMA001_CDS_0070	Pharokka_PV_7BP_CDS_0062	76.471	34	52.8
Pharokka_phiMA001_CDS_0071	Pharokka_phiMA004_CDS_0072	100.000	39	80.1
Pharokka_phiMA001_CDS_0071	Pharokka_phiMA002_CDS_0071	100.000	39	80.1
Pharokka_phiMA001_CDS_0071	Pharokka_phiMA001_CDS_0071	100.000	39	80.1
Pharokka_phiMA001_CDS_0071	Pharokka_PV_12_CDS_0072	94.872	39	75.1
Pharokka_phiMA001_CDS_0071	Pharokka_phi11_CDS_0065	94.872	39	75.1
Pharokka_phiMA001_CDS_0071	Pharokka_phi6A_CDS_0065	94.872	39	75.1
Pharokka_phiMA001_CDS_0072	Pharokka_phiMA004_CDS_0073	100.000	44	87.8
Pharokka_phiMA001_CDS_0072	Pharokka_phiMA002_CDS_0072	100.000	44	87.8
Pharokka_phiMA001_CDS_0072	Pharokka_phiMA001_CDS_0072	100.000	44	87.8
Pharokka_phiMA001_CDS_0072	Pharokka_phi11_CDS_0066	95.455	44	84.3
Pharokka_phiMA001_CDS_0072	Pharokka_phi7A_CDS_0069	95.455	44	84.3
Pharokka_phiMA001_CDS_0072	Pharokka_PV_7BP_CDS_0065	93.182	44	82.8
Pharokka_phiMA001_CDS_0072	Pharokka_PV_12_CDS_0073	90.909	44	78.6
Pharokka_phiMA001_CDS_0073	Pharokka_phiMA004_CDS_0074	100.000	39	83.2
Pharokka_phiMA001_CDS_0073	Pharokka_phiMA002_CDS_0073	100.000	39	83.2
Pharokka_phiMA001_CDS_0073	Pharokka_phiMA001_CDS_0073	100.000	39	83.2
Pharokka_phiMA001_CDS_0073	Pharokka_PV_12_CDS_0074	100.000	39	83.2
Pharokka_phiMA001_CDS_0073	Pharokka_phi11_CDS_0067	97.436	39	81.6
Pharokka_phiMA001_CDS_0073	Pharokka_phi7A_CDS_0070	97.436	39	81.6
Pharokka_phiMA001_CDS_0074	Pharokka_phiMA004_CDS_0075	100.000	44	89.0
Pharokka_phiMA001_CDS_0074	Pharokka_phiMA002_CDS_0074	100.000	44	89.0
Pharokka_phiMA001_CDS_0074	Pharokka_phiMA001_CDS_0074	100.000	44	89.0
Pharokka_phiMA001_CDS_0074	Pharokka_PV_12_CDS_0075	97.727	44	87.4
Pharokka_phiMA001_CDS_0074	Pharokka_phi11_CDS_0068	97.727	44	85.5
Pharokka_phiMA001_CDS_0074	Pharokka_phi7A_CDS_0071	97.727	44	85.5
Pharokka_phiMA001_CDS_0075	Pharokka_phiMA004_CDS_0076	100.000	236	476
Pharokka_phiMA001_CDS_0075	Pharokka_phiMA002_CDS_0075	100.000	236	476
Pharokka_phiMA001_CDS_0075	Pharokka_phiMA001_CDS_0075	100.000	236	476
Pharokka_phiMA001_CDS_0075	Pharokka_PV_12_CDS_0076	100.000	236	476
Pharokka_phiMA001_CDS_0075	Pharokka_PV_7BP_CDS_0068	100.000	236	476
Pharokka_phiMA001_CDS_0075	Pharokka_phi11_CDS_0069	100.000	236	476
Pharokka_phiMA001_CDS_0075	Pharokka_phi7A_CDS_0072	100.000	236	476
Pharokka_phiMA001_CDS_0075	Pharokka_phi6A_CDS_0069	100.000	236	476
Pharokka_phiMA001_CDS_0076	Pharokka_phiMA004_CDS_0077	100.000	247	504
Pharokka_phiMA001_CDS_0076	Pharokka_phiMA002_CDS_0076	100.000	247	504
Pharokka_phiMA001_CDS_0076	Pharokka_phiMA001_CDS_0076	100.000	247	504
Pharokka_phiMA001_CDS_0076	Pharokka_PV_12_CDS_0077	99.190	247	501
Pharokka_phiMA001_CDS_0076	Pharokka_phi11_CDS_0070	99.190	247	501
Pharokka_phiMA001_CDS_0076	Pharokka_phi7A_CDS_0073	93.117	247	477
Pharokka_phiMA001_CDS_0076	Pharokka_PV_7BP_CDS_0069	33.990	203	106
Pharokka_phiMA001_CDS_0076	Pharokka_phi6A_CDS_0070	33.990	203	106
Pharokka_phiMA002_CDS_0001	Pharokka_phiMA004_CDS_0001	100.000	501	1054
Pharokka_phiMA002_CDS_0001	Pharokka_phiMA002_CDS_0001	100.000	501	1054
Pharokka_phiMA002_CDS_0001	Pharokka_phiMA001_CDS_0001	100.000	501	1054
Pharokka_phiMA002_CDS_0001	Pharokka_PV_12_CDS_0001	100.000	501	1054
Pharokka_phiMA002_CDS_0001	Pharokka_phi7A_CDS_0001	100.000	501	1054
Pharokka_phiMA002_CDS_0001	Pharokka_phi11_CDS_0001	99.800	501	1052
Pharokka_phiMA002_CDS_0001	Pharokka_PV_7BP_CDS_0001	99.791	479	1011
Pharokka_phiMA002_CDS_0001	Pharokka_phi6A_CDS_0001	99.791	479	1011
Pharokka_phiMA002_CDS_0002	Pharokka_phiMA004_CDS_0002	100.000	220	456
Pharokka_phiMA002_CDS_0002	Pharokka_phiMA002_CDS_0002	100.000	220	456
Pharokka_phiMA002_CDS_0002	Pharokka_phiMA001_CDS_0002	100.000	220	456
Pharokka_phiMA002_CDS_0002	Pharokka_phi6A_CDS_0002	97.273	220	445
Pharokka_phiMA002_CDS_0002	Pharokka_PV_7BP_CDS_0002	96.818	220	444
Pharokka_phiMA002_CDS_0002	Pharokka_PV_12_CDS_0002	97.727	220	443
Pharokka_phiMA002_CDS_0002	Pharokka_phi11_CDS_0002	96.789	218	442
Pharokka_phiMA002_CDS_0002	Pharokka_phi7A_CDS_0002	97.696	217	441
Pharokka_phiMA002_CDS_0003	Pharokka_phiMA004_CDS_0003	100.000	596	1232
Pharokka_phiMA002_CDS_0003	Pharokka_phiMA002_CDS_0003	100.000	596	1232
Pharokka_phiMA002_CDS_0003	Pharokka_phiMA001_CDS_0003	100.000	596	1232
Pharokka_phiMA002_CDS_0003	Pharokka_phi7A_CDS_0003	99.329	596	1224
Pharokka_phiMA002_CDS_0003	Pharokka_PV_12_CDS_0003	98.993	596	1221
Pharokka_phiMA002_CDS_0003	Pharokka_phi11_CDS_0003	98.826	596	1220
Pharokka_phiMA002_CDS_0003	Pharokka_PV_7BP_CDS_0003	98.490	596	1218
Pharokka_phiMA002_CDS_0003	Pharokka_phi6A_CDS_0003	98.490	596	1218
Pharokka_phiMA002_CDS_0004	Pharokka_phiMA004_CDS_0004	100.000	144	296
Pharokka_phiMA002_CDS_0004	Pharokka_phiMA002_CDS_0004	100.000	144	296
Pharokka_phiMA002_CDS_0004	Pharokka_phiMA001_CDS_0004	100.000	144	296
Pharokka_phiMA002_CDS_0004	Pharokka_phi11_CDS_0004	98.611	144	292
Pharokka_phiMA002_CDS_0004	Pharokka_phi7A_CDS_0004	96.528	144	285
Pharokka_phiMA002_CDS_0004	Pharokka_PV_7BP_CDS_0004	97.842	139	281
Pharokka_phiMA002_CDS_0004	Pharokka_phi6A_CDS_0004	97.842	139	281
Pharokka_phiMA002_CDS_0004	Pharokka_PV_12_CDS_0004	96.403	139	278
Pharokka_phiMA002_CDS_0005	Pharokka_phiMA004_CDS_0005	100.000	317	634
Pharokka_phiMA002_CDS_0005	Pharokka_phiMA002_CDS_0005	100.000	317	634
Pharokka_phiMA002_CDS_0005	Pharokka_phiMA001_CDS_0005	100.000	317	634
Pharokka_phiMA002_CDS_0005	Pharokka_phi7A_CDS_0005	99.685	317	629
Pharokka_phiMA002_CDS_0005	Pharokka_PV_12_CDS_0005	99.054	317	625
Pharokka_phiMA002_CDS_0005	Pharokka_phi11_CDS_0005	99.054	317	625
Pharokka_phiMA002_CDS_0005	Pharokka_PV_7BP_CDS_0005	98.423	317	624
Pharokka_phiMA002_CDS_0005	Pharokka_phi6A_CDS_0005	98.423	317	624
Pharokka_phiMA002_CDS_0006	Pharokka_phiMA002_CDS_0006	100.000	370	764
Pharokka_phiMA002_CDS_0006	Pharokka_phiMA001_CDS_0006	100.000	370	764
Pharokka_phiMA002_CDS_0006	Pharokka_phiMA004_CDS_0006	99.730	370	761
Pharokka_phiMA002_CDS_0006	Pharokka_phi7A_CDS_0006	99.191	371	758
Pharokka_phiMA002_CDS_0006	Pharokka_phi11_CDS_0006	98.652	371	754
Pharokka_phiMA002_CDS_0006	Pharokka_PV_12_CDS_0006	98.652	371	754
Pharokka_phiMA002_CDS_0006	Pharokka_PV_7BP_CDS_0006	98.383	371	753
Pharokka_phiMA002_CDS_0006	Pharokka_phi6A_CDS_0006	98.383	371	753
Pharokka_phiMA002_CDS_0007	Pharokka_phiMA004_CDS_0007	100.000	41	80.5
Pharokka_phiMA002_CDS_0007	Pharokka_phiMA002_CDS_0007	100.000	41	80.5
Pharokka_phiMA002_CDS_0007	Pharokka_phiMA001_CDS_0007	100.000	41	80.5
Pharokka_phiMA002_CDS_0007	Pharokka_phi7A_CDS_0008	100.000	25	50.1
Pharokka_phiMA002_CDS_0007	Pharokka_PV_7BP_CDS_0008	88.462	26	48.5
Pharokka_phiMA002_CDS_0007	Pharokka_phi6A_CDS_0008	88.462	26	48.5
Pharokka_phiMA002_CDS_0007	Pharokka_phi11_CDS_0008	88.462	26	48.5
Pharokka_phiMA002_CDS_0007	Pharokka_PV_12_CDS_0008	88.462	26	48.5
Pharokka_phiMA002_CDS_0008	Pharokka_phiMA004_CDS_0008	100.000	432	898
Pharokka_phiMA002_CDS_0008	Pharokka_phiMA002_CDS_0008	100.000	432	898
Pharokka_phiMA002_CDS_0008	Pharokka_phiMA001_CDS_0008	100.000	432	898
Pharokka_phiMA002_CDS_0008	Pharokka_phi7A_CDS_0009	99.769	432	897
Pharokka_phiMA002_CDS_0008	Pharokka_PV_7BP_CDS_0009	99.537	432	895
Pharokka_phiMA002_CDS_0008	Pharokka_phi6A_CDS_0009	99.537	432	895
Pharokka_phiMA002_CDS_0008	Pharokka_PV_12_CDS_0009	99.537	432	893
Pharokka_phiMA002_CDS_0008	Pharokka_phi11_CDS_0009	99.306	432	893
Pharokka_phiMA002_CDS_0009	Pharokka_phiMA004_CDS_0009	100.000	146	297
Pharokka_phiMA002_CDS_0009	Pharokka_phiMA002_CDS_0009	100.000	146	297
Pharokka_phiMA002_CDS_0009	Pharokka_phiMA001_CDS_0009	100.000	146	297
Pharokka_phiMA002_CDS_0009	Pharokka_PV_7BP_CDS_0010	99.315	146	296
Pharokka_phiMA002_CDS_0009	Pharokka_phi7A_CDS_0010	99.315	146	296
Pharokka_phiMA002_CDS_0009	Pharokka_phi6A_CDS_0010	99.315	146	296
Pharokka_phiMA002_CDS_0009	Pharokka_PV_12_CDS_0010	98.630	146	295
Pharokka_phiMA002_CDS_0009	Pharokka_phi11_CDS_0010	98.630	146	294
Pharokka_phiMA002_CDS_0010	Pharokka_phiMA004_CDS_0010	100.000	211	434
Pharokka_phiMA002_CDS_0010	Pharokka_phiMA002_CDS_0010	100.000	211	434
Pharokka_phiMA002_CDS_0010	Pharokka_phiMA001_CDS_0010	100.000	211	434
Pharokka_phiMA002_CDS_0010	Pharokka_PV_7BP_CDS_0011	99.526	211	434
Pharokka_phiMA002_CDS_0010	Pharokka_phi6A_CDS_0011	99.526	211	434
Pharokka_phiMA002_CDS_0010	Pharokka_PV_12_CDS_0011	99.052	211	433
Pharokka_phiMA002_CDS_0010	Pharokka_phi11_CDS_0011	99.052	211	433
Pharokka_phiMA002_CDS_0010	Pharokka_phi7A_CDS_0011	99.052	211	433
Pharokka_phiMA002_CDS_0011	Pharokka_phiMA004_CDS_0011	100.000	87	170
Pharokka_phiMA002_CDS_0011	Pharokka_phiMA002_CDS_0011	100.000	87	170
Pharokka_phiMA002_CDS_0011	Pharokka_phiMA001_CDS_0011	100.000	87	170
Pharokka_phiMA002_CDS_0011	Pharokka_PV_7BP_CDS_0012	97.701	87	169
Pharokka_phiMA002_CDS_0011	Pharokka_phi6A_CDS_0012	97.701	87	169
Pharokka_phiMA002_CDS_0011	Pharokka_PV_12_CDS_0012	98.851	87	169
Pharokka_phiMA002_CDS_0011	Pharokka_phi11_CDS_0012	98.851	87	169
Pharokka_phiMA002_CDS_0011	Pharokka_phi7A_CDS_0012	98.851	87	169
Pharokka_phiMA002_CDS_0012	Pharokka_phiMA004_CDS_0012	100.000	253	513
Pharokka_phiMA002_CDS_0012	Pharokka_phiMA002_CDS_0012	100.000	253	513
Pharokka_phiMA002_CDS_0012	Pharokka_phiMA001_CDS_0012	100.000	253	513
Pharokka_phiMA002_CDS_0012	Pharokka_PV_12_CDS_0013	99.209	253	509
Pharokka_phiMA002_CDS_0012	Pharokka_phi11_CDS_0013	99.209	253	509
Pharokka_phiMA002_CDS_0012	Pharokka_phi7A_CDS_0013	99.209	253	509
Pharokka_phiMA002_CDS_0012	Pharokka_PV_7BP_CDS_0013	98.814	253	509
Pharokka_phiMA002_CDS_0012	Pharokka_phi6A_CDS_0013	98.814	253	509
Pharokka_phiMA002_CDS_0013	Pharokka_phiMA004_CDS_0013	100.000	1181	2364
Pharokka_phiMA002_CDS_0013	Pharokka_phiMA002_CDS_0013	100.000	1181	2364
Pharokka_phiMA002_CDS_0013	Pharokka_phiMA001_CDS_0013	100.000	1181	2364
Pharokka_phiMA002_CDS_0013	Pharokka_PV_12_CDS_0014	99.915	1181	2362
Pharokka_phiMA002_CDS_0013	Pharokka_phi7A_CDS_0014	99.831	1181	2362
Pharokka_phiMA002_CDS_0013	Pharokka_phi11_CDS_0014	99.492	1181	2355
Pharokka_phiMA002_CDS_0013	Pharokka_PV_7BP_CDS_0014	99.238	1181	2350
Pharokka_phiMA002_CDS_0013	Pharokka_phi6A_CDS_0014	99.238	1181	2350
Pharokka_phiMA002_CDS_0014	Pharokka_phiMA004_CDS_0014	100.000	726	1506
Pharokka_phiMA002_CDS_0014	Pharokka_phiMA002_CDS_0014	100.000	726	1506
Pharokka_phiMA002_CDS_0014	Pharokka_phiMA001_CDS_0014	100.000	726	1506
Pharokka_phiMA002_CDS_0014	Pharokka_phi11_CDS_0015	100.000	726	1506
Pharokka_phiMA002_CDS_0014	Pharokka_phi7A_CDS_0015	100.000	726	1506
Pharokka_phiMA002_CDS_0014	Pharokka_PV_12_CDS_0015	99.862	726	1504
Pharokka_phiMA002_CDS_0014	Pharokka_PV_7BP_CDS_0015	97.658	726	1472
Pharokka_phiMA002_CDS_0014	Pharokka_phi6A_CDS_0015	97.658	726	1472
Pharokka_phiMA002_CDS_0015	Pharokka_phiMA004_CDS_0015	100.000	1719	3520
Pharokka_phiMA002_CDS_0015	Pharokka_phiMA002_CDS_0015	100.000	1719	3520
Pharokka_phiMA002_CDS_0015	Pharokka_phiMA001_CDS_0015	100.000	1719	3520
Pharokka_phiMA002_CDS_0015	Pharokka_PV_12_CDS_0016	97.209	1720	3430
Pharokka_phiMA002_CDS_0015	Pharokka_phi11_CDS_0016	96.594	969	1922
Pharokka_phiMA002_CDS_0015	Pharokka_phi11_CDS_0016	72.152	632	838
Pharokka_phiMA002_CDS_0015	Pharokka_phi7A_CDS_0016	96.491	969	1919
Pharokka_phiMA002_CDS_0015	Pharokka_phi7A_CDS_0016	71.384	636	842
Pharokka_phiMA002_CDS_0015	Pharokka_PV_7BP_CDS_0016	95.459	969	1822
Pharokka_phiMA002_CDS_0015	Pharokka_PV_7BP_CDS_0016	97.819	596	1153
Pharokka_phiMA002_CDS_0015	Pharokka_phi6A_CDS_0016	95.459	969	1822
Pharokka_phiMA002_CDS_0015	Pharokka_phi6A_CDS_0016	97.819	596	1153
Pharokka_phiMA002_CDS_0016	Pharokka_phiMA004_CDS_0016	100.000	105	208
Pharokka_phiMA002_CDS_0016	Pharokka_phiMA002_CDS_0016	100.000	105	208
Pharokka_phiMA002_CDS_0016	Pharokka_phiMA001_CDS_0016	100.000	105	208
Pharokka_phiMA002_CDS_0016	Pharokka_phi11_CDS_0017	95.146	103	197
Pharokka_phiMA002_CDS_0016	Pharokka_PV_12_CDS_0017	95.146	103	196
Pharokka_phiMA002_CDS_0016	Pharokka_phi7A_CDS_0017	95.146	103	196
Pharokka_phiMA002_CDS_0016	Pharokka_PV_7BP_CDS_0017	94.286	105	196
Pharokka_phiMA002_CDS_0016	Pharokka_phi6A_CDS_0017	94.286	105	196
Pharokka_phiMA002_CDS_0017	Pharokka_phiMA004_CDS_0017	100.000	100	201
Pharokka_phiMA002_CDS_0017	Pharokka_phiMA002_CDS_0017	100.000	100	201
Pharokka_phiMA002_CDS_0017	Pharokka_phiMA001_CDS_0017	100.000	100	201
Pharokka_phiMA002_CDS_0017	Pharokka_PV_7BP_CDS_0018	100.000	100	201
Pharokka_phiMA002_CDS_0017	Pharokka_phi6A_CDS_0018	100.000	100	201
Pharokka_phiMA002_CDS_0017	Pharokka_PV_12_CDS_0018	98.000	100	197
Pharokka_phiMA002_CDS_0017	Pharokka_phi11_CDS_0018	98.000	100	197
Pharokka_phiMA002_CDS_0017	Pharokka_phi7A_CDS_0018	97.000	100	195
Pharokka_phiMA002_CDS_0018	Pharokka_phiMA004_CDS_0018	100.000	41	79.7
Pharokka_phiMA002_CDS_0018	Pharokka_phiMA002_CDS_0018	100.000	41	79.7
Pharokka_phiMA002_CDS_0018	Pharokka_phiMA001_CDS_0018	100.000	41	79.7
Pharokka_phiMA002_CDS_0018	Pharokka_phi11_CDS_0019	100.000	41	79.7
Pharokka_phiMA002_CDS_0018	Pharokka_phi7A_CDS_0019	100.000	41	79.7
Pharokka_phiMA002_CDS_0018	Pharokka_PV_12_CDS_0019	97.561	41	77.0
Pharokka_phiMA002_CDS_0019	Pharokka_phiMA004_CDS_0019	100.000	157	325
Pharokka_phiMA002_CDS_0019	Pharokka_phiMA002_CDS_0019	100.000	157	325
Pharokka_phiMA002_CDS_0019	Pharokka_phiMA001_CDS_0019	100.000	157	325
Pharokka_phiMA002_CDS_0019	Pharokka_phi7A_CDS_0020	98.742	159	319
Pharokka_phiMA002_CDS_0019	Pharokka_PV_12_CDS_0020	98.529	136	270
Pharokka_phiMA002_CDS_0019	Pharokka_phi11_CDS_0020	97.297	37	78.2
Pharokka_phiMA002_CDS_0020	Pharokka_phiMA004_CDS_0020	100.000	96	194
Pharokka_phiMA002_CDS_0020	Pharokka_phiMA002_CDS_0020	100.000	96	194
Pharokka_phiMA002_CDS_0020	Pharokka_phiMA001_CDS_0020	100.000	96	194
Pharokka_phiMA002_CDS_0020	Pharokka_PV_12_CDS_0021	100.000	96	194
Pharokka_phiMA002_CDS_0020	Pharokka_phi7A_CDS_0021	97.917	96	191
Pharokka_phiMA002_CDS_0021	Pharokka_phiMA004_CDS_0021	100.000	149	307
Pharokka_phiMA002_CDS_0021	Pharokka_phiMA002_CDS_0021	100.000	149	307
Pharokka_phiMA002_CDS_0021	Pharokka_phiMA001_CDS_0021	100.000	149	307
Pharokka_phiMA002_CDS_0021	Pharokka_PV_12_CDS_0022	99.329	149	306
Pharokka_phiMA002_CDS_0021	Pharokka_phi7A_CDS_0022	99.329	149	306
Pharokka_phiMA002_CDS_0022	Pharokka_phiMA004_CDS_0022	100.000	129	262
Pharokka_phiMA002_CDS_0022	Pharokka_phiMA002_CDS_0022	100.000	129	262
Pharokka_phiMA002_CDS_0022	Pharokka_phiMA001_CDS_0022	100.000	129	262
Pharokka_phiMA002_CDS_0022	Pharokka_phi7A_CDS_0023	99.225	129	261
Pharokka_phiMA002_CDS_0022	Pharokka_PV_12_CDS_0024	94.444	54	108
Pharokka_phiMA002_CDS_0022	Pharokka_PV_12_CDS_0023	100.000	46	96.3
Pharokka_phiMA002_CDS_0023	Pharokka_phiMA004_CDS_0023	100.000	84	167
Pharokka_phiMA002_CDS_0023	Pharokka_phiMA002_CDS_0023	100.000	84	167
Pharokka_phiMA002_CDS_0023	Pharokka_phiMA001_CDS_0023	100.000	84	167
Pharokka_phiMA002_CDS_0023	Pharokka_phi7A_CDS_0024	100.000	84	167
Pharokka_phiMA002_CDS_0023	Pharokka_PV_12_CDS_0025	98.810	84	165
Pharokka_phiMA002_CDS_0024	Pharokka_phiMA004_CDS_0024	100.000	89	183
Pharokka_phiMA002_CDS_0024	Pharokka_phiMA002_CDS_0024	100.000	89	183
Pharokka_phiMA002_CDS_0024	Pharokka_phiMA001_CDS_0024	100.000	89	183
Pharokka_phiMA002_CDS_0024	Pharokka_PV_12_CDS_0026	98.876	89	180
Pharokka_phiMA002_CDS_0024	Pharokka_phi7A_CDS_0025	98.876	89	180
Pharokka_phiMA002_CDS_0024	Pharokka_phi11_CDS_0020	98.462	65	135
Pharokka_phiMA002_CDS_0025	Pharokka_phiMA004_CDS_0025	100.000	173	363
Pharokka_phiMA002_CDS_0025	Pharokka_phiMA002_CDS_0025	100.000	173	363
Pharokka_phiMA002_CDS_0025	Pharokka_phiMA001_CDS_0025	100.000	173	363
Pharokka_phiMA002_CDS_0025	Pharokka_PV_12_CDS_0027	100.000	173	363
Pharokka_phiMA002_CDS_0025	Pharokka_phi11_CDS_0021	98.844	173	359
Pharokka_phiMA002_CDS_0025	Pharokka_phi7A_CDS_0026	98.844	173	358
Pharokka_phiMA002_CDS_0025	Pharokka_PV_7BP_CDS_0019	98.462	65	139
Pharokka_phiMA002_CDS_0025	Pharokka_phi6A_CDS_0019	98.462	65	139
Pharokka_phiMA002_CDS_0026	Pharokka_phiMA004_CDS_0026	100.000	154	315
Pharokka_phiMA002_CDS_0026	Pharokka_phiMA002_CDS_0026	100.000	154	315
Pharokka_phiMA002_CDS_0026	Pharokka_phiMA001_CDS_0026	100.000	154	315
Pharokka_phiMA002_CDS_0026	Pharokka_PV_12_CDS_0028	100.000	154	315
Pharokka_phiMA002_CDS_0026	Pharokka_PV_7BP_CDS_0020	100.000	154	315
Pharokka_phiMA002_CDS_0026	Pharokka_phi11_CDS_0022	100.000	154	315
Pharokka_phiMA002_CDS_0026	Pharokka_phi7A_CDS_0027	100.000	154	315
Pharokka_phiMA002_CDS_0026	Pharokka_phi6A_CDS_0020	100.000	154	315
Pharokka_phiMA002_CDS_0027	Pharokka_phiMA004_CDS_0027	100.000	172	347
Pharokka_phiMA002_CDS_0027	Pharokka_phiMA002_CDS_0027	100.000	172	347
Pharokka_phiMA002_CDS_0027	Pharokka_phiMA001_CDS_0027	100.000	172	347
Pharokka_phiMA002_CDS_0027	Pharokka_phi7A_CDS_0028	100.000	172	347
Pharokka_phiMA002_CDS_0027	Pharokka_PV_7BP_CDS_0021	98.256	172	342
Pharokka_phiMA002_CDS_0027	Pharokka_phi6A_CDS_0021	98.256	172	342
Pharokka_phiMA002_CDS_0027	Pharokka_PV_12_CDS_0029	97.093	172	337
Pharokka_phiMA002_CDS_0027	Pharokka_phi11_CDS_0023	99.310	145	292
Pharokka_phiMA002_CDS_0028	Pharokka_phiMA004_CDS_0028	100.000	142	293
Pharokka_phiMA002_CDS_0028	Pharokka_phiMA002_CDS_0028	100.000	142	293
Pharokka_phiMA002_CDS_0028	Pharokka_phiMA001_CDS_0028	100.000	142	293
Pharokka_phiMA002_CDS_0028	Pharokka_PV_12_CDS_0030	100.000	142	293
Pharokka_phiMA002_CDS_0028	Pharokka_PV_7BP_CDS_0022	100.000	142	293
Pharokka_phiMA002_CDS_0028	Pharokka_phi11_CDS_0024	100.000	142	293
Pharokka_phiMA002_CDS_0028	Pharokka_phi6A_CDS_0022	100.000	142	293
Pharokka_phiMA002_CDS_0028	Pharokka_phi7A_CDS_0029	99.296	142	291
Pharokka_phiMA002_CDS_0029	Pharokka_phiMA004_CDS_0029	100.000	202	399
Pharokka_phiMA002_CDS_0029	Pharokka_phiMA002_CDS_0029	100.000	202	399
Pharokka_phiMA002_CDS_0029	Pharokka_phiMA001_CDS_0029	100.000	202	399
Pharokka_phiMA002_CDS_0029	Pharokka_PV_12_CDS_0031	100.000	202	399
Pharokka_phiMA002_CDS_0029	Pharokka_PV_7BP_CDS_0023	100.000	202	399
Pharokka_phiMA002_CDS_0029	Pharokka_phi6A_CDS_0023	100.000	202	399
Pharokka_phiMA002_CDS_0029	Pharokka_phi11_CDS_0025	99.010	202	394
Pharokka_phiMA002_CDS_0029	Pharokka_phi7A_CDS_0030	99.010	202	394
Pharokka_phiMA002_CDS_0030	Pharokka_phiMA004_CDS_0030	100.000	35	65.5
Pharokka_phiMA002_CDS_0030	Pharokka_phiMA002_CDS_0030	100.000	35	65.5
Pharokka_phiMA002_CDS_0030	Pharokka_phiMA001_CDS_0030	100.000	35	65.5
Pharokka_phiMA002_CDS_0030	Pharokka_PV_12_CDS_0032	100.000	35	65.5
Pharokka_phiMA002_CDS_0030	Pharokka_PV_7BP_CDS_0024	100.000	35	65.5
Pharokka_phiMA002_CDS_0030	Pharokka_phi6A_CDS_0024	100.000	35	65.5
Pharokka_phiMA002_CDS_0030	Pharokka_phi7A_CDS_0031	97.143	35	64.7
Pharokka_phiMA002_CDS_0031	Pharokka_phiMA004_CDS_0031	100.000	33	65.1
Pharokka_phiMA002_CDS_0031	Pharokka_phiMA002_CDS_0031	100.000	33	65.1
Pharokka_phiMA002_CDS_0031	Pharokka_phiMA001_CDS_0031	100.000	33	65.1
Pharokka_phiMA002_CDS_0031	Pharokka_PV_12_CDS_0033	100.000	33	65.1
Pharokka_phiMA002_CDS_0031	Pharokka_PV_7BP_CDS_0025	100.000	33	65.1
Pharokka_phiMA002_CDS_0031	Pharokka_phi11_CDS_0027	100.000	33	65.1
Pharokka_phiMA002_CDS_0031	Pharokka_phi7A_CDS_0032	100.000	33	65.1
Pharokka_phiMA002_CDS_0031	Pharokka_phi6A_CDS_0025	100.000	33	65.1
Pharokka_phiMA002_CDS_0032	Pharokka_phiMA004_CDS_0032	100.000	135	272
Pharokka_phiMA002_CDS_0032	Pharokka_phiMA002_CDS_0032	100.000	135	272
Pharokka_phiMA002_CDS_0032	Pharokka_phiMA001_CDS_0032	100.000	135	272
Pharokka_phiMA002_CDS_0032	Pharokka_PV_7BP_CDS_0026	100.000	135	272
Pharokka_phiMA002_CDS_0032	Pharokka_phi11_CDS_0028	100.000	135	272
Pharokka_phiMA002_CDS_0032	Pharokka_phi6A_CDS_0026	100.000	135	272
Pharokka_phiMA002_CDS_0032	Pharokka_PV_12_CDS_0034	100.000	135	273
Pharokka_phiMA002_CDS_0032	Pharokka_phi7A_CDS_0033	99.259	135	271
Pharokka_phiMA002_CDS_0033	Pharokka_phiMA004_CDS_0033	100.000	114	234
Pharokka_phiMA002_CDS_0033	Pharokka_phiMA002_CDS_0033	100.000	114	234
Pharokka_phiMA002_CDS_0033	Pharokka_phiMA001_CDS_0033	100.000	114	234
Pharokka_phiMA002_CDS_0033	Pharokka_phi7A_CDS_0034	81.884	138	219
Pharokka_phiMA002_CDS_0033	Pharokka_phi11_CDS_0029	72.727	154	214
Pharokka_phiMA002_CDS_0033	Pharokka_PV_12_CDS_0035	69.753	162	212
Pharokka_phiMA002_CDS_0033	Pharokka_PV_7BP_CDS_0027	100.000	59	127
Pharokka_phiMA002_CDS_0033	Pharokka_PV_7BP_CDS_0027	96.923	65	126
Pharokka_phiMA002_CDS_0033	Pharokka_phi6A_CDS_0027	100.000	59	127
Pharokka_phiMA002_CDS_0033	Pharokka_phi6A_CDS_0027	96.923	65	126
Pharokka_phiMA002_CDS_0034	Pharokka_phiMA004_CDS_0034	100.000	46	97.4
Pharokka_phiMA002_CDS_0034	Pharokka_phiMA002_CDS_0034	100.000	46	97.4
Pharokka_phiMA002_CDS_0034	Pharokka_phiMA001_CDS_0034	100.000	46	97.4
Pharokka_phiMA002_CDS_0034	Pharokka_phi11_CDS_0030	100.000	46	97.4
Pharokka_phiMA002_CDS_0034	Pharokka_PV_12_CDS_0036	97.826	46	95.5
Pharokka_phiMA002_CDS_0034	Pharokka_phi7A_CDS_0035	97.826	46	95.5
Pharokka_phiMA002_CDS_0034	Pharokka_PV_7BP_CDS_0028	93.478	46	91.7
Pharokka_phiMA002_CDS_0034	Pharokka_phi6A_CDS_0028	93.478	46	91.7
Pharokka_phiMA002_CDS_0035	Pharokka_phiMA004_CDS_0035	100.000	401	827
Pharokka_phiMA002_CDS_0035	Pharokka_phiMA002_CDS_0035	100.000	401	827
Pharokka_phiMA002_CDS_0035	Pharokka_phiMA001_CDS_0035	100.000	401	827
Pharokka_phiMA002_CDS_0035	Pharokka_PV_7BP_CDS_0029	98.753	401	819
Pharokka_phiMA002_CDS_0035	Pharokka_phi11_CDS_0031	98.753	401	819
Pharokka_phiMA002_CDS_0035	Pharokka_phi6A_CDS_0029	98.753	401	819
Pharokka_phiMA002_CDS_0035	Pharokka_phi7A_CDS_0036	98.254	401	815
Pharokka_phiMA002_CDS_0035	Pharokka_PV_12_CDS_0037	98.005	401	813
Pharokka_phiMA002_CDS_0036	Pharokka_phiMA004_CDS_0036	100.000	67	138
Pharokka_phiMA002_CDS_0036	Pharokka_phiMA002_CDS_0036	100.000	67	138
Pharokka_phiMA002_CDS_0036	Pharokka_phiMA001_CDS_0036	100.000	67	138
Pharokka_phiMA002_CDS_0036	Pharokka_PV_12_CDS_0038	89.552	67	119
Pharokka_phiMA002_CDS_0036	Pharokka_PV_7BP_CDS_0030	97.959	49	100
Pharokka_phiMA002_CDS_0036	Pharokka_phi7A_CDS_0037	97.959	49	100
Pharokka_phiMA002_CDS_0036	Pharokka_phi6A_CDS_0030	97.959	49	100
Pharokka_phiMA002_CDS_0036	Pharokka_phi11_CDS_0032	95.918	49	98.6
Pharokka_phiMA002_CDS_0037	Pharokka_phiMA004_CDS_0037	100.000	181	369
Pharokka_phiMA002_CDS_0037	Pharokka_phiMA002_CDS_0037	100.000	181	369
Pharokka_phiMA002_CDS_0037	Pharokka_phiMA001_CDS_0037	100.000	181	369
Pharokka_phiMA002_CDS_0037	Pharokka_phi11_CDS_0033	100.000	181	369
Pharokka_phiMA002_CDS_0037	Pharokka_PV_12_CDS_0039	99.448	181	367
Pharokka_phiMA002_CDS_0037	Pharokka_PV_7BP_CDS_0031	99.448	181	367
Pharokka_phiMA002_CDS_0037	Pharokka_phi7A_CDS_0038	99.448	181	367
Pharokka_phiMA002_CDS_0037	Pharokka_phi6A_CDS_0031	99.448	181	367
Pharokka_phiMA002_CDS_0038	Pharokka_phiMA004_CDS_0038	100.000	657	1367
Pharokka_phiMA002_CDS_0038	Pharokka_phiMA002_CDS_0038	100.000	657	1367
Pharokka_phiMA002_CDS_0038	Pharokka_phiMA001_CDS_0038	100.000	657	1367
Pharokka_phiMA002_CDS_0038	Pharokka_PV_12_CDS_0040	99.848	657	1363
Pharokka_phiMA002_CDS_0038	Pharokka_phi11_CDS_0034	99.696	657	1362
Pharokka_phiMA002_CDS_0038	Pharokka_phi7A_CDS_0039	99.696	657	1360
Pharokka_phiMA002_CDS_0038	Pharokka_PV_7BP_CDS_0032	99.391	657	1359
Pharokka_phiMA002_CDS_0038	Pharokka_phi6A_CDS_0032	99.391	657	1359
Pharokka_phiMA002_CDS_0039	Pharokka_phiMA004_CDS_0039	100.000	799	1661
Pharokka_phiMA002_CDS_0039	Pharokka_phiMA002_CDS_0039	100.000	799	1661
Pharokka_phiMA002_CDS_0039	Pharokka_phiMA001_CDS_0039	100.000	799	1661
Pharokka_phiMA002_CDS_0039	Pharokka_PV_12_CDS_0041	99.875	799	1656
Pharokka_phiMA002_CDS_0039	Pharokka_phi11_CDS_0035	99.750	799	1655
Pharokka_phiMA002_CDS_0039	Pharokka_phi7A_CDS_0040	99.750	799	1652
Pharokka_phiMA002_CDS_0039	Pharokka_PV_7BP_CDS_0033	99.374	799	1652
Pharokka_phiMA002_CDS_0039	Pharokka_phi6A_CDS_0033	99.374	799	1652
Pharokka_phiMA002_CDS_0040	Pharokka_phiMA004_CDS_0040	100.000	71	143
Pharokka_phiMA002_CDS_0040	Pharokka_phiMA002_CDS_0040	100.000	71	143
Pharokka_phiMA002_CDS_0040	Pharokka_phiMA001_CDS_0040	100.000	71	143
Pharokka_phiMA002_CDS_0040	Pharokka_PV_12_CDS_0042	98.592	71	143
Pharokka_phiMA002_CDS_0040	Pharokka_PV_7BP_CDS_0034	98.592	71	143
Pharokka_phiMA002_CDS_0040	Pharokka_phi11_CDS_0036	98.592	71	143
Pharokka_phiMA002_CDS_0040	Pharokka_phi7A_CDS_0041	98.592	71	143
Pharokka_phiMA002_CDS_0040	Pharokka_phi6A_CDS_0034	98.592	71	143
Pharokka_phiMA002_CDS_0041	Pharokka_phiMA004_CDS_0041	100.000	101	204
Pharokka_phiMA002_CDS_0041	Pharokka_phiMA002_CDS_0041	100.000	101	204
Pharokka_phiMA002_CDS_0041	Pharokka_phiMA001_CDS_0041	100.000	101	204
Pharokka_phiMA002_CDS_0041	Pharokka_PV_12_CDS_0043	100.000	101	204
Pharokka_phiMA002_CDS_0041	Pharokka_PV_7BP_CDS_0035	100.000	101	204
Pharokka_phiMA002_CDS_0041	Pharokka_phi11_CDS_0037	100.000	101	204
Pharokka_phiMA002_CDS_0041	Pharokka_phi7A_CDS_0042	100.000	101	204
Pharokka_phiMA002_CDS_0041	Pharokka_phi6A_CDS_0035	100.000	101	204
Pharokka_phiMA002_CDS_0042	Pharokka_phiMA004_CDS_0042	100.000	479	994
Pharokka_phiMA002_CDS_0042	Pharokka_phiMA002_CDS_0042	100.000	479	994
Pharokka_phiMA002_CDS_0042	Pharokka_phiMA001_CDS_0042	100.000	479	994
Pharokka_phiMA002_CDS_0042	Pharokka_PV_12_CDS_0044	99.374	479	991
Pharokka_phiMA002_CDS_0042	Pharokka_phi11_CDS_0038	99.374	479	989
Pharokka_phiMA002_CDS_0042	Pharokka_PV_7BP_CDS_0036	99.374	479	988
Pharokka_phiMA002_CDS_0042	Pharokka_phi7A_CDS_0043	99.165	479	988
Pharokka_phiMA002_CDS_0042	Pharokka_phi6A_CDS_0036	99.374	479	988
Pharokka_phiMA002_CDS_0043	Pharokka_phiMA004_CDS_0043	100.000	168	341
Pharokka_phiMA002_CDS_0043	Pharokka_phiMA002_CDS_0043	100.000	168	341
Pharokka_phiMA002_CDS_0043	Pharokka_phiMA001_CDS_0043	100.000	168	341
Pharokka_phiMA002_CDS_0043	Pharokka_PV_12_CDS_0045	98.214	168	338
Pharokka_phiMA002_CDS_0043	Pharokka_PV_7BP_CDS_0037	97.619	168	334
Pharokka_phiMA002_CDS_0043	Pharokka_phi6A_CDS_0037	97.619	168	334
Pharokka_phiMA002_CDS_0043	Pharokka_phi11_CDS_0039	97.024	168	332
Pharokka_phiMA002_CDS_0043	Pharokka_phi7A_CDS_0044	97.024	168	332
Pharokka_phiMA002_CDS_0043	Pharokka_PV_12_CDS_0046	39.062	64	42.0
Pharokka_phiMA002_CDS_0043	Pharokka_phi7A_CDS_0045	39.683	63	41.6
Pharokka_phiMA002_CDS_0043	Pharokka_phiMA004_CDS_0044	39.683	63	41.2
Pharokka_phiMA002_CDS_0043	Pharokka_phiMA002_CDS_0044	39.683	63	41.2
Pharokka_phiMA002_CDS_0043	Pharokka_phiMA001_CDS_0044	39.683	63	41.2
Pharokka_phiMA002_CDS_0043	Pharokka_PV_7BP_CDS_0038	39.683	63	41.2
Pharokka_phiMA002_CDS_0043	Pharokka_phi11_CDS_0040	39.683	63	41.2
Pharokka_phiMA002_CDS_0043	Pharokka_phi6A_CDS_0038	39.683	63	41.2
Pharokka_phiMA002_CDS_0044	Pharokka_phiMA004_CDS_0044	100.000	73	148
Pharokka_phiMA002_CDS_0044	Pharokka_phiMA002_CDS_0044	100.000	73	148
Pharokka_phiMA002_CDS_0044	Pharokka_phiMA001_CDS_0044	100.000	73	148
Pharokka_phiMA002_CDS_0044	Pharokka_PV_7BP_CDS_0038	98.630	73	147
Pharokka_phiMA002_CDS_0044	Pharokka_phi11_CDS_0040	98.630	73	147
Pharokka_phiMA002_CDS_0044	Pharokka_phi6A_CDS_0038	98.630	73	147
Pharokka_phiMA002_CDS_0044	Pharokka_phi7A_CDS_0045	97.260	73	146
Pharokka_phiMA002_CDS_0044	Pharokka_PV_12_CDS_0046	98.630	73	145
Pharokka_phiMA002_CDS_0044	Pharokka_PV_12_CDS_0045	39.683	63	41.6
Pharokka_phiMA002_CDS_0044	Pharokka_phiMA004_CDS_0043	39.683	63	41.2
Pharokka_phiMA002_CDS_0044	Pharokka_phiMA002_CDS_0043	39.683	63	41.2
Pharokka_phiMA002_CDS_0044	Pharokka_phiMA001_CDS_0043	39.683	63	41.2
Pharokka_phiMA002_CDS_0044	Pharokka_phi11_CDS_0039	38.710	62	41.2
Pharokka_phiMA002_CDS_0044	Pharokka_phi7A_CDS_0044	38.710	62	41.2
Pharokka_phiMA002_CDS_0044	Pharokka_PV_7BP_CDS_0037	39.683	63	40.8
Pharokka_phiMA002_CDS_0044	Pharokka_phi6A_CDS_0037	39.683	63	40.8
Pharokka_phiMA002_CDS_0045	Pharokka_phiMA004_CDS_0045	100.000	595	1235
Pharokka_phiMA002_CDS_0045	Pharokka_phiMA002_CDS_0045	100.000	595	1235
Pharokka_phiMA002_CDS_0045	Pharokka_phiMA001_CDS_0045	100.000	595	1235
Pharokka_phiMA002_CDS_0045	Pharokka_PV_12_CDS_0047	96.807	595	1207
Pharokka_phiMA002_CDS_0045	Pharokka_phi11_CDS_0041	96.807	595	1206
Pharokka_phiMA002_CDS_0045	Pharokka_phi6A_CDS_0039	97.647	595	1206
Pharokka_phiMA002_CDS_0045	Pharokka_phi7A_CDS_0046	96.807	595	1204
Pharokka_phiMA002_CDS_0045	Pharokka_PV_7BP_CDS_0039	97.479	595	1203
Pharokka_phiMA002_CDS_0046	Pharokka_phiMA004_CDS_0046	100.000	223	458
Pharokka_phiMA002_CDS_0046	Pharokka_phiMA002_CDS_0046	100.000	223	458
Pharokka_phiMA002_CDS_0046	Pharokka_phiMA001_CDS_0046	100.000	223	458
Pharokka_phiMA002_CDS_0046	Pharokka_phi11_CDS_0042	100.000	223	458
Pharokka_phiMA002_CDS_0046	Pharokka_phi7A_CDS_0047	100.000	223	458
Pharokka_phiMA002_CDS_0046	Pharokka_PV_12_CDS_0048	99.552	223	455
Pharokka_phiMA002_CDS_0046	Pharokka_PV_7BP_CDS_0040	99.552	223	454
Pharokka_phiMA002_CDS_0046	Pharokka_phi6A_CDS_0040	99.552	223	454
Pharokka_phiMA002_CDS_0047	Pharokka_phiMA004_CDS_0047	100.000	253	529
Pharokka_phiMA002_CDS_0047	Pharokka_phiMA002_CDS_0047	100.000	253	529
Pharokka_phiMA002_CDS_0047	Pharokka_phiMA001_CDS_0047	100.000	253	529
Pharokka_phiMA002_CDS_0047	Pharokka_PV_12_CDS_0049	100.000	253	529
Pharokka_phiMA002_CDS_0047	Pharokka_PV_7BP_CDS_0041	100.000	253	529
Pharokka_phiMA002_CDS_0047	Pharokka_phi6A_CDS_0041	100.000	253	529
Pharokka_phiMA002_CDS_0047	Pharokka_phi7A_CDS_0048	99.605	253	528
Pharokka_phiMA002_CDS_0047	Pharokka_phi11_CDS_0043	99.605	253	527
Pharokka_phiMA002_CDS_0047	Pharokka_phi11_CDS_0047	32.215	149	60.8
Pharokka_phiMA002_CDS_0047	Pharokka_phi7A_CDS_0052	32.215	149	60.8
Pharokka_phiMA002_CDS_0047	Pharokka_PV_12_CDS_0053	32.215	149	60.8
Pharokka_phiMA002_CDS_0047	Pharokka_phiMA004_CDS_0051	32.215	149	59.3
Pharokka_phiMA002_CDS_0047	Pharokka_phiMA002_CDS_0051	32.215	149	59.3
Pharokka_phiMA002_CDS_0047	Pharokka_phiMA001_CDS_0051	32.215	149	59.3
Pharokka_phiMA002_CDS_0047	Pharokka_PV_7BP_CDS_0047	31.852	135	57.8
Pharokka_phiMA002_CDS_0047	Pharokka_phi6A_CDS_0047	31.852	135	57.8
Pharokka_phiMA002_CDS_0048	Pharokka_phiMA004_CDS_0048	100.000	87	170
Pharokka_phiMA002_CDS_0048	Pharokka_phiMA002_CDS_0048	100.000	87	170
Pharokka_phiMA002_CDS_0048	Pharokka_phiMA001_CDS_0048	100.000	87	170
Pharokka_phiMA002_CDS_0048	Pharokka_PV_7BP_CDS_0042	98.851	87	169
Pharokka_phiMA002_CDS_0048	Pharokka_phi11_CDS_0044	98.851	87	169
Pharokka_phiMA002_CDS_0048	Pharokka_phi7A_CDS_0049	98.851	87	169
Pharokka_phiMA002_CDS_0048	Pharokka_phi6A_CDS_0042	98.851	87	169
Pharokka_phiMA002_CDS_0048	Pharokka_PV_12_CDS_0050	97.701	87	167
Pharokka_phiMA002_CDS_0049	Pharokka_phiMA004_CDS_0049	100.000	181	367
Pharokka_phiMA002_CDS_0049	Pharokka_phiMA002_CDS_0049	100.000	181	367
Pharokka_phiMA002_CDS_0049	Pharokka_phiMA001_CDS_0049	100.000	181	367
Pharokka_phiMA002_CDS_0049	Pharokka_PV_12_CDS_0051	100.000	181	367
Pharokka_phiMA002_CDS_0049	Pharokka_PV_7BP_CDS_0043	100.000	181	367
Pharokka_phiMA002_CDS_0049	Pharokka_phi11_CDS_0045	100.000	181	367
Pharokka_phiMA002_CDS_0049	Pharokka_phi6A_CDS_0043	100.000	181	367
Pharokka_phiMA002_CDS_0049	Pharokka_phi7A_CDS_0050	98.895	181	365
Pharokka_phiMA002_CDS_0050	Pharokka_phiMA004_CDS_0050	100.000	167	346
Pharokka_phiMA002_CDS_0050	Pharokka_phiMA002_CDS_0050	100.000	167	346
Pharokka_phiMA002_CDS_0050	Pharokka_phiMA001_CDS_0050	100.000	167	346
Pharokka_phiMA002_CDS_0050	Pharokka_PV_12_CDS_0052	91.617	167	320
Pharokka_phiMA002_CDS_0050	Pharokka_PV_7BP_CDS_0044	91.617	167	320
Pharokka_phiMA002_CDS_0050	Pharokka_phi6A_CDS_0044	91.617	167	320
Pharokka_phiMA002_CDS_0050	Pharokka_phi11_CDS_0046	91.617	167	320
Pharokka_phiMA002_CDS_0050	Pharokka_phi7A_CDS_0051	88.623	167	313
Pharokka_phiMA002_CDS_0051	Pharokka_phiMA004_CDS_0051	100.000	226	476
Pharokka_phiMA002_CDS_0051	Pharokka_phiMA002_CDS_0051	100.000	226	476
Pharokka_phiMA002_CDS_0051	Pharokka_phiMA001_CDS_0051	100.000	226	476
Pharokka_phiMA002_CDS_0051	Pharokka_phi11_CDS_0047	96.903	226	461
Pharokka_phiMA002_CDS_0051	Pharokka_phi7A_CDS_0052	96.903	226	461
Pharokka_phiMA002_CDS_0051	Pharokka_PV_12_CDS_0053	96.460	226	460
Pharokka_phiMA002_CDS_0051	Pharokka_PV_7BP_CDS_0047	96.018	226	456
Pharokka_phiMA002_CDS_0051	Pharokka_phi6A_CDS_0047	96.018	226	456
Pharokka_phiMA002_CDS_0051	Pharokka_phi7A_CDS_0048	32.215	149	59.3
Pharokka_phiMA002_CDS_0051	Pharokka_phiMA004_CDS_0047	32.215	149	59.3
Pharokka_phiMA002_CDS_0051	Pharokka_phiMA002_CDS_0047	32.215	149	59.3
Pharokka_phiMA002_CDS_0051	Pharokka_phiMA001_CDS_0047	32.215	149	59.3
Pharokka_phiMA002_CDS_0051	Pharokka_PV_12_CDS_0049	32.215	149	59.3
Pharokka_phiMA002_CDS_0051	Pharokka_PV_7BP_CDS_0041	32.215	149	59.3
Pharokka_phiMA002_CDS_0051	Pharokka_phi11_CDS_0043	32.215	149	59.3
Pharokka_phiMA002_CDS_0051	Pharokka_phi6A_CDS_0041	32.215	149	59.3
Pharokka_phiMA002_CDS_0052	Pharokka_phiMA004_CDS_0052	100.000	63	126
Pharokka_phiMA002_CDS_0052	Pharokka_phiMA002_CDS_0052	100.000	63	126
Pharokka_phiMA002_CDS_0052	Pharokka_phiMA001_CDS_0052	100.000	63	126
Pharokka_phiMA002_CDS_0052	Pharokka_phi11_CDS_0048	96.825	63	123
Pharokka_phiMA002_CDS_0052	Pharokka_PV_12_CDS_0054	95.238	63	121
Pharokka_phiMA002_CDS_0052	Pharokka_PV_7BP_CDS_0048	95.238	63	121
Pharokka_phiMA002_CDS_0052	Pharokka_phi7A_CDS_0053	95.238	63	121
Pharokka_phiMA002_CDS_0052	Pharokka_phi6A_CDS_0048	95.238	63	121
Pharokka_phiMA002_CDS_0053	Pharokka_phiMA004_CDS_0053	100.000	302	617
Pharokka_phiMA002_CDS_0053	Pharokka_phiMA002_CDS_0053	100.000	302	617
Pharokka_phiMA002_CDS_0053	Pharokka_phiMA001_CDS_0053	100.000	302	617
Pharokka_phiMA002_CDS_0053	Pharokka_PV_12_CDS_0055	100.000	302	617
Pharokka_phiMA002_CDS_0053	Pharokka_phi7A_CDS_0054	99.669	302	614
Pharokka_phiMA002_CDS_0053	Pharokka_PV_7BP_CDS_0049	100.000	300	613
Pharokka_phiMA002_CDS_0053	Pharokka_phi11_CDS_0049	99.338	302	613
Pharokka_phiMA002_CDS_0053	Pharokka_phi6A_CDS_0049	100.000	300	613
Pharokka_phiMA002_CDS_0054	Pharokka_phiMA004_CDS_0054	100.000	148	305
Pharokka_phiMA002_CDS_0054	Pharokka_phiMA002_CDS_0054	100.000	148	305
Pharokka_phiMA002_CDS_0054	Pharokka_phiMA001_CDS_0054	100.000	148	305
Pharokka_phiMA002_CDS_0054	Pharokka_PV_12_CDS_0056	98.649	148	304
Pharokka_phiMA002_CDS_0054	Pharokka_phi7A_CDS_0055	98.649	148	303
Pharokka_phiMA002_CDS_0054	Pharokka_phi11_CDS_0050	98.649	148	302
Pharokka_phiMA002_CDS_0054	Pharokka_PV_7BP_CDS_0050	95.270	148	298
Pharokka_phiMA002_CDS_0054	Pharokka_phi6A_CDS_0050	95.270	148	298
Pharokka_phiMA002_CDS_0055	Pharokka_phiMA004_CDS_0055	100.000	104	202
Pharokka_phiMA002_CDS_0055	Pharokka_phiMA002_CDS_0055	100.000	104	202
Pharokka_phiMA002_CDS_0055	Pharokka_phiMA001_CDS_0055	100.000	104	202
Pharokka_phiMA002_CDS_0055	Pharokka_PV_12_CDS_0057	100.000	104	202
Pharokka_phiMA002_CDS_0055	Pharokka_phi11_CDS_0051	100.000	104	202
Pharokka_phiMA002_CDS_0055	Pharokka_phi7A_CDS_0056	98.077	104	200
Pharokka_phiMA002_CDS_0055	Pharokka_PV_7BP_CDS_0051	94.231	104	195
Pharokka_phiMA002_CDS_0055	Pharokka_phi6A_CDS_0051	94.231	104	195
Pharokka_phiMA002_CDS_0056	Pharokka_phiMA004_CDS_0056	100.000	36	77.8
Pharokka_phiMA002_CDS_0056	Pharokka_phiMA002_CDS_0056	100.000	36	77.8
Pharokka_phiMA002_CDS_0056	Pharokka_phiMA001_CDS_0056	100.000	36	77.8
Pharokka_phiMA002_CDS_0056	Pharokka_phi11_CDS_0052	100.000	36	77.8
Pharokka_phiMA002_CDS_0056	Pharokka_PV_12_CDS_0058	100.000	32	69.3
Pharokka_phiMA002_CDS_0057	Pharokka_phiMA004_CDS_0057	100.000	34	65.9
Pharokka_phiMA002_CDS_0057	Pharokka_phiMA002_CDS_0057	100.000	34	65.9
Pharokka_phiMA002_CDS_0057	Pharokka_phiMA001_CDS_0057	100.000	34	65.9
Pharokka_phiMA002_CDS_0057	Pharokka_phi11_CDS_0053	100.000	34	65.9
Pharokka_phiMA002_CDS_0057	Pharokka_phi7A_CDS_0058	100.000	34	65.9
Pharokka_phiMA002_CDS_0057	Pharokka_PV_7BP_CDS_0053	94.118	34	61.2
Pharokka_phiMA002_CDS_0057	Pharokka_phi6A_CDS_0053	94.118	34	61.2
Pharokka_phiMA002_CDS_0058	Pharokka_phiMA004_CDS_0058	100.000	31	63.9
Pharokka_phiMA002_CDS_0058	Pharokka_phiMA002_CDS_0058	100.000	31	63.9
Pharokka_phiMA002_CDS_0058	Pharokka_phiMA001_CDS_0058	100.000	31	63.9
Pharokka_phiMA002_CDS_0058	Pharokka_PV_12_CDS_0060	93.548	31	60.8
Pharokka_phiMA002_CDS_0059	Pharokka_phiMA004_CDS_0059	100.000	381	756
Pharokka_phiMA002_CDS_0059	Pharokka_phiMA002_CDS_0059	100.000	381	756
Pharokka_phiMA002_CDS_0059	Pharokka_phiMA001_CDS_0059	100.000	381	756
Pharokka_phiMA002_CDS_0059	Pharokka_phi7A_CDS_0059	98.688	381	742
Pharokka_phiMA002_CDS_0059	Pharokka_PV_7BP_CDS_0054	98.688	381	741
Pharokka_phiMA002_CDS_0059	Pharokka_phi6A_CDS_0054	98.688	381	741
Pharokka_phiMA002_CDS_0059	Pharokka_phi11_CDS_0054	98.163	381	733
Pharokka_phiMA002_CDS_0059	Pharokka_PV_12_CDS_0062	96.850	381	726
Pharokka_phiMA002_CDS_0060	Pharokka_phiMA004_CDS_0060	100.000	38	79.0
Pharokka_phiMA002_CDS_0060	Pharokka_phiMA002_CDS_0060	100.000	38	79.0
Pharokka_phiMA002_CDS_0060	Pharokka_phiMA001_CDS_0060	100.000	38	79.0
Pharokka_phiMA002_CDS_0060	Pharokka_PV_12_CDS_0063	97.368	38	77.4
Pharokka_phiMA002_CDS_0060	Pharokka_phi11_CDS_0055	97.368	38	75.1
Pharokka_phiMA002_CDS_0060	Pharokka_phi7A_CDS_0060	97.368	38	75.1
Pharokka_phiMA002_CDS_0061	Pharokka_phiMA004_CDS_0061	100.000	51	99.8
Pharokka_phiMA002_CDS_0061	Pharokka_phiMA002_CDS_0061	100.000	51	99.8
Pharokka_phiMA002_CDS_0061	Pharokka_phiMA001_CDS_0061	100.000	51	99.8
Pharokka_phiMA002_CDS_0061	Pharokka_phi7A_CDS_0061	94.000	50	91.7
Pharokka_phiMA002_CDS_0061	Pharokka_phi11_CDS_0056	94.000	50	89.7
Pharokka_phiMA002_CDS_0062	Pharokka_phiMA004_CDS_0062	100.000	48	99.4
Pharokka_phiMA002_CDS_0062	Pharokka_phiMA002_CDS_0062	100.000	48	99.4
Pharokka_phiMA002_CDS_0062	Pharokka_phiMA001_CDS_0062	100.000	48	99.4
Pharokka_phiMA002_CDS_0062	Pharokka_phi11_CDS_0057	95.833	48	94.4
Pharokka_phiMA002_CDS_0062	Pharokka_PV_12_CDS_0065	87.097	31	58.5
Pharokka_phiMA002_CDS_0063	Pharokka_phiMA004_CDS_0063	100.000	69	143
Pharokka_phiMA002_CDS_0063	Pharokka_phiMA002_CDS_0063	100.000	69	143
Pharokka_phiMA002_CDS_0063	Pharokka_phiMA001_CDS_0063	100.000	69	143
Pharokka_phiMA002_CDS_0063	Pharokka_phi11_CDS_0058	100.000	69	143
Pharokka_phiMA002_CDS_0064	Pharokka_phiMA004_CDS_0064	100.000	46	95.5
Pharokka_phiMA002_CDS_0064	Pharokka_phiMA002_CDS_0064	100.000	46	95.5
Pharokka_phiMA002_CDS_0064	Pharokka_phiMA001_CDS_0064	100.000	46	95.5
Pharokka_phiMA002_CDS_0065	Pharokka_phiMA004_CDS_0065	100.000	266	543
Pharokka_phiMA002_CDS_0065	Pharokka_phiMA002_CDS_0065	100.000	266	543
Pharokka_phiMA002_CDS_0065	Pharokka_phiMA001_CDS_0065	100.000	266	543
Pharokka_phiMA002_CDS_0065	Pharokka_phi7A_CDS_0063	93.609	266	506
Pharokka_phiMA002_CDS_0065	Pharokka_phi11_CDS_0059	93.985	266	504
Pharokka_phiMA002_CDS_0065	Pharokka_PV_12_CDS_0066	92.481	266	497
Pharokka_phiMA002_CDS_0065	Pharokka_phi6A_CDS_0057	90.602	266	485
Pharokka_phiMA002_CDS_0065	Pharokka_PV_7BP_CDS_0057	90.226	266	484
Pharokka_phiMA002_CDS_0066	Pharokka_phiMA004_CDS_0066	100.000	43	90.1
Pharokka_phiMA002_CDS_0066	Pharokka_phiMA002_CDS_0066	100.000	43	90.1
Pharokka_phiMA002_CDS_0066	Pharokka_phiMA001_CDS_0066	100.000	43	90.1
Pharokka_phiMA002_CDS_0066	Pharokka_PV_7BP_CDS_0058	100.000	43	90.1
Pharokka_phiMA002_CDS_0066	Pharokka_phi11_CDS_0060	100.000	43	90.1
Pharokka_phiMA002_CDS_0066	Pharokka_phi7A_CDS_0064	100.000	43	90.1
Pharokka_phiMA002_CDS_0066	Pharokka_phi6A_CDS_0058	100.000	43	90.1
Pharokka_phiMA002_CDS_0066	Pharokka_PV_12_CDS_0067	97.674	43	88.6
Pharokka_phiMA002_CDS_0067	Pharokka_phiMA004_CDS_0067	100.000	45	86.7
Pharokka_phiMA002_CDS_0067	Pharokka_phiMA002_CDS_0067	100.000	45	86.7
Pharokka_phiMA002_CDS_0067	Pharokka_phiMA001_CDS_0067	100.000	45	86.7
Pharokka_phiMA002_CDS_0067	Pharokka_PV_12_CDS_0068	97.778	45	85.1
Pharokka_phiMA002_CDS_0067	Pharokka_PV_7BP_CDS_0059	97.778	45	85.1
Pharokka_phiMA002_CDS_0067	Pharokka_phi11_CDS_0061	97.778	45	85.1
Pharokka_phiMA002_CDS_0067	Pharokka_phi7A_CDS_0065	97.778	45	85.1
Pharokka_phiMA002_CDS_0067	Pharokka_phi6A_CDS_0059	97.778	45	85.1
Pharokka_phiMA002_CDS_0068	Pharokka_phiMA004_CDS_0068	100.000	36	76.3
Pharokka_phiMA002_CDS_0068	Pharokka_phiMA002_CDS_0068	100.000	36	76.3
Pharokka_phiMA002_CDS_0068	Pharokka_phiMA001_CDS_0068	100.000	36	76.3
Pharokka_phiMA002_CDS_0068	Pharokka_PV_7BP_CDS_0060	100.000	36	76.3
Pharokka_phiMA002_CDS_0068	Pharokka_phi11_CDS_0062	100.000	36	76.3
Pharokka_phiMA002_CDS_0068	Pharokka_phi6A_CDS_0060	100.000	36	76.3
Pharokka_phiMA002_CDS_0068	Pharokka_PV_12_CDS_0069	97.222	36	73.6
Pharokka_phiMA002_CDS_0068	Pharokka_phi7A_CDS_0066	97.222	36	73.6
Pharokka_phiMA002_CDS_0069	Pharokka_phiMA004_CDS_0069	100.000	37	80.1
Pharokka_phiMA002_CDS_0069	Pharokka_phiMA002_CDS_0069	100.000	37	80.1
Pharokka_phiMA002_CDS_0069	Pharokka_phiMA001_CDS_0069	100.000	37	80.1
Pharokka_phiMA002_CDS_0069	Pharokka_PV_12_CDS_0070	100.000	37	80.1
Pharokka_phiMA002_CDS_0069	Pharokka_phi11_CDS_0063	100.000	37	80.1
Pharokka_phiMA002_CDS_0069	Pharokka_PV_7BP_CDS_0061	97.297	37	79.0
Pharokka_phiMA002_CDS_0069	Pharokka_phi6A_CDS_0061	97.297	37	79.0
Pharokka_phiMA002_CDS_0070	Pharokka_phiMA004_CDS_0071	100.000	34	70.9
Pharokka_phiMA002_CDS_0070	Pharokka_phiMA002_CDS_0070	100.000	34	70.9
Pharokka_phiMA002_CDS_0070	Pharokka_phiMA001_CDS_0070	100.000	34	70.9
Pharokka_phiMA002_CDS_0070	Pharokka_phi11_CDS_0064	97.059	34	68.9
Pharokka_phiMA002_CDS_0070	Pharokka_phiMA004_CDS_0070	96.774	31	64.7
Pharokka_phiMA002_CDS_0070	Pharokka_PV_12_CDS_0071	88.235	34	60.5
Pharokka_phiMA002_CDS_0070	Pharokka_PV_7BP_CDS_0063	79.412	34	57.0
Pharokka_phiMA002_CDS_0070	Pharokka_phi6A_CDS_0062	79.412	34	56.6
Pharokka_phiMA002_CDS_0070	Pharokka_phi6A_CDS_0063	79.412	34	56.2
Pharokka_phiMA002_CDS_0070	Pharokka_phi6A_CDS_0064	76.471	34	53.5
Pharokka_phiMA002_CDS_0070	Pharokka_PV_7BP_CDS_0062	76.471	34	52.8
Pharokka_phiMA002_CDS_0071	Pharokka_phiMA004_CDS_0072	100.000	39	80.1
Pharokka_phiMA002_CDS_0071	Pharokka_phiMA002_CDS_0071	100.000	39	80.1
Pharokka_phiMA002_CDS_0071	Pharokka_phiMA001_CDS_0071	100.000	39	80.1
Pharokka_phiMA002_CDS_0071	Pharokka_PV_12_CDS_0072	94.872	39	75.1
Pharokka_phiMA002_CDS_0071	Pharokka_phi11_CDS_0065	94.872	39	75.1
Pharokka_phiMA002_CDS_0071	Pharokka_phi6A_CDS_0065	94.872	39	75.1
Pharokka_phiMA002_CDS_0072	Pharokka_phiMA004_CDS_0073	100.000	44	87.8
Pharokka_phiMA002_CDS_0072	Pharokka_phiMA002_CDS_0072	100.000	44	87.8
Pharokka_phiMA002_CDS_0072	Pharokka_phiMA001_CDS_0072	100.000	44	87.8
Pharokka_phiMA002_CDS_0072	Pharokka_phi11_CDS_0066	95.455	44	84.3
Pharokka_phiMA002_CDS_0072	Pharokka_phi7A_CDS_0069	95.455	44	84.3
Pharokka_phiMA002_CDS_0072	Pharokka_PV_7BP_CDS_0065	93.182	44	82.8
Pharokka_phiMA002_CDS_0072	Pharokka_PV_12_CDS_0073	90.909	44	78.6
Pharokka_phiMA002_CDS_0073	Pharokka_phiMA004_CDS_0074	100.000	39	83.2
Pharokka_phiMA002_CDS_0073	Pharokka_phiMA002_CDS_0073	100.000	39	83.2
Pharokka_phiMA002_CDS_0073	Pharokka_phiMA001_CDS_0073	100.000	39	83.2
Pharokka_phiMA002_CDS_0073	Pharokka_PV_12_CDS_0074	100.000	39	83.2
Pharokka_phiMA002_CDS_0073	Pharokka_phi11_CDS_0067	97.436	39	81.6
Pharokka_phiMA002_CDS_0073	Pharokka_phi7A_CDS_0070	97.436	39	81.6
Pharokka_phiMA002_CDS_0074	Pharokka_phiMA004_CDS_0075	100.000	44	89.0
Pharokka_phiMA002_CDS_0074	Pharokka_phiMA002_CDS_0074	100.000	44	89.0
Pharokka_phiMA002_CDS_0074	Pharokka_phiMA001_CDS_0074	100.000	44	89.0
Pharokka_phiMA002_CDS_0074	Pharokka_PV_12_CDS_0075	97.727	44	87.4
Pharokka_phiMA002_CDS_0074	Pharokka_phi11_CDS_0068	97.727	44	85.5
Pharokka_phiMA002_CDS_0074	Pharokka_phi7A_CDS_0071	97.727	44	85.5
Pharokka_phiMA002_CDS_0075	Pharokka_phiMA004_CDS_0076	100.000	236	476
Pharokka_phiMA002_CDS_0075	Pharokka_phiMA002_CDS_0075	100.000	236	476
Pharokka_phiMA002_CDS_0075	Pharokka_phiMA001_CDS_0075	100.000	236	476
Pharokka_phiMA002_CDS_0075	Pharokka_PV_12_CDS_0076	100.000	236	476
Pharokka_phiMA002_CDS_0075	Pharokka_PV_7BP_CDS_0068	100.000	236	476
Pharokka_phiMA002_CDS_0075	Pharokka_phi11_CDS_0069	100.000	236	476
Pharokka_phiMA002_CDS_0075	Pharokka_phi7A_CDS_0072	100.000	236	476
Pharokka_phiMA002_CDS_0075	Pharokka_phi6A_CDS_0069	100.000	236	476
Pharokka_phiMA002_CDS_0076	Pharokka_phiMA004_CDS_0077	100.000	247	504
Pharokka_phiMA002_CDS_0076	Pharokka_phiMA002_CDS_0076	100.000	247	504
Pharokka_phiMA002_CDS_0076	Pharokka_phiMA001_CDS_0076	100.000	247	504
Pharokka_phiMA002_CDS_0076	Pharokka_PV_12_CDS_0077	99.190	247	501
Pharokka_phiMA002_CDS_0076	Pharokka_phi11_CDS_0070	99.190	247	501
Pharokka_phiMA002_CDS_0076	Pharokka_phi7A_CDS_0073	93.117	247	477
Pharokka_phiMA002_CDS_0076	Pharokka_PV_7BP_CDS_0069	33.990	203	106
Pharokka_phiMA002_CDS_0076	Pharokka_phi6A_CDS_0070	33.990	203	106
Pharokka_phiMA004_CDS_0001	Pharokka_phiMA004_CDS_0001	100.000	501	1054
Pharokka_phiMA004_CDS_0001	Pharokka_phiMA002_CDS_0001	100.000	501	1054
Pharokka_phiMA004_CDS_0001	Pharokka_phiMA001_CDS_0001	100.000	501	1054
Pharokka_phiMA004_CDS_0001	Pharokka_PV_12_CDS_0001	100.000	501	1054
Pharokka_phiMA004_CDS_0001	Pharokka_phi7A_CDS_0001	100.000	501	1054
Pharokka_phiMA004_CDS_0001	Pharokka_phi11_CDS_0001	99.800	501	1052
Pharokka_phiMA004_CDS_0001	Pharokka_PV_7BP_CDS_0001	99.791	479	1011
Pharokka_phiMA004_CDS_0001	Pharokka_phi6A_CDS_0001	99.791	479	1011
Pharokka_phiMA004_CDS_0002	Pharokka_phiMA004_CDS_0002	100.000	220	456
Pharokka_phiMA004_CDS_0002	Pharokka_phiMA002_CDS_0002	100.000	220	456
Pharokka_phiMA004_CDS_0002	Pharokka_phiMA001_CDS_0002	100.000	220	456
Pharokka_phiMA004_CDS_0002	Pharokka_phi6A_CDS_0002	97.273	220	445
Pharokka_phiMA004_CDS_0002	Pharokka_PV_7BP_CDS_0002	96.818	220	444
Pharokka_phiMA004_CDS_0002	Pharokka_PV_12_CDS_0002	97.727	220	443
Pharokka_phiMA004_CDS_0002	Pharokka_phi11_CDS_0002	96.789	218	442
Pharokka_phiMA004_CDS_0002	Pharokka_phi7A_CDS_0002	97.696	217	441
Pharokka_phiMA004_CDS_0003	Pharokka_phiMA004_CDS_0003	100.000	596	1232
Pharokka_phiMA004_CDS_0003	Pharokka_phiMA002_CDS_0003	100.000	596	1232
Pharokka_phiMA004_CDS_0003	Pharokka_phiMA001_CDS_0003	100.000	596	1232
Pharokka_phiMA004_CDS_0003	Pharokka_phi7A_CDS_0003	99.329	596	1224
Pharokka_phiMA004_CDS_0003	Pharokka_PV_12_CDS_0003	98.993	596	1221
Pharokka_phiMA004_CDS_0003	Pharokka_phi11_CDS_0003	98.826	596	1220
Pharokka_phiMA004_CDS_0003	Pharokka_PV_7BP_CDS_0003	98.490	596	1218
Pharokka_phiMA004_CDS_0003	Pharokka_phi6A_CDS_0003	98.490	596	1218
Pharokka_phiMA004_CDS_0004	Pharokka_phiMA004_CDS_0004	100.000	144	296
Pharokka_phiMA004_CDS_0004	Pharokka_phiMA002_CDS_0004	100.000	144	296
Pharokka_phiMA004_CDS_0004	Pharokka_phiMA001_CDS_0004	100.000	144	296
Pharokka_phiMA004_CDS_0004	Pharokka_phi11_CDS_0004	98.611	144	292
Pharokka_phiMA004_CDS_0004	Pharokka_phi7A_CDS_0004	96.528	144	285
Pharokka_phiMA004_CDS_0004	Pharokka_PV_7BP_CDS_0004	97.842	139	281
Pharokka_phiMA004_CDS_0004	Pharokka_phi6A_CDS_0004	97.842	139	281
Pharokka_phiMA004_CDS_0004	Pharokka_PV_12_CDS_0004	96.403	139	278
Pharokka_phiMA004_CDS_0005	Pharokka_phiMA004_CDS_0005	100.000	317	634
Pharokka_phiMA004_CDS_0005	Pharokka_phiMA002_CDS_0005	100.000	317	634
Pharokka_phiMA004_CDS_0005	Pharokka_phiMA001_CDS_0005	100.000	317	634
Pharokka_phiMA004_CDS_0005	Pharokka_phi7A_CDS_0005	99.685	317	629
Pharokka_phiMA004_CDS_0005	Pharokka_PV_12_CDS_0005	99.054	317	625
Pharokka_phiMA004_CDS_0005	Pharokka_phi11_CDS_0005	99.054	317	625
Pharokka_phiMA004_CDS_0005	Pharokka_PV_7BP_CDS_0005	98.423	317	624
Pharokka_phiMA004_CDS_0005	Pharokka_phi6A_CDS_0005	98.423	317	624
Pharokka_phiMA004_CDS_0006	Pharokka_phiMA004_CDS_0006	100.000	370	764
Pharokka_phiMA004_CDS_0006	Pharokka_phiMA002_CDS_0006	99.730	370	761
Pharokka_phiMA004_CDS_0006	Pharokka_phiMA001_CDS_0006	99.730	370	761
Pharokka_phiMA004_CDS_0006	Pharokka_phi7A_CDS_0006	98.922	371	756
Pharokka_phiMA004_CDS_0006	Pharokka_phi11_CDS_0006	98.383	371	753
Pharokka_phiMA004_CDS_0006	Pharokka_PV_12_CDS_0006	98.383	371	752
Pharokka_phiMA004_CDS_0006	Pharokka_PV_7BP_CDS_0006	98.113	371	751
Pharokka_phiMA004_CDS_0006	Pharokka_phi6A_CDS_0006	98.113	371	751
Pharokka_phiMA004_CDS_0007	Pharokka_phiMA004_CDS_0007	100.000	41	80.5
Pharokka_phiMA004_CDS_0007	Pharokka_phiMA002_CDS_0007	100.000	41	80.5
Pharokka_phiMA004_CDS_0007	Pharokka_phiMA001_CDS_0007	100.000	41	80.5
Pharokka_phiMA004_CDS_0007	Pharokka_phi7A_CDS_0008	100.000	25	50.1
Pharokka_phiMA004_CDS_0007	Pharokka_PV_7BP_CDS_0008	88.462	26	48.5
Pharokka_phiMA004_CDS_0007	Pharokka_phi6A_CDS_0008	88.462	26	48.5
Pharokka_phiMA004_CDS_0007	Pharokka_phi11_CDS_0008	88.462	26	48.5
Pharokka_phiMA004_CDS_0007	Pharokka_PV_12_CDS_0008	88.462	26	48.5
Pharokka_phiMA004_CDS_0008	Pharokka_phiMA004_CDS_0008	100.000	432	898
Pharokka_phiMA004_CDS_0008	Pharokka_phiMA002_CDS_0008	100.000	432	898
Pharokka_phiMA004_CDS_0008	Pharokka_phiMA001_CDS_0008	100.000	432	898
Pharokka_phiMA004_CDS_0008	Pharokka_phi7A_CDS_0009	99.769	432	897
Pharokka_phiMA004_CDS_0008	Pharokka_PV_7BP_CDS_0009	99.537	432	895
Pharokka_phiMA004_CDS_0008	Pharokka_phi6A_CDS_0009	99.537	432	895
Pharokka_phiMA004_CDS_0008	Pharokka_PV_12_CDS_0009	99.537	432	893
Pharokka_phiMA004_CDS_0008	Pharokka_phi11_CDS_0009	99.306	432	893
Pharokka_phiMA004_CDS_0009	Pharokka_phiMA004_CDS_0009	100.000	146	297
Pharokka_phiMA004_CDS_0009	Pharokka_phiMA002_CDS_0009	100.000	146	297
Pharokka_phiMA004_CDS_0009	Pharokka_phiMA001_CDS_0009	100.000	146	297
Pharokka_phiMA004_CDS_0009	Pharokka_PV_7BP_CDS_0010	99.315	146	296
Pharokka_phiMA004_CDS_0009	Pharokka_phi7A_CDS_0010	99.315	146	296
Pharokka_phiMA004_CDS_0009	Pharokka_phi6A_CDS_0010	99.315	146	296
Pharokka_phiMA004_CDS_0009	Pharokka_PV_12_CDS_0010	98.630	146	295
Pharokka_phiMA004_CDS_0009	Pharokka_phi11_CDS_0010	98.630	146	294
Pharokka_phiMA004_CDS_0010	Pharokka_phiMA004_CDS_0010	100.000	211	434
Pharokka_phiMA004_CDS_0010	Pharokka_phiMA002_CDS_0010	100.000	211	434
Pharokka_phiMA004_CDS_0010	Pharokka_phiMA001_CDS_0010	100.000	211	434
Pharokka_phiMA004_CDS_0010	Pharokka_PV_7BP_CDS_0011	99.526	211	434
Pharokka_phiMA004_CDS_0010	Pharokka_phi6A_CDS_0011	99.526	211	434
Pharokka_phiMA004_CDS_0010	Pharokka_PV_12_CDS_0011	99.052	211	433
Pharokka_phiMA004_CDS_0010	Pharokka_phi11_CDS_0011	99.052	211	433
Pharokka_phiMA004_CDS_0010	Pharokka_phi7A_CDS_0011	99.052	211	433
Pharokka_phiMA004_CDS_0011	Pharokka_phiMA004_CDS_0011	100.000	87	170
Pharokka_phiMA004_CDS_0011	Pharokka_phiMA002_CDS_0011	100.000	87	170
Pharokka_phiMA004_CDS_0011	Pharokka_phiMA001_CDS_0011	100.000	87	170
Pharokka_phiMA004_CDS_0011	Pharokka_PV_7BP_CDS_0012	97.701	87	169
Pharokka_phiMA004_CDS_0011	Pharokka_phi6A_CDS_0012	97.701	87	169
Pharokka_phiMA004_CDS_0011	Pharokka_PV_12_CDS_0012	98.851	87	169
Pharokka_phiMA004_CDS_0011	Pharokka_phi11_CDS_0012	98.851	87	169
Pharokka_phiMA004_CDS_0011	Pharokka_phi7A_CDS_0012	98.851	87	169
Pharokka_phiMA004_CDS_0012	Pharokka_phiMA004_CDS_0012	100.000	253	513
Pharokka_phiMA004_CDS_0012	Pharokka_phiMA002_CDS_0012	100.000	253	513
Pharokka_phiMA004_CDS_0012	Pharokka_phiMA001_CDS_0012	100.000	253	513
Pharokka_phiMA004_CDS_0012	Pharokka_PV_12_CDS_0013	99.209	253	509
Pharokka_phiMA004_CDS_0012	Pharokka_phi11_CDS_0013	99.209	253	509
Pharokka_phiMA004_CDS_0012	Pharokka_phi7A_CDS_0013	99.209	253	509
Pharokka_phiMA004_CDS_0012	Pharokka_PV_7BP_CDS_0013	98.814	253	509
Pharokka_phiMA004_CDS_0012	Pharokka_phi6A_CDS_0013	98.814	253	509
Pharokka_phiMA004_CDS_0013	Pharokka_phiMA004_CDS_0013	100.000	1181	2364
Pharokka_phiMA004_CDS_0013	Pharokka_phiMA002_CDS_0013	100.000	1181	2364
Pharokka_phiMA004_CDS_0013	Pharokka_phiMA001_CDS_0013	100.000	1181	2364
Pharokka_phiMA004_CDS_0013	Pharokka_PV_12_CDS_0014	99.915	1181	2362
Pharokka_phiMA004_CDS_0013	Pharokka_phi7A_CDS_0014	99.831	1181	2362
Pharokka_phiMA004_CDS_0013	Pharokka_phi11_CDS_0014	99.492	1181	2355
Pharokka_phiMA004_CDS_0013	Pharokka_PV_7BP_CDS_0014	99.238	1181	2350
Pharokka_phiMA004_CDS_0013	Pharokka_phi6A_CDS_0014	99.238	1181	2350
Pharokka_phiMA004_CDS_0014	Pharokka_phiMA004_CDS_0014	100.000	726	1506
Pharokka_phiMA004_CDS_0014	Pharokka_phiMA002_CDS_0014	100.000	726	1506
Pharokka_phiMA004_CDS_0014	Pharokka_phiMA001_CDS_0014	100.000	726	1506
Pharokka_phiMA004_CDS_0014	Pharokka_phi11_CDS_0015	100.000	726	1506
Pharokka_phiMA004_CDS_0014	Pharokka_phi7A_CDS_0015	100.000	726	1506
Pharokka_phiMA004_CDS_0014	Pharokka_PV_12_CDS_0015	99.862	726	1504
Pharokka_phiMA004_CDS_0014	Pharokka_PV_7BP_CDS_0015	97.658	726	1472
Pharokka_phiMA004_CDS_0014	Pharokka_phi6A_CDS_0015	97.658	726	1472
Pharokka_phiMA004_CDS_0015	Pharokka_phiMA004_CDS_0015	100.000	1719	3520
Pharokka_phiMA004_CDS_0015	Pharokka_phiMA002_CDS_0015	100.000	1719	3520
Pharokka_phiMA004_CDS_0015	Pharokka_phiMA001_CDS_0015	100.000	1719	3520
Pharokka_phiMA004_CDS_0015	Pharokka_PV_12_CDS_0016	97.209	1720	3430
Pharokka_phiMA004_CDS_0015	Pharokka_phi11_CDS_0016	96.594	969	1922
Pharokka_phiMA004_CDS_0015	Pharokka_phi11_CDS_0016	72.152	632	838
Pharokka_phiMA004_CDS_0015	Pharokka_phi7A_CDS_0016	96.491	969	1919
Pharokka_phiMA004_CDS_0015	Pharokka_phi7A_CDS_0016	71.384	636	842
Pharokka_phiMA004_CDS_0015	Pharokka_PV_7BP_CDS_0016	95.459	969	1822
Pharokka_phiMA004_CDS_0015	Pharokka_PV_7BP_CDS_0016	97.819	596	1153
Pharokka_phiMA004_CDS_0015	Pharokka_phi6A_CDS_0016	95.459	969	1822
Pharokka_phiMA004_CDS_0015	Pharokka_phi6A_CDS_0016	97.819	596	1153
Pharokka_phiMA004_CDS_0016	Pharokka_phiMA004_CDS_0016	100.000	105	208
Pharokka_phiMA004_CDS_0016	Pharokka_phiMA002_CDS_0016	100.000	105	208
Pharokka_phiMA004_CDS_0016	Pharokka_phiMA001_CDS_0016	100.000	105	208
Pharokka_phiMA004_CDS_0016	Pharokka_phi11_CDS_0017	95.146	103	197
Pharokka_phiMA004_CDS_0016	Pharokka_PV_12_CDS_0017	95.146	103	196
Pharokka_phiMA004_CDS_0016	Pharokka_phi7A_CDS_0017	95.146	103	196
Pharokka_phiMA004_CDS_0016	Pharokka_PV_7BP_CDS_0017	94.286	105	196
Pharokka_phiMA004_CDS_0016	Pharokka_phi6A_CDS_0017	94.286	105	196
Pharokka_phiMA004_CDS_0017	Pharokka_phiMA004_CDS_0017	100.000	100	201
Pharokka_phiMA004_CDS_0017	Pharokka_phiMA002_CDS_0017	100.000	100	201
Pharokka_phiMA004_CDS_0017	Pharokka_phiMA001_CDS_0017	100.000	100	201
Pharokka_phiMA004_CDS_0017	Pharokka_PV_7BP_CDS_0018	100.000	100	201
Pharokka_phiMA004_CDS_0017	Pharokka_phi6A_CDS_0018	100.000	100	201
Pharokka_phiMA004_CDS_0017	Pharokka_PV_12_CDS_0018	98.000	100	197
Pharokka_phiMA004_CDS_0017	Pharokka_phi11_CDS_0018	98.000	100	197
Pharokka_phiMA004_CDS_0017	Pharokka_phi7A_CDS_0018	97.000	100	195
Pharokka_phiMA004_CDS_0018	Pharokka_phiMA004_CDS_0018	100.000	41	79.7
Pharokka_phiMA004_CDS_0018	Pharokka_phiMA002_CDS_0018	100.000	41	79.7
Pharokka_phiMA004_CDS_0018	Pharokka_phiMA001_CDS_0018	100.000	41	79.7
Pharokka_phiMA004_CDS_0018	Pharokka_phi11_CDS_0019	100.000	41	79.7
Pharokka_phiMA004_CDS_0018	Pharokka_phi7A_CDS_0019	100.000	41	79.7
Pharokka_phiMA004_CDS_0018	Pharokka_PV_12_CDS_0019	97.561	41	77.0
Pharokka_phiMA004_CDS_0019	Pharokka_phiMA004_CDS_0019	100.000	157	325
Pharokka_phiMA004_CDS_0019	Pharokka_phiMA002_CDS_0019	100.000	157	325
Pharokka_phiMA004_CDS_0019	Pharokka_phiMA001_CDS_0019	100.000	157	325
Pharokka_phiMA004_CDS_0019	Pharokka_phi7A_CDS_0020	98.742	159	319
Pharokka_phiMA004_CDS_0019	Pharokka_PV_12_CDS_0020	98.529	136	270
Pharokka_phiMA004_CDS_0019	Pharokka_phi11_CDS_0020	97.297	37	78.2
Pharokka_phiMA004_CDS_0020	Pharokka_phiMA004_CDS_0020	100.000	96	194
Pharokka_phiMA004_CDS_0020	Pharokka_phiMA002_CDS_0020	100.000	96	194
Pharokka_phiMA004_CDS_0020	Pharokka_phiMA001_CDS_0020	100.000	96	194
Pharokka_phiMA004_CDS_0020	Pharokka_PV_12_CDS_0021	100.000	96	194
Pharokka_phiMA004_CDS_0020	Pharokka_phi7A_CDS_0021	97.917	96	191
Pharokka_phiMA004_CDS_0021	Pharokka_phiMA004_CDS_0021	100.000	149	307
Pharokka_phiMA004_CDS_0021	Pharokka_phiMA002_CDS_0021	100.000	149	307
Pharokka_phiMA004_CDS_0021	Pharokka_phiMA001_CDS_0021	100.000	149	307
Pharokka_phiMA004_CDS_0021	Pharokka_PV_12_CDS_0022	99.329	149	306
Pharokka_phiMA004_CDS_0021	Pharokka_phi7A_CDS_0022	99.329	149	306
Pharokka_phiMA004_CDS_0022	Pharokka_phiMA004_CDS_0022	100.000	129	262
Pharokka_phiMA004_CDS_0022	Pharokka_phiMA002_CDS_0022	100.000	129	262
Pharokka_phiMA004_CDS_0022	Pharokka_phiMA001_CDS_0022	100.000	129	262
Pharokka_phiMA004_CDS_0022	Pharokka_phi7A_CDS_0023	99.225	129	261
Pharokka_phiMA004_CDS_0022	Pharokka_PV_12_CDS_0024	94.444	54	108
Pharokka_phiMA004_CDS_0022	Pharokka_PV_12_CDS_0023	100.000	46	96.3
Pharokka_phiMA004_CDS_0023	Pharokka_phiMA004_CDS_0023	100.000	84	167
Pharokka_phiMA004_CDS_0023	Pharokka_phiMA002_CDS_0023	100.000	84	167
Pharokka_phiMA004_CDS_0023	Pharokka_phiMA001_CDS_0023	100.000	84	167
Pharokka_phiMA004_CDS_0023	Pharokka_phi7A_CDS_0024	100.000	84	167
Pharokka_phiMA004_CDS_0023	Pharokka_PV_12_CDS_0025	98.810	84	165
Pharokka_phiMA004_CDS_0024	Pharokka_phiMA004_CDS_0024	100.000	89	183
Pharokka_phiMA004_CDS_0024	Pharokka_phiMA002_CDS_0024	100.000	89	183
Pharokka_phiMA004_CDS_0024	Pharokka_phiMA001_CDS_0024	100.000	89	183
Pharokka_phiMA004_CDS_0024	Pharokka_PV_12_CDS_0026	98.876	89	180
Pharokka_phiMA004_CDS_0024	Pharokka_phi7A_CDS_0025	98.876	89	180
Pharokka_phiMA004_CDS_0024	Pharokka_phi11_CDS_0020	98.462	65	135
Pharokka_phiMA004_CDS_0025	Pharokka_phiMA004_CDS_0025	100.000	173	363
Pharokka_phiMA004_CDS_0025	Pharokka_phiMA002_CDS_0025	100.000	173	363
Pharokka_phiMA004_CDS_0025	Pharokka_phiMA001_CDS_0025	100.000	173	363
Pharokka_phiMA004_CDS_0025	Pharokka_PV_12_CDS_0027	100.000	173	363
Pharokka_phiMA004_CDS_0025	Pharokka_phi11_CDS_0021	98.844	173	359
Pharokka_phiMA004_CDS_0025	Pharokka_phi7A_CDS_0026	98.844	173	358
Pharokka_phiMA004_CDS_0025	Pharokka_PV_7BP_CDS_0019	98.462	65	139
Pharokka_phiMA004_CDS_0025	Pharokka_phi6A_CDS_0019	98.462	65	139
Pharokka_phiMA004_CDS_0026	Pharokka_phiMA004_CDS_0026	100.000	154	315
Pharokka_phiMA004_CDS_0026	Pharokka_phiMA002_CDS_0026	100.000	154	315
Pharokka_phiMA004_CDS_0026	Pharokka_phiMA001_CDS_0026	100.000	154	315
Pharokka_phiMA004_CDS_0026	Pharokka_PV_12_CDS_0028	100.000	154	315
Pharokka_phiMA004_CDS_0026	Pharokka_PV_7BP_CDS_0020	100.000	154	315
Pharokka_phiMA004_CDS_0026	Pharokka_phi11_CDS_0022	100.000	154	315
Pharokka_phiMA004_CDS_0026	Pharokka_phi7A_CDS_0027	100.000	154	315
Pharokka_phiMA004_CDS_0026	Pharokka_phi6A_CDS_0020	100.000	154	315
Pharokka_phiMA004_CDS_0027	Pharokka_phiMA004_CDS_0027	100.000	172	347
Pharokka_phiMA004_CDS_0027	Pharokka_phiMA002_CDS_0027	100.000	172	347
Pharokka_phiMA004_CDS_0027	Pharokka_phiMA001_CDS_0027	100.000	172	347
Pharokka_phiMA004_CDS_0027	Pharokka_phi7A_CDS_0028	100.000	172	347
Pharokka_phiMA004_CDS_0027	Pharokka_PV_7BP_CDS_0021	98.256	172	342
Pharokka_phiMA004_CDS_0027	Pharokka_phi6A_CDS_0021	98.256	172	342
Pharokka_phiMA004_CDS_0027	Pharokka_PV_12_CDS_0029	97.093	172	337
Pharokka_phiMA004_CDS_0027	Pharokka_phi11_CDS_0023	99.310	145	292
Pharokka_phiMA004_CDS_0028	Pharokka_phiMA004_CDS_0028	100.000	142	293
Pharokka_phiMA004_CDS_0028	Pharokka_phiMA002_CDS_0028	100.000	142	293
Pharokka_phiMA004_CDS_0028	Pharokka_phiMA001_CDS_0028	100.000	142	293
Pharokka_phiMA004_CDS_0028	Pharokka_PV_12_CDS_0030	100.000	142	293
Pharokka_phiMA004_CDS_0028	Pharokka_PV_7BP_CDS_0022	100.000	142	293
Pharokka_phiMA004_CDS_0028	Pharokka_phi11_CDS_0024	100.000	142	293
Pharokka_phiMA004_CDS_0028	Pharokka_phi6A_CDS_0022	100.000	142	293
Pharokka_phiMA004_CDS_0028	Pharokka_phi7A_CDS_0029	99.296	142	291
Pharokka_phiMA004_CDS_0029	Pharokka_phiMA004_CDS_0029	100.000	202	399
Pharokka_phiMA004_CDS_0029	Pharokka_phiMA002_CDS_0029	100.000	202	399
Pharokka_phiMA004_CDS_0029	Pharokka_phiMA001_CDS_0029	100.000	202	399
Pharokka_phiMA004_CDS_0029	Pharokka_PV_12_CDS_0031	100.000	202	399
Pharokka_phiMA004_CDS_0029	Pharokka_PV_7BP_CDS_0023	100.000	202	399
Pharokka_phiMA004_CDS_0029	Pharokka_phi6A_CDS_0023	100.000	202	399
Pharokka_phiMA004_CDS_0029	Pharokka_phi11_CDS_0025	99.010	202	394
Pharokka_phiMA004_CDS_0029	Pharokka_phi7A_CDS_0030	99.010	202	394
Pharokka_phiMA004_CDS_0030	Pharokka_phiMA004_CDS_0030	100.000	35	65.5
Pharokka_phiMA004_CDS_0030	Pharokka_phiMA002_CDS_0030	100.000	35	65.5
Pharokka_phiMA004_CDS_0030	Pharokka_phiMA001_CDS_0030	100.000	35	65.5
Pharokka_phiMA004_CDS_0030	Pharokka_PV_12_CDS_0032	100.000	35	65.5
Pharokka_phiMA004_CDS_0030	Pharokka_PV_7BP_CDS_0024	100.000	35	65.5
Pharokka_phiMA004_CDS_0030	Pharokka_phi6A_CDS_0024	100.000	35	65.5
Pharokka_phiMA004_CDS_0030	Pharokka_phi7A_CDS_0031	97.143	35	64.7
Pharokka_phiMA004_CDS_0031	Pharokka_phiMA004_CDS_0031	100.000	33	65.1
Pharokka_phiMA004_CDS_0031	Pharokka_phiMA002_CDS_0031	100.000	33	65.1
Pharokka_phiMA004_CDS_0031	Pharokka_phiMA001_CDS_0031	100.000	33	65.1
Pharokka_phiMA004_CDS_0031	Pharokka_PV_12_CDS_0033	100.000	33	65.1
Pharokka_phiMA004_CDS_0031	Pharokka_PV_7BP_CDS_0025	100.000	33	65.1
Pharokka_phiMA004_CDS_0031	Pharokka_phi11_CDS_0027	100.000	33	65.1
Pharokka_phiMA004_CDS_0031	Pharokka_phi7A_CDS_0032	100.000	33	65.1
Pharokka_phiMA004_CDS_0031	Pharokka_phi6A_CDS_0025	100.000	33	65.1
Pharokka_phiMA004_CDS_0032	Pharokka_phiMA004_CDS_0032	100.000	135	272
Pharokka_phiMA004_CDS_0032	Pharokka_phiMA002_CDS_0032	100.000	135	272
Pharokka_phiMA004_CDS_0032	Pharokka_phiMA001_CDS_0032	100.000	135	272
Pharokka_phiMA004_CDS_0032	Pharokka_PV_7BP_CDS_0026	100.000	135	272
Pharokka_phiMA004_CDS_0032	Pharokka_phi11_CDS_0028	100.000	135	272
Pharokka_phiMA004_CDS_0032	Pharokka_phi6A_CDS_0026	100.000	135	272
Pharokka_phiMA004_CDS_0032	Pharokka_PV_12_CDS_0034	100.000	135	273
Pharokka_phiMA004_CDS_0032	Pharokka_phi7A_CDS_0033	99.259	135	271
Pharokka_phiMA004_CDS_0033	Pharokka_phiMA004_CDS_0033	100.000	114	234
Pharokka_phiMA004_CDS_0033	Pharokka_phiMA002_CDS_0033	100.000	114	234
Pharokka_phiMA004_CDS_0033	Pharokka_phiMA001_CDS_0033	100.000	114	234
Pharokka_phiMA004_CDS_0033	Pharokka_phi7A_CDS_0034	81.884	138	219
Pharokka_phiMA004_CDS_0033	Pharokka_phi11_CDS_0029	72.727	154	214
Pharokka_phiMA004_CDS_0033	Pharokka_PV_12_CDS_0035	69.753	162	212
Pharokka_phiMA004_CDS_0033	Pharokka_PV_7BP_CDS_0027	100.000	59	127
Pharokka_phiMA004_CDS_0033	Pharokka_PV_7BP_CDS_0027	96.923	65	126
Pharokka_phiMA004_CDS_0033	Pharokka_phi6A_CDS_0027	100.000	59	127
Pharokka_phiMA004_CDS_0033	Pharokka_phi6A_CDS_0027	96.923	65	126
Pharokka_phiMA004_CDS_0034	Pharokka_phiMA004_CDS_0034	100.000	46	97.4
Pharokka_phiMA004_CDS_0034	Pharokka_phiMA002_CDS_0034	100.000	46	97.4
Pharokka_phiMA004_CDS_0034	Pharokka_phiMA001_CDS_0034	100.000	46	97.4
Pharokka_phiMA004_CDS_0034	Pharokka_phi11_CDS_0030	100.000	46	97.4
Pharokka_phiMA004_CDS_0034	Pharokka_PV_12_CDS_0036	97.826	46	95.5
Pharokka_phiMA004_CDS_0034	Pharokka_phi7A_CDS_0035	97.826	46	95.5
Pharokka_phiMA004_CDS_0034	Pharokka_PV_7BP_CDS_0028	93.478	46	91.7
Pharokka_phiMA004_CDS_0034	Pharokka_phi6A_CDS_0028	93.478	46	91.7
Pharokka_phiMA004_CDS_0035	Pharokka_phiMA004_CDS_0035	100.000	401	827
Pharokka_phiMA004_CDS_0035	Pharokka_phiMA002_CDS_0035	100.000	401	827
Pharokka_phiMA004_CDS_0035	Pharokka_phiMA001_CDS_0035	100.000	401	827
Pharokka_phiMA004_CDS_0035	Pharokka_PV_7BP_CDS_0029	98.753	401	819
Pharokka_phiMA004_CDS_0035	Pharokka_phi11_CDS_0031	98.753	401	819
Pharokka_phiMA004_CDS_0035	Pharokka_phi6A_CDS_0029	98.753	401	819
Pharokka_phiMA004_CDS_0035	Pharokka_phi7A_CDS_0036	98.254	401	815
Pharokka_phiMA004_CDS_0035	Pharokka_PV_12_CDS_0037	98.005	401	813
Pharokka_phiMA004_CDS_0036	Pharokka_phiMA004_CDS_0036	100.000	67	138
Pharokka_phiMA004_CDS_0036	Pharokka_phiMA002_CDS_0036	100.000	67	138
Pharokka_phiMA004_CDS_0036	Pharokka_phiMA001_CDS_0036	100.000	67	138
Pharokka_phiMA004_CDS_0036	Pharokka_PV_12_CDS_0038	89.552	67	119
Pharokka_phiMA004_CDS_0036	Pharokka_PV_7BP_CDS_0030	97.959	49	100
Pharokka_phiMA004_CDS_0036	Pharokka_phi7A_CDS_0037	97.959	49	100
Pharokka_phiMA004_CDS_0036	Pharokka_phi6A_CDS_0030	97.959	49	100
Pharokka_phiMA004_CDS_0036	Pharokka_phi11_CDS_0032	95.918	49	98.6
Pharokka_phiMA004_CDS_0037	Pharokka_phiMA004_CDS_0037	100.000	181	369
Pharokka_phiMA004_CDS_0037	Pharokka_phiMA002_CDS_0037	100.000	181	369
Pharokka_phiMA004_CDS_0037	Pharokka_phiMA001_CDS_0037	100.000	181	369
Pharokka_phiMA004_CDS_0037	Pharokka_phi11_CDS_0033	100.000	181	369
Pharokka_phiMA004_CDS_0037	Pharokka_PV_12_CDS_0039	99.448	181	367
Pharokka_phiMA004_CDS_0037	Pharokka_PV_7BP_CDS_0031	99.448	181	367
Pharokka_phiMA004_CDS_0037	Pharokka_phi7A_CDS_0038	99.448	181	367
Pharokka_phiMA004_CDS_0037	Pharokka_phi6A_CDS_0031	99.448	181	367
Pharokka_phiMA004_CDS_0038	Pharokka_phiMA004_CDS_0038	100.000	657	1367
Pharokka_phiMA004_CDS_0038	Pharokka_phiMA002_CDS_0038	100.000	657	1367
Pharokka_phiMA004_CDS_0038	Pharokka_phiMA001_CDS_0038	100.000	657	1367
Pharokka_phiMA004_CDS_0038	Pharokka_PV_12_CDS_0040	99.848	657	1363
Pharokka_phiMA004_CDS_0038	Pharokka_phi11_CDS_0034	99.696	657	1362
Pharokka_phiMA004_CDS_0038	Pharokka_phi7A_CDS_0039	99.696	657	1360
Pharokka_phiMA004_CDS_0038	Pharokka_PV_7BP_CDS_0032	99.391	657	1359
Pharokka_phiMA004_CDS_0038	Pharokka_phi6A_CDS_0032	99.391	657	1359
Pharokka_phiMA004_CDS_0039	Pharokka_phiMA004_CDS_0039	100.000	799	1661
Pharokka_phiMA004_CDS_0039	Pharokka_phiMA002_CDS_0039	100.000	799	1661
Pharokka_phiMA004_CDS_0039	Pharokka_phiMA001_CDS_0039	100.000	799	1661
Pharokka_phiMA004_CDS_0039	Pharokka_PV_12_CDS_0041	99.875	799	1656
Pharokka_phiMA004_CDS_0039	Pharokka_phi11_CDS_0035	99.750	799	1655
Pharokka_phiMA004_CDS_0039	Pharokka_phi7A_CDS_0040	99.750	799	1652
Pharokka_phiMA004_CDS_0039	Pharokka_PV_7BP_CDS_0033	99.374	799	1652
Pharokka_phiMA004_CDS_0039	Pharokka_phi6A_CDS_0033	99.374	799	1652
Pharokka_phiMA004_CDS_0040	Pharokka_phiMA004_CDS_0040	100.000	71	143
Pharokka_phiMA004_CDS_0040	Pharokka_phiMA002_CDS_0040	100.000	71	143
Pharokka_phiMA004_CDS_0040	Pharokka_phiMA001_CDS_0040	100.000	71	143
Pharokka_phiMA004_CDS_0040	Pharokka_PV_12_CDS_0042	98.592	71	143
Pharokka_phiMA004_CDS_0040	Pharokka_PV_7BP_CDS_0034	98.592	71	143
Pharokka_phiMA004_CDS_0040	Pharokka_phi11_CDS_0036	98.592	71	143
Pharokka_phiMA004_CDS_0040	Pharokka_phi7A_CDS_0041	98.592	71	143
Pharokka_phiMA004_CDS_0040	Pharokka_phi6A_CDS_0034	98.592	71	143
Pharokka_phiMA004_CDS_0041	Pharokka_phiMA004_CDS_0041	100.000	101	204
Pharokka_phiMA004_CDS_0041	Pharokka_phiMA002_CDS_0041	100.000	101	204
Pharokka_phiMA004_CDS_0041	Pharokka_phiMA001_CDS_0041	100.000	101	204
Pharokka_phiMA004_CDS_0041	Pharokka_PV_12_CDS_0043	100.000	101	204
Pharokka_phiMA004_CDS_0041	Pharokka_PV_7BP_CDS_0035	100.000	101	204
Pharokka_phiMA004_CDS_0041	Pharokka_phi11_CDS_0037	100.000	101	204
Pharokka_phiMA004_CDS_0041	Pharokka_phi7A_CDS_0042	100.000	101	204
Pharokka_phiMA004_CDS_0041	Pharokka_phi6A_CDS_0035	100.000	101	204
Pharokka_phiMA004_CDS_0042	Pharokka_phiMA004_CDS_0042	100.000	479	994
Pharokka_phiMA004_CDS_0042	Pharokka_phiMA002_CDS_0042	100.000	479	994
Pharokka_phiMA004_CDS_0042	Pharokka_phiMA001_CDS_0042	100.000	479	994
Pharokka_phiMA004_CDS_0042	Pharokka_PV_12_CDS_0044	99.374	479	991
Pharokka_phiMA004_CDS_0042	Pharokka_phi11_CDS_0038	99.374	479	989
Pharokka_phiMA004_CDS_0042	Pharokka_PV_7BP_CDS_0036	99.374	479	988
Pharokka_phiMA004_CDS_0042	Pharokka_phi7A_CDS_0043	99.165	479	988
Pharokka_phiMA004_CDS_0042	Pharokka_phi6A_CDS_0036	99.374	479	988
Pharokka_phiMA004_CDS_0043	Pharokka_phiMA004_CDS_0043	100.000	168	341
Pharokka_phiMA004_CDS_0043	Pharokka_phiMA002_CDS_0043	100.000	168	341
Pharokka_phiMA004_CDS_0043	Pharokka_phiMA001_CDS_0043	100.000	168	341
Pharokka_phiMA004_CDS_0043	Pharokka_PV_12_CDS_0045	98.214	168	338
Pharokka_phiMA004_CDS_0043	Pharokka_PV_7BP_CDS_0037	97.619	168	334
Pharokka_phiMA004_CDS_0043	Pharokka_phi6A_CDS_0037	97.619	168	334
Pharokka_phiMA004_CDS_0043	Pharokka_phi11_CDS_0039	97.024	168	332
Pharokka_phiMA004_CDS_0043	Pharokka_phi7A_CDS_0044	97.024	168	332
Pharokka_phiMA004_CDS_0043	Pharokka_PV_12_CDS_0046	39.062	64	42.0
Pharokka_phiMA004_CDS_0043	Pharokka_phi7A_CDS_0045	39.683	63	41.6
Pharokka_phiMA004_CDS_0043	Pharokka_phiMA004_CDS_0044	39.683	63	41.2
Pharokka_phiMA004_CDS_0043	Pharokka_phiMA002_CDS_0044	39.683	63	41.2
Pharokka_phiMA004_CDS_0043	Pharokka_phiMA001_CDS_0044	39.683	63	41.2
Pharokka_phiMA004_CDS_0043	Pharokka_PV_7BP_CDS_0038	39.683	63	41.2
Pharokka_phiMA004_CDS_0043	Pharokka_phi11_CDS_0040	39.683	63	41.2
Pharokka_phiMA004_CDS_0043	Pharokka_phi6A_CDS_0038	39.683	63	41.2
Pharokka_phiMA004_CDS_0044	Pharokka_phiMA004_CDS_0044	100.000	73	148
Pharokka_phiMA004_CDS_0044	Pharokka_phiMA002_CDS_0044	100.000	73	148
Pharokka_phiMA004_CDS_0044	Pharokka_phiMA001_CDS_0044	100.000	73	148
Pharokka_phiMA004_CDS_0044	Pharokka_PV_7BP_CDS_0038	98.630	73	147
Pharokka_phiMA004_CDS_0044	Pharokka_phi11_CDS_0040	98.630	73	147
Pharokka_phiMA004_CDS_0044	Pharokka_phi6A_CDS_0038	98.630	73	147
Pharokka_phiMA004_CDS_0044	Pharokka_phi7A_CDS_0045	97.260	73	146
Pharokka_phiMA004_CDS_0044	Pharokka_PV_12_CDS_0046	98.630	73	145
Pharokka_phiMA004_CDS_0044	Pharokka_PV_12_CDS_0045	39.683	63	41.6
Pharokka_phiMA004_CDS_0044	Pharokka_phiMA004_CDS_0043	39.683	63	41.2
Pharokka_phiMA004_CDS_0044	Pharokka_phiMA002_CDS_0043	39.683	63	41.2
Pharokka_phiMA004_CDS_0044	Pharokka_phiMA001_CDS_0043	39.683	63	41.2
Pharokka_phiMA004_CDS_0044	Pharokka_phi11_CDS_0039	38.710	62	41.2
Pharokka_phiMA004_CDS_0044	Pharokka_phi7A_CDS_0044	38.710	62	41.2
Pharokka_phiMA004_CDS_0044	Pharokka_PV_7BP_CDS_0037	39.683	63	40.8
Pharokka_phiMA004_CDS_0044	Pharokka_phi6A_CDS_0037	39.683	63	40.8
Pharokka_phiMA004_CDS_0045	Pharokka_phiMA004_CDS_0045	100.000	595	1235
Pharokka_phiMA004_CDS_0045	Pharokka_phiMA002_CDS_0045	100.000	595	1235
Pharokka_phiMA004_CDS_0045	Pharokka_phiMA001_CDS_0045	100.000	595	1235
Pharokka_phiMA004_CDS_0045	Pharokka_PV_12_CDS_0047	96.807	595	1207
Pharokka_phiMA004_CDS_0045	Pharokka_phi11_CDS_0041	96.807	595	1206
Pharokka_phiMA004_CDS_0045	Pharokka_phi6A_CDS_0039	97.647	595	1206
Pharokka_phiMA004_CDS_0045	Pharokka_phi7A_CDS_0046	96.807	595	1204
Pharokka_phiMA004_CDS_0045	Pharokka_PV_7BP_CDS_0039	97.479	595	1203
Pharokka_phiMA004_CDS_0046	Pharokka_phiMA004_CDS_0046	100.000	223	458
Pharokka_phiMA004_CDS_0046	Pharokka_phiMA002_CDS_0046	100.000	223	458
Pharokka_phiMA004_CDS_0046	Pharokka_phiMA001_CDS_0046	100.000	223	458
Pharokka_phiMA004_CDS_0046	Pharokka_phi11_CDS_0042	100.000	223	458
Pharokka_phiMA004_CDS_0046	Pharokka_phi7A_CDS_0047	100.000	223	458
Pharokka_phiMA004_CDS_0046	Pharokka_PV_12_CDS_0048	99.552	223	455
Pharokka_phiMA004_CDS_0046	Pharokka_PV_7BP_CDS_0040	99.552	223	454
Pharokka_phiMA004_CDS_0046	Pharokka_phi6A_CDS_0040	99.552	223	454
Pharokka_phiMA004_CDS_0047	Pharokka_phiMA004_CDS_0047	100.000	253	529
Pharokka_phiMA004_CDS_0047	Pharokka_phiMA002_CDS_0047	100.000	253	529
Pharokka_phiMA004_CDS_0047	Pharokka_phiMA001_CDS_0047	100.000	253	529
Pharokka_phiMA004_CDS_0047	Pharokka_PV_12_CDS_0049	100.000	253	529
Pharokka_phiMA004_CDS_0047	Pharokka_PV_7BP_CDS_0041	100.000	253	529
Pharokka_phiMA004_CDS_0047	Pharokka_phi6A_CDS_0041	100.000	253	529
Pharokka_phiMA004_CDS_0047	Pharokka_phi7A_CDS_0048	99.605	253	528
Pharokka_phiMA004_CDS_0047	Pharokka_phi11_CDS_0043	99.605	253	527
Pharokka_phiMA004_CDS_0047	Pharokka_phi11_CDS_0047	32.215	149	60.8
Pharokka_phiMA004_CDS_0047	Pharokka_phi7A_CDS_0052	32.215	149	60.8
Pharokka_phiMA004_CDS_0047	Pharokka_PV_12_CDS_0053	32.215	149	60.8
Pharokka_phiMA004_CDS_0047	Pharokka_phiMA004_CDS_0051	32.215	149	59.3
Pharokka_phiMA004_CDS_0047	Pharokka_phiMA002_CDS_0051	32.215	149	59.3
Pharokka_phiMA004_CDS_0047	Pharokka_phiMA001_CDS_0051	32.215	149	59.3
Pharokka_phiMA004_CDS_0047	Pharokka_PV_7BP_CDS_0047	31.852	135	57.8
Pharokka_phiMA004_CDS_0047	Pharokka_phi6A_CDS_0047	31.852	135	57.8
Pharokka_phiMA004_CDS_0048	Pharokka_phiMA004_CDS_0048	100.000	87	170
Pharokka_phiMA004_CDS_0048	Pharokka_phiMA002_CDS_0048	100.000	87	170
Pharokka_phiMA004_CDS_0048	Pharokka_phiMA001_CDS_0048	100.000	87	170
Pharokka_phiMA004_CDS_0048	Pharokka_PV_7BP_CDS_0042	98.851	87	169
Pharokka_phiMA004_CDS_0048	Pharokka_phi11_CDS_0044	98.851	87	169
Pharokka_phiMA004_CDS_0048	Pharokka_phi7A_CDS_0049	98.851	87	169
Pharokka_phiMA004_CDS_0048	Pharokka_phi6A_CDS_0042	98.851	87	169
Pharokka_phiMA004_CDS_0048	Pharokka_PV_12_CDS_0050	97.701	87	167
Pharokka_phiMA004_CDS_0049	Pharokka_phiMA004_CDS_0049	100.000	181	367
Pharokka_phiMA004_CDS_0049	Pharokka_phiMA002_CDS_0049	100.000	181	367
Pharokka_phiMA004_CDS_0049	Pharokka_phiMA001_CDS_0049	100.000	181	367
Pharokka_phiMA004_CDS_0049	Pharokka_PV_12_CDS_0051	100.000	181	367
Pharokka_phiMA004_CDS_0049	Pharokka_PV_7BP_CDS_0043	100.000	181	367
Pharokka_phiMA004_CDS_0049	Pharokka_phi11_CDS_0045	100.000	181	367
Pharokka_phiMA004_CDS_0049	Pharokka_phi6A_CDS_0043	100.000	181	367
Pharokka_phiMA004_CDS_0049	Pharokka_phi7A_CDS_0050	98.895	181	365
Pharokka_phiMA004_CDS_0050	Pharokka_phiMA004_CDS_0050	100.000	167	346
Pharokka_phiMA004_CDS_0050	Pharokka_phiMA002_CDS_0050	100.000	167	346
Pharokka_phiMA004_CDS_0050	Pharokka_phiMA001_CDS_0050	100.000	167	346
Pharokka_phiMA004_CDS_0050	Pharokka_PV_12_CDS_0052	91.617	167	320
Pharokka_phiMA004_CDS_0050	Pharokka_PV_7BP_CDS_0044	91.617	167	320
Pharokka_phiMA004_CDS_0050	Pharokka_phi6A_CDS_0044	91.617	167	320
Pharokka_phiMA004_CDS_0050	Pharokka_phi11_CDS_0046	91.617	167	320
Pharokka_phiMA004_CDS_0050	Pharokka_phi7A_CDS_0051	88.623	167	313
Pharokka_phiMA004_CDS_0051	Pharokka_phiMA004_CDS_0051	100.000	226	476
Pharokka_phiMA004_CDS_0051	Pharokka_phiMA002_CDS_0051	100.000	226	476
Pharokka_phiMA004_CDS_0051	Pharokka_phiMA001_CDS_0051	100.000	226	476
Pharokka_phiMA004_CDS_0051	Pharokka_phi11_CDS_0047	96.903	226	461
Pharokka_phiMA004_CDS_0051	Pharokka_phi7A_CDS_0052	96.903	226	461
Pharokka_phiMA004_CDS_0051	Pharokka_PV_12_CDS_0053	96.460	226	460
Pharokka_phiMA004_CDS_0051	Pharokka_PV_7BP_CDS_0047	96.018	226	456
Pharokka_phiMA004_CDS_0051	Pharokka_phi6A_CDS_0047	96.018	226	456
Pharokka_phiMA004_CDS_0051	Pharokka_phi7A_CDS_0048	32.215	149	59.3
Pharokka_phiMA004_CDS_0051	Pharokka_phiMA004_CDS_0047	32.215	149	59.3
Pharokka_phiMA004_CDS_0051	Pharokka_phiMA002_CDS_0047	32.215	149	59.3
Pharokka_phiMA004_CDS_0051	Pharokka_phiMA001_CDS_0047	32.215	149	59.3
Pharokka_phiMA004_CDS_0051	Pharokka_PV_12_CDS_0049	32.215	149	59.3
Pharokka_phiMA004_CDS_0051	Pharokka_PV_7BP_CDS_0041	32.215	149	59.3
Pharokka_phiMA004_CDS_0051	Pharokka_phi11_CDS_0043	32.215	149	59.3
Pharokka_phiMA004_CDS_0051	Pharokka_phi6A_CDS_0041	32.215	149	59.3
Pharokka_phiMA004_CDS_0052	Pharokka_phiMA004_CDS_0052	100.000	63	126
Pharokka_phiMA004_CDS_0052	Pharokka_phiMA002_CDS_0052	100.000	63	126
Pharokka_phiMA004_CDS_0052	Pharokka_phiMA001_CDS_0052	100.000	63	126
Pharokka_phiMA004_CDS_0052	Pharokka_phi11_CDS_0048	96.825	63	123
Pharokka_phiMA004_CDS_0052	Pharokka_PV_12_CDS_0054	95.238	63	121
Pharokka_phiMA004_CDS_0052	Pharokka_PV_7BP_CDS_0048	95.238	63	121
Pharokka_phiMA004_CDS_0052	Pharokka_phi7A_CDS_0053	95.238	63	121
Pharokka_phiMA004_CDS_0052	Pharokka_phi6A_CDS_0048	95.238	63	121
Pharokka_phiMA004_CDS_0053	Pharokka_phiMA004_CDS_0053	100.000	302	617
Pharokka_phiMA004_CDS_0053	Pharokka_phiMA002_CDS_0053	100.000	302	617
Pharokka_phiMA004_CDS_0053	Pharokka_phiMA001_CDS_0053	100.000	302	617
Pharokka_phiMA004_CDS_0053	Pharokka_PV_12_CDS_0055	100.000	302	617
Pharokka_phiMA004_CDS_0053	Pharokka_phi7A_CDS_0054	99.669	302	614
Pharokka_phiMA004_CDS_0053	Pharokka_PV_7BP_CDS_0049	100.000	300	613
Pharokka_phiMA004_CDS_0053	Pharokka_phi11_CDS_0049	99.338	302	613
Pharokka_phiMA004_CDS_0053	Pharokka_phi6A_CDS_0049	100.000	300	613
Pharokka_phiMA004_CDS_0054	Pharokka_phiMA004_CDS_0054	100.000	148	305
Pharokka_phiMA004_CDS_0054	Pharokka_phiMA002_CDS_0054	100.000	148	305
Pharokka_phiMA004_CDS_0054	Pharokka_phiMA001_CDS_0054	100.000	148	305
Pharokka_phiMA004_CDS_0054	Pharokka_PV_12_CDS_0056	98.649	148	304
Pharokka_phiMA004_CDS_0054	Pharokka_phi7A_CDS_0055	98.649	148	303
Pharokka_phiMA004_CDS_0054	Pharokka_phi11_CDS_0050	98.649	148	302
Pharokka_phiMA004_CDS_0054	Pharokka_PV_7BP_CDS_0050	95.270	148	298
Pharokka_phiMA004_CDS_0054	Pharokka_phi6A_CDS_0050	95.270	148	298
Pharokka_phiMA004_CDS_0055	Pharokka_phiMA004_CDS_0055	100.000	104	202
Pharokka_phiMA004_CDS_0055	Pharokka_phiMA002_CDS_0055	100.000	104	202
Pharokka_phiMA004_CDS_0055	Pharokka_phiMA001_CDS_0055	100.000	104	202
Pharokka_phiMA004_CDS_0055	Pharokka_PV_12_CDS_0057	100.000	104	202
Pharokka_phiMA004_CDS_0055	Pharokka_phi11_CDS_0051	100.000	104	202
Pharokka_phiMA004_CDS_0055	Pharokka_phi7A_CDS_0056	98.077	104	200
Pharokka_phiMA004_CDS_0055	Pharokka_PV_7BP_CDS_0051	94.231	104	195
Pharokka_phiMA004_CDS_0055	Pharokka_phi6A_CDS_0051	94.231	104	195
Pharokka_phiMA004_CDS_0056	Pharokka_phiMA004_CDS_0056	100.000	36	77.8
Pharokka_phiMA004_CDS_0056	Pharokka_phiMA002_CDS_0056	100.000	36	77.8
Pharokka_phiMA004_CDS_0056	Pharokka_phiMA001_CDS_0056	100.000	36	77.8
Pharokka_phiMA004_CDS_0056	Pharokka_phi11_CDS_0052	100.000	36	77.8
Pharokka_phiMA004_CDS_0056	Pharokka_PV_12_CDS_0058	100.000	32	69.3
Pharokka_phiMA004_CDS_0057	Pharokka_phiMA004_CDS_0057	100.000	34	65.9
Pharokka_phiMA004_CDS_0057	Pharokka_phiMA002_CDS_0057	100.000	34	65.9
Pharokka_phiMA004_CDS_0057	Pharokka_phiMA001_CDS_0057	100.000	34	65.9
Pharokka_phiMA004_CDS_0057	Pharokka_phi11_CDS_0053	100.000	34	65.9
Pharokka_phiMA004_CDS_0057	Pharokka_phi7A_CDS_0058	100.000	34	65.9
Pharokka_phiMA004_CDS_0057	Pharokka_PV_7BP_CDS_0053	94.118	34	61.2
Pharokka_phiMA004_CDS_0057	Pharokka_phi6A_CDS_0053	94.118	34	61.2
Pharokka_phiMA004_CDS_0058	Pharokka_phiMA004_CDS_0058	100.000	31	63.9
Pharokka_phiMA004_CDS_0058	Pharokka_phiMA002_CDS_0058	100.000	31	63.9
Pharokka_phiMA004_CDS_0058	Pharokka_phiMA001_CDS_0058	100.000	31	63.9
Pharokka_phiMA004_CDS_0058	Pharokka_PV_12_CDS_0060	93.548	31	60.8
Pharokka_phiMA004_CDS_0059	Pharokka_phiMA004_CDS_0059	100.000	381	756
Pharokka_phiMA004_CDS_0059	Pharokka_phiMA002_CDS_0059	100.000	381	756
Pharokka_phiMA004_CDS_0059	Pharokka_phiMA001_CDS_0059	100.000	381	756
Pharokka_phiMA004_CDS_0059	Pharokka_phi7A_CDS_0059	98.688	381	742
Pharokka_phiMA004_CDS_0059	Pharokka_PV_7BP_CDS_0054	98.688	381	741
Pharokka_phiMA004_CDS_0059	Pharokka_phi6A_CDS_0054	98.688	381	741
Pharokka_phiMA004_CDS_0059	Pharokka_phi11_CDS_0054	98.163	381	733
Pharokka_phiMA004_CDS_0059	Pharokka_PV_12_CDS_0062	96.850	381	726
Pharokka_phiMA004_CDS_0060	Pharokka_phiMA004_CDS_0060	100.000	38	79.0
Pharokka_phiMA004_CDS_0060	Pharokka_phiMA002_CDS_0060	100.000	38	79.0
Pharokka_phiMA004_CDS_0060	Pharokka_phiMA001_CDS_0060	100.000	38	79.0
Pharokka_phiMA004_CDS_0060	Pharokka_PV_12_CDS_0063	97.368	38	77.4
Pharokka_phiMA004_CDS_0060	Pharokka_phi11_CDS_0055	97.368	38	75.1
Pharokka_phiMA004_CDS_0060	Pharokka_phi7A_CDS_0060	97.368	38	75.1
Pharokka_phiMA004_CDS_0061	Pharokka_phiMA004_CDS_0061	100.000	51	99.8
Pharokka_phiMA004_CDS_0061	Pharokka_phiMA002_CDS_0061	100.000	51	99.8
Pharokka_phiMA004_CDS_0061	Pharokka_phiMA001_CDS_0061	100.000	51	99.8
Pharokka_phiMA004_CDS_0061	Pharokka_phi7A_CDS_0061	94.000	50	91.7
Pharokka_phiMA004_CDS_0061	Pharokka_phi11_CDS_0056	94.000	50	89.7
Pharokka_phiMA004_CDS_0062	Pharokka_phiMA004_CDS_0062	100.000	48	99.4
Pharokka_phiMA004_CDS_0062	Pharokka_phiMA002_CDS_0062	100.000	48	99.4
Pharokka_phiMA004_CDS_0062	Pharokka_phiMA001_CDS_0062	100.000	48	99.4
Pharokka_phiMA004_CDS_0062	Pharokka_phi11_CDS_0057	95.833	48	94.4
Pharokka_phiMA004_CDS_0062	Pharokka_PV_12_CDS_0065	87.097	31	58.5
Pharokka_phiMA004_CDS_0063	Pharokka_phiMA004_CDS_0063	100.000	69	143
Pharokka_phiMA004_CDS_0063	Pharokka_phiMA002_CDS_0063	100.000	69	143
Pharokka_phiMA004_CDS_0063	Pharokka_phiMA001_CDS_0063	100.000	69	143
Pharokka_phiMA004_CDS_0063	Pharokka_phi11_CDS_0058	100.000	69	143
Pharokka_phiMA004_CDS_0064	Pharokka_phiMA004_CDS_0064	100.000	46	95.5
Pharokka_phiMA004_CDS_0064	Pharokka_phiMA002_CDS_0064	100.000	46	95.5
Pharokka_phiMA004_CDS_0064	Pharokka_phiMA001_CDS_0064	100.000	46	95.5
Pharokka_phiMA004_CDS_0065	Pharokka_phiMA004_CDS_0065	100.000	266	543
Pharokka_phiMA004_CDS_0065	Pharokka_phiMA002_CDS_0065	100.000	266	543
Pharokka_phiMA004_CDS_0065	Pharokka_phiMA001_CDS_0065	100.000	266	543
Pharokka_phiMA004_CDS_0065	Pharokka_phi7A_CDS_0063	93.609	266	506
Pharokka_phiMA004_CDS_0065	Pharokka_phi11_CDS_0059	93.985	266	504
Pharokka_phiMA004_CDS_0065	Pharokka_PV_12_CDS_0066	92.481	266	497
Pharokka_phiMA004_CDS_0065	Pharokka_phi6A_CDS_0057	90.602	266	485
Pharokka_phiMA004_CDS_0065	Pharokka_PV_7BP_CDS_0057	90.226	266	484
Pharokka_phiMA004_CDS_0066	Pharokka_phiMA004_CDS_0066	100.000	43	90.1
Pharokka_phiMA004_CDS_0066	Pharokka_phiMA002_CDS_0066	100.000	43	90.1
Pharokka_phiMA004_CDS_0066	Pharokka_phiMA001_CDS_0066	100.000	43	90.1
Pharokka_phiMA004_CDS_0066	Pharokka_PV_7BP_CDS_0058	100.000	43	90.1
Pharokka_phiMA004_CDS_0066	Pharokka_phi11_CDS_0060	100.000	43	90.1
Pharokka_phiMA004_CDS_0066	Pharokka_phi7A_CDS_0064	100.000	43	90.1
Pharokka_phiMA004_CDS_0066	Pharokka_phi6A_CDS_0058	100.000	43	90.1
Pharokka_phiMA004_CDS_0066	Pharokka_PV_12_CDS_0067	97.674	43	88.6
Pharokka_phiMA004_CDS_0067	Pharokka_phiMA004_CDS_0067	100.000	45	86.7
Pharokka_phiMA004_CDS_0067	Pharokka_phiMA002_CDS_0067	100.000	45	86.7
Pharokka_phiMA004_CDS_0067	Pharokka_phiMA001_CDS_0067	100.000	45	86.7
Pharokka_phiMA004_CDS_0067	Pharokka_PV_12_CDS_0068	97.778	45	85.1
Pharokka_phiMA004_CDS_0067	Pharokka_PV_7BP_CDS_0059	97.778	45	85.1
Pharokka_phiMA004_CDS_0067	Pharokka_phi11_CDS_0061	97.778	45	85.1
Pharokka_phiMA004_CDS_0067	Pharokka_phi7A_CDS_0065	97.778	45	85.1
Pharokka_phiMA004_CDS_0067	Pharokka_phi6A_CDS_0059	97.778	45	85.1
Pharokka_phiMA004_CDS_0068	Pharokka_phiMA004_CDS_0068	100.000	36	76.3
Pharokka_phiMA004_CDS_0068	Pharokka_phiMA002_CDS_0068	100.000	36	76.3
Pharokka_phiMA004_CDS_0068	Pharokka_phiMA001_CDS_0068	100.000	36	76.3
Pharokka_phiMA004_CDS_0068	Pharokka_PV_7BP_CDS_0060	100.000	36	76.3
Pharokka_phiMA004_CDS_0068	Pharokka_phi11_CDS_0062	100.000	36	76.3
Pharokka_phiMA004_CDS_0068	Pharokka_phi6A_CDS_0060	100.000	36	76.3
Pharokka_phiMA004_CDS_0068	Pharokka_PV_12_CDS_0069	97.222	36	73.6
Pharokka_phiMA004_CDS_0068	Pharokka_phi7A_CDS_0066	97.222	36	73.6
Pharokka_phiMA004_CDS_0069	Pharokka_phiMA004_CDS_0069	100.000	37	80.1
Pharokka_phiMA004_CDS_0069	Pharokka_phiMA002_CDS_0069	100.000	37	80.1
Pharokka_phiMA004_CDS_0069	Pharokka_phiMA001_CDS_0069	100.000	37	80.1
Pharokka_phiMA004_CDS_0069	Pharokka_PV_12_CDS_0070	100.000	37	80.1
Pharokka_phiMA004_CDS_0069	Pharokka_phi11_CDS_0063	100.000	37	80.1
Pharokka_phiMA004_CDS_0069	Pharokka_PV_7BP_CDS_0061	97.297	37	79.0
Pharokka_phiMA004_CDS_0069	Pharokka_phi6A_CDS_0061	97.297	37	79.0
Pharokka_phiMA004_CDS_0070	Pharokka_phiMA004_CDS_0070	100.000	34	72.4
Pharokka_phiMA004_CDS_0070	Pharokka_phiMA004_CDS_0071	96.774	31	64.7
Pharokka_phiMA004_CDS_0070	Pharokka_phiMA002_CDS_0070	96.774	31	64.7
Pharokka_phiMA004_CDS_0070	Pharokka_phiMA001_CDS_0070	96.774	31	64.7
Pharokka_phiMA004_CDS_0070	Pharokka_phi11_CDS_0064	93.548	31	62.8
Pharokka_phiMA004_CDS_0070	Pharokka_PV_12_CDS_0071	83.871	31	53.9
Pharokka_phiMA004_CDS_0070	Pharokka_PV_7BP_CDS_0063	74.194	31	50.4
Pharokka_phiMA004_CDS_0070	Pharokka_phi6A_CDS_0062	74.194	31	49.7
Pharokka_phiMA004_CDS_0070	Pharokka_phi6A_CDS_0063	74.194	31	49.7
Pharokka_phiMA004_CDS_0070	Pharokka_phi6A_CDS_0064	70.968	31	47.0
Pharokka_phiMA004_CDS_0070	Pharokka_PV_7BP_CDS_0062	70.968	31	46.2
Pharokka_phiMA004_CDS_0071	Pharokka_phiMA004_CDS_0071	100.000	34	70.9
Pharokka_phiMA004_CDS_0071	Pharokka_phiMA002_CDS_0070	100.000	34	70.9
Pharokka_phiMA004_CDS_0071	Pharokka_phiMA001_CDS_0070	100.000	34	70.9
Pharokka_phiMA004_CDS_0071	Pharokka_phi11_CDS_0064	97.059	34	68.9
Pharokka_phiMA004_CDS_0071	Pharokka_phiMA004_CDS_0070	96.774	31	64.7
Pharokka_phiMA004_CDS_0071	Pharokka_PV_12_CDS_0071	88.235	34	60.5
Pharokka_phiMA004_CDS_0071	Pharokka_PV_7BP_CDS_0063	79.412	34	57.0
Pharokka_phiMA004_CDS_0071	Pharokka_phi6A_CDS_0062	79.412	34	56.6
Pharokka_phiMA004_CDS_0071	Pharokka_phi6A_CDS_0063	79.412	34	56.2
Pharokka_phiMA004_CDS_0071	Pharokka_phi6A_CDS_0064	76.471	34	53.5
Pharokka_phiMA004_CDS_0071	Pharokka_PV_7BP_CDS_0062	76.471	34	52.8
Pharokka_phiMA004_CDS_0072	Pharokka_phiMA004_CDS_0072	100.000	39	80.1
Pharokka_phiMA004_CDS_0072	Pharokka_phiMA002_CDS_0071	100.000	39	80.1
Pharokka_phiMA004_CDS_0072	Pharokka_phiMA001_CDS_0071	100.000	39	80.1
Pharokka_phiMA004_CDS_0072	Pharokka_PV_12_CDS_0072	94.872	39	75.1
Pharokka_phiMA004_CDS_0072	Pharokka_phi11_CDS_0065	94.872	39	75.1
Pharokka_phiMA004_CDS_0072	Pharokka_phi6A_CDS_0065	94.872	39	75.1
Pharokka_phiMA004_CDS_0073	Pharokka_phiMA004_CDS_0073	100.000	44	87.8
Pharokka_phiMA004_CDS_0073	Pharokka_phiMA002_CDS_0072	100.000	44	87.8
Pharokka_phiMA004_CDS_0073	Pharokka_phiMA001_CDS_0072	100.000	44	87.8
Pharokka_phiMA004_CDS_0073	Pharokka_phi11_CDS_0066	95.455	44	84.3
Pharokka_phiMA004_CDS_0073	Pharokka_phi7A_CDS_0069	95.455	44	84.3
Pharokka_phiMA004_CDS_0073	Pharokka_PV_7BP_CDS_0065	93.182	44	82.8
Pharokka_phiMA004_CDS_0073	Pharokka_PV_12_CDS_0073	90.909	44	78.6
Pharokka_phiMA004_CDS_0074	Pharokka_phiMA004_CDS_0074	100.000	39	83.2
Pharokka_phiMA004_CDS_0074	Pharokka_phiMA002_CDS_0073	100.000	39	83.2
Pharokka_phiMA004_CDS_0074	Pharokka_phiMA001_CDS_0073	100.000	39	83.2
Pharokka_phiMA004_CDS_0074	Pharokka_PV_12_CDS_0074	100.000	39	83.2
Pharokka_phiMA004_CDS_0074	Pharokka_phi11_CDS_0067	97.436	39	81.6
Pharokka_phiMA004_CDS_0074	Pharokka_phi7A_CDS_0070	97.436	39	81.6
Pharokka_phiMA004_CDS_0075	Pharokka_phiMA004_CDS_0075	100.000	44	89.0
Pharokka_phiMA004_CDS_0075	Pharokka_phiMA002_CDS_0074	100.000	44	89.0
Pharokka_phiMA004_CDS_0075	Pharokka_phiMA001_CDS_0074	100.000	44	89.0
Pharokka_phiMA004_CDS_0075	Pharokka_PV_12_CDS_0075	97.727	44	87.4
Pharokka_phiMA004_CDS_0075	Pharokka_phi11_CDS_0068	97.727	44	85.5
Pharokka_phiMA004_CDS_0075	Pharokka_phi7A_CDS_0071	97.727	44	85.5
Pharokka_phiMA004_CDS_0076	Pharokka_phiMA004_CDS_0076	100.000	236	476
Pharokka_phiMA004_CDS_0076	Pharokka_phiMA002_CDS_0075	100.000	236	476
Pharokka_phiMA004_CDS_0076	Pharokka_phiMA001_CDS_0075	100.000	236	476
Pharokka_phiMA004_CDS_0076	Pharokka_PV_12_CDS_0076	100.000	236	476
Pharokka_phiMA004_CDS_0076	Pharokka_PV_7BP_CDS_0068	100.000	236	476
Pharokka_phiMA004_CDS_0076	Pharokka_phi11_CDS_0069	100.000	236	476
Pharokka_phiMA004_CDS_0076	Pharokka_phi7A_CDS_0072	100.000	236	476
Pharokka_phiMA004_CDS_0076	Pharokka_phi6A_CDS_0069	100.000	236	476
Pharokka_phiMA004_CDS_0077	Pharokka_phiMA004_CDS_0077	100.000	247	504
Pharokka_phiMA004_CDS_0077	Pharokka_phiMA002_CDS_0076	100.000	247	504
Pharokka_phiMA004_CDS_0077	Pharokka_phiMA001_CDS_0076	100.000	247	504
Pharokka_phiMA004_CDS_0077	Pharokka_PV_12_CDS_0077	99.190	247	501
Pharokka_phiMA004_CDS_0077	Pharokka_phi11_CDS_0070	99.190	247	501
Pharokka_phiMA004_CDS_0077	Pharokka_phi7A_CDS_0073	93.117	247	477
Pharokka_phiMA004_CDS_0077	Pharokka_PV_7BP_CDS_0069	33.990	203	106
Pharokka_phiMA004_CDS_0077	Pharokka_phi6A_CDS_0070	33.990	203	106
